data_file,variable,label,type
F1 CS_EICV7_poverty_file,hhid,Household Identification,contin
F1 CS_EICV7_poverty_file,clust,Clust,contin
F1 CS_EICV7_poverty_file,province,Province,discrete
F1 CS_EICV7_poverty_file,district,District,discrete
F1 CS_EICV7_poverty_file,ur,Area of Residence,discrete
F1 CS_EICV7_poverty_file,ae,hhsize A/E (adult equivalent),contin
F1 CS_EICV7_poverty_file,member,hhsize,discrete
F1 CS_EICV7_poverty_file,Food_at_school,Education Expenses/Food at School,contin
F1 CS_EICV7_poverty_file,exp1,Total Education Expenditures,contin
F1 CS_EICV7_poverty_file,exp2,Imputed Rents,contin
F1 CS_EICV7_poverty_file,exp3,Actual Rents,contin
F1 CS_EICV7_poverty_file,exp4,Water expenses,contin
F1 CS_EICV7_poverty_file,exp5,Electricity expenses,contin
F1 CS_EICV7_poverty_file,exp6,Annual Non food Expenditures,contin
F1 CS_EICV7_poverty_file,exp7,Monthly Non food Expenditures,contin
F1 CS_EICV7_poverty_file,exp8,Frequent Non Food Expenditures,contin
F1 CS_EICV7_poverty_file,exp9,Food Consumption/Home,contin
F1 CS_EICV7_poverty_file,exp10,Food outside Home Expenditures,contin
F1 CS_EICV7_poverty_file,exp11,Use values of durable goods,contin
F1 CS_EICV7_poverty_file,hh_index,Household Index,contin
F1 CS_EICV7_poverty_file,weight,Household Weight,contin
F1 CS_EICV7_poverty_file,pop_wt,Population Weight,contin
F1 CS_EICV7_poverty_file,sol_jan,Aggregate Consumption/ae in Jan 2024 Prices,contin
F1 CS_EICV7_poverty_file,quintile,Quintiles of real consumption per ae,discrete
F1 CS_EICV7_poverty_file,food,Total food expenditures,contin
F1 CS_EICV7_poverty_file,cons1,Aggregate Consumption,contin
F1 CS_EICV7_poverty_file,cons1ae,Aggregate Consumption/ae,contin
F1 CS_EICV7_poverty_file,pov_jan,Total Poverty Headcount Ratio,discrete
F1 CS_EICV7_poverty_file,poverty,Welfare Categories,discrete
F1 CS_EICV7_poverty_file,epov_jan,Extreme Poverty Headcount Ratio,discrete
F1 CS_EICV7_poverty_file,Poverty_line,Value of Povertyline in Jan/2024 Prices,discrete
F1 CS_EICV7_poverty_file,Extreme_line,Value of Food Povertyline in Jan/2024 Prices,discrete
F2 CS_S0_S1_S2_S3_S4_S6A_S6B_S6C_Person,hhid,Household Identification,contin
F2 CS_S0_S1_S2_S3_S4_S6A_S6B_S6C_Person,clust,Clust,contin
F2 CS_S0_S1_S2_S3_S4_S6A_S6B_S6C_Person,province,Province,discrete
F2 CS_S0_S1_S2_S3_S4_S6A_S6B_S6C_Person,district,District,discrete
F2 CS_S0_S1_S2_S3_S4_S6A_S6B_S6C_Person,ur,Residence area,discrete
F2 CS_S0_S1_S2_S3_S4_S6A_S6B_S6C_Person,pid,Person ID Number (EICV7),discrete
F2 CS_S0_S1_S2_S3_S4_S6A_S6B_S6C_Person,s1q1,Sex,discrete
F2 CS_S0_S1_S2_S3_S4_S6A_S6B_S6C_Person,s1q2,Relation with the head of household,discrete
F2 CS_S0_S1_S2_S3_S4_S6A_S6B_S6C_Person,s1q3y,Age (Years),discrete
F2 CS_S0_S1_S2_S3_S4_S6A_S6B_S6C_Person,s1q3m,Age (Months),discrete
F2 CS_S0_S1_S2_S3_S4_S6A_S6B_S6C_Person,s1q4,Marital status,discrete
F2 CS_S0_S1_S2_S3_S4_S6A_S6B_S6C_Person,s1q5a,Country of birth,discrete
F2 CS_S0_S1_S2_S3_S4_S6A_S6B_S6C_Person,s1q5b,District of birth,discrete
F2 CS_S0_S1_S2_S3_S4_S6A_S6B_S6C_Person,s1q6,Nationality,discrete
F2 CS_S0_S1_S2_S3_S4_S6A_S6B_S6C_Person,s1q7a,Absent during past 12 months,discrete
F2 CS_S0_S1_S2_S3_S4_S6A_S6B_S6C_Person,s1q7,Months away from household during past 12 months,discrete
F2 CS_S0_S1_S2_S3_S4_S6A_S6B_S6C_Person,s1q8,Primary reason of absence in last 12 months,discrete
F2 CS_S0_S1_S2_S3_S4_S6A_S6B_S6C_Person,s1q9,Resident of another household in last 12 months,discrete
F2 CS_S0_S1_S2_S3_S4_S6A_S6B_S6C_Person,s1q10,Will be resident during enumeration period,discrete
F2 CS_S0_S1_S2_S3_S4_S6A_S6B_S6C_Person,s1q11,Primary reason for absence during enumeration,discrete
F2 CS_S0_S1_S2_S3_S4_S6A_S6B_S6C_Person,s1q12,Father still alive,discrete
F2 CS_S0_S1_S2_S3_S4_S6A_S6B_S6C_Person,s1q13,Mother still alive,discrete
F2 CS_S0_S1_S2_S3_S4_S6A_S6B_S6C_Person,s1q14,Household membership,discrete
F2 CS_S0_S1_S2_S3_S4_S6A_S6B_S6C_Person,s2q2,Always lived in the district,discrete
F2 CS_S0_S1_S2_S3_S4_S6A_S6B_S6C_Person,s2q3y,Duration since last move (years),discrete
F2 CS_S0_S1_S2_S3_S4_S6A_S6B_S6C_Person,s2q3m,Duration since last move (months),discrete
F2 CS_S0_S1_S2_S3_S4_S6A_S6B_S6C_Person,s2q4a,Country lived prior to current place,discrete
F2 CS_S0_S1_S2_S3_S4_S6A_S6B_S6C_Person,s2q4b,District lived prior to current place,discrete
F2 CS_S0_S1_S2_S3_S4_S6A_S6B_S6C_Person,s2q5,Kind of place lived prior to current place,discrete
F2 CS_S0_S1_S2_S3_S4_S6A_S6B_S6C_Person,s2q6,Duration lived in previous location (years),discrete
F2 CS_S0_S1_S2_S3_S4_S6A_S6B_S6C_Person,s2q7,Primary reason for moving,discrete
F2 CS_S0_S1_S2_S3_S4_S6A_S6B_S6C_Person,s2q8,Move alone or with other household members,discrete
F2 CS_S0_S1_S2_S3_S4_S6A_S6B_S6C_Person,s3q2,Currently covered by any health insurance,discrete
F2 CS_S0_S1_S2_S3_S4_S6A_S6B_S6C_Person,s3q3,Main health insurance carried,discrete
F2 CS_S0_S1_S2_S3_S4_S6A_S6B_S6C_Person,s3q4,Illness or injury over last 4 weeks,discrete
F2 CS_S0_S1_S2_S3_S4_S6A_S6B_S6C_Person,s3q5,Medical consultation over last 4 weeks,discrete
F2 CS_S0_S1_S2_S3_S4_S6A_S6B_S6C_Person,s3q5a,Why not consult any medical professional,discrete
F2 CS_S0_S1_S2_S3_S4_S6A_S6B_S6C_Person,s3q6,Main reason for medical consultation,discrete
F2 CS_S0_S1_S2_S3_S4_S6A_S6B_S6C_Person,s3q7,Difficulty in seeing,discrete
F2 CS_S0_S1_S2_S3_S4_S6A_S6B_S6C_Person,s3q8,Difficulty hearing,discrete
F2 CS_S0_S1_S2_S3_S4_S6A_S6B_S6C_Person,s3q9,Difficulty in moving,discrete
F2 CS_S0_S1_S2_S3_S4_S6A_S6B_S6C_Person,s3q10,Difficulty in remembering or concentrating,discrete
F2 CS_S0_S1_S2_S3_S4_S6A_S6B_S6C_Person,s3q11,Difficulty communicating,discrete
F2 CS_S0_S1_S2_S3_S4_S6A_S6B_S6C_Person,s3q12,Difficulty in self-care,discrete
F2 CS_S0_S1_S2_S3_S4_S6A_S6B_S6C_Person,s4aq1,Ever been to school or organized learning,discrete
F2 CS_S0_S1_S2_S3_S4_S6A_S6B_S6C_Person,s4aq1a,Main reason never attended school,discrete
F2 CS_S0_S1_S2_S3_S4_S6A_S6B_S6C_Person,s4aq2,Highest class successfully attended,discrete
F2 CS_S0_S1_S2_S3_S4_S6A_S6B_S6C_Person,s4aq2a,Years of school completed at that level,discrete
F2 CS_S0_S1_S2_S3_S4_S6A_S6B_S6C_Person,s4aq3,Highest diploma/certificate/degree obtained,discrete
F2 CS_S0_S1_S2_S3_S4_S6A_S6B_S6C_Person,s4aq6a,Class attended in 2022/2023,discrete
F2 CS_S0_S1_S2_S3_S4_S6A_S6B_S6C_Person,s4aq6b,Class attended in 2023/2024,discrete
F2 CS_S0_S1_S2_S3_S4_S6A_S6B_S6C_Person,s4aq6c,Class attended in 2024/2025,discrete
F2 CS_S0_S1_S2_S3_S4_S6A_S6B_S6C_Person,s4aq6d,Cause of repeating 2023 class in 2024,discrete
F2 CS_S0_S1_S2_S3_S4_S6A_S6B_S6C_Person,s4aq7,Attended school in last 12 months,discrete
F2 CS_S0_S1_S2_S3_S4_S6A_S6B_S6C_Person,s4aq8,Highest level of education attended in last 12 months,discrete
F2 CS_S0_S1_S2_S3_S4_S6A_S6B_S6C_Person,s4aq8a,Highest class attended in last 12 months,discrete
F2 CS_S0_S1_S2_S3_S4_S6A_S6B_S6C_Person,s4aq8b,Boarding School,discrete
F2 CS_S0_S1_S2_S3_S4_S6A_S6B_S6C_Person,s4aq9,Age when studying in reported class,contin
F2 CS_S0_S1_S2_S3_S4_S6A_S6B_S6C_Person,s4aq10,Reason for delaying start of school,discrete
F2 CS_S0_S1_S2_S3_S4_S6A_S6B_S6C_Person,s4aq11,Type of school,discrete
F2 CS_S0_S1_S2_S3_S4_S6A_S6B_S6C_Person,s4aq14a,Registration and school fees,discrete
F2 CS_S0_S1_S2_S3_S4_S6A_S6B_S6C_Person,s4aq14b,Parent contributions,discrete
F2 CS_S0_S1_S2_S3_S4_S6A_S6B_S6C_Person,s4aq14c,School uniforms,discrete
F2 CS_S0_S1_S2_S3_S4_S6A_S6B_S6C_Person,s4aq14d,Books and school supplies,discrete
F2 CS_S0_S1_S2_S3_S4_S6A_S6B_S6C_Person,s4aq14e,Transport to and from school,discrete
F2 CS_S0_S1_S2_S3_S4_S6A_S6B_S6C_Person,s4aq14f,Room and board,discrete
F2 CS_S0_S1_S2_S3_S4_S6A_S6B_S6C_Person,s4aq14g,Other schooling expenditures,discrete
F2 CS_S0_S1_S2_S3_S4_S6A_S6B_S6C_Person,s4aq14h,Total education expenses (non-distributed),discrete
F2 CS_S0_S1_S2_S3_S4_S6A_S6B_S6C_Person,s4aq15,Responsible for majority of school expenditures,discrete
F2 CS_S0_S1_S2_S3_S4_S6A_S6B_S6C_Person,s4aq15a,School feeding,discrete
F2 CS_S0_S1_S2_S3_S4_S6A_S6B_S6C_Person,s4aq16,Absence at school in last 7 days,discrete
F2 CS_S0_S1_S2_S3_S4_S6A_S6B_S6C_Person,s4aq17,School days not attended last week,discrete
F2 CS_S0_S1_S2_S3_S4_S6A_S6B_S6C_Person,s4aq18,Primary cause of not attending school,discrete
F2 CS_S0_S1_S2_S3_S4_S6A_S6B_S6C_Person,s4aq19,Year of leaving school,contin
F2 CS_S0_S1_S2_S3_S4_S6A_S6B_S6C_Person,s4aq20,Reason for leaving school,discrete
F2 CS_S0_S1_S2_S3_S4_S6A_S6B_S6C_Person,s4bq1,Attended any vocational training,discrete
F2 CS_S0_S1_S2_S3_S4_S6A_S6B_S6C_Person,s4bq2,"Expense of training (fees, expenses, accommodation)",discrete
F2 CS_S0_S1_S2_S3_S4_S6A_S6B_S6C_Person,s4bq3,Attended a literacy course,discrete
F2 CS_S0_S1_S2_S3_S4_S6A_S6B_S6C_Person,s4bq4,Able to read a simple note,discrete
F2 CS_S0_S1_S2_S3_S4_S6A_S6B_S6C_Person,s4bq5,Can read a proposed sentence,discrete
F2 CS_S0_S1_S2_S3_S4_S6A_S6B_S6C_Person,s4bq6,Able to write a simple note,discrete
F2 CS_S0_S1_S2_S3_S4_S6A_S6B_S6C_Person,s4bq7,Able to do a written calculation,discrete
F2 CS_S0_S1_S2_S3_S4_S6A_S6B_S6C_Person,s4bq8,Have a mobile telephone,discrete
F2 CS_S0_S1_S2_S3_S4_S6A_S6B_S6C_Person,s4bq9,Phone functionalities / ownership,discrete
F2 CS_S0_S1_S2_S3_S4_S6A_S6B_S6C_Person,s4bq10,Type of phone owned,discrete
F2 CS_S0_S1_S2_S3_S4_S6A_S6B_S6C_Person,s4bq11,Reasons for not having a smartphone,discrete
F2 CS_S0_S1_S2_S3_S4_S6A_S6B_S6C_Person,s4bq12,Why does not have a mobile telephone,discrete
F2 CS_S0_S1_S2_S3_S4_S6A_S6B_S6C_Person,s4bq13a,Own a computer,discrete
F2 CS_S0_S1_S2_S3_S4_S6A_S6B_S6C_Person,s4bq13b,Computer literacy,discrete
F2 CS_S0_S1_S2_S3_S4_S6A_S6B_S6C_Person,s4bq13c,How often used a computer in last 3 months,discrete
F2 CS_S0_S1_S2_S3_S4_S6A_S6B_S6C_Person,s4bq14a,Skill: copying or moving a file or folder,discrete
F2 CS_S0_S1_S2_S3_S4_S6A_S6B_S6C_Person,s4bq14b,Skill: using copy and paste tools,discrete
F2 CS_S0_S1_S2_S3_S4_S6A_S6B_S6C_Person,s4bq14c,Skill: sending e-mails with attached files,discrete
F2 CS_S0_S1_S2_S3_S4_S6A_S6B_S6C_Person,s4bq14d,Skill: basic arithmetic formula in a spreadsheet,discrete
F2 CS_S0_S1_S2_S3_S4_S6A_S6B_S6C_Person,s4bq14e,Skill: connecting and installing new devices,discrete
F2 CS_S0_S1_S2_S3_S4_S6A_S6B_S6C_Person,s4bq14f,Skill: finding/downloading/installing software,discrete
F2 CS_S0_S1_S2_S3_S4_S6A_S6B_S6C_Person,s4bq14g,Skill: creating electronic presentations,discrete
F2 CS_S0_S1_S2_S3_S4_S6A_S6B_S6C_Person,s4bq14h,Skill: transferring files between devices,discrete
F2 CS_S0_S1_S2_S3_S4_S6A_S6B_S6C_Person,s4bq14i,Skill: writing a computer program,discrete
F2 CS_S0_S1_S2_S3_S4_S6A_S6B_S6C_Person,s4bq15,Used internet in last 3 months,discrete
F2 CS_S0_S1_S2_S3_S4_S6A_S6B_S6C_Person,s4bq16,Reason for not using internet last 3 months,discrete
F2 CS_S0_S1_S2_S3_S4_S6A_S6B_S6C_Person,s4bq17,How often used internet last 3 months,discrete
F2 CS_S0_S1_S2_S3_S4_S6A_S6B_S6C_Person,s4bq18,Internet use: finding info about goods,discrete
F2 CS_S0_S1_S2_S3_S4_S6A_S6B_S6C_Person,s4bq19,Internet use: reading/downloading news,discrete
F2 CS_S0_S1_S2_S3_S4_S6A_S6B_S6C_Person,s4bq20,Internet use: obtaining info from websites,discrete
F2 CS_S0_S1_S2_S3_S4_S6A_S6B_S6C_Person,s4bq21,Internet use: seeking health information,discrete
F2 CS_S0_S1_S2_S3_S4_S6A_S6B_S6C_Person,s4bq22,Internet use on social media last 3 months,discrete
F2 CS_S0_S1_S2_S3_S4_S6A_S6B_S6C_Person,s4bq23a,E-service: USSD code,discrete
F2 CS_S0_S1_S2_S3_S4_S6A_S6B_S6C_Person,s4bq23b,E-service: application based system,discrete
F2 CS_S0_S1_S2_S3_S4_S6A_S6B_S6C_Person,s4bq23c,E-service: mobile financial services,discrete
F2 CS_S0_S1_S2_S3_S4_S6A_S6B_S6C_Person,s4bq23d,E-service: social media,discrete
F2 CS_S0_S1_S2_S3_S4_S6A_S6B_S6C_Person,s4bq23e,E-service: web browser,discrete
F2 CS_S0_S1_S2_S3_S4_S6A_S6B_S6C_Person,s4bq23f,E-service: IREMBO services,discrete
F2 CS_S0_S1_S2_S3_S4_S6A_S6B_S6C_Person,s4bq23g,E-service: e-commerce platforms,discrete
F2 CS_S0_S1_S2_S3_S4_S6A_S6B_S6C_Person,s4bq23h,E-service: e-learning platforms,discrete
F2 CS_S0_S1_S2_S3_S4_S6A_S6B_S6C_Person,s4bq25,Where used internet in last 3 months,discrete
F2 CS_S0_S1_S2_S3_S4_S6A_S6B_S6C_Person,s4bq26,Type of device used for social media,discrete
F2 CS_S0_S1_S2_S3_S4_S6A_S6B_S6C_Person,s6aq2,"Worked on own farm, no payment",discrete
F2 CS_S0_S1_S2_S3_S4_S6A_S6B_S6C_Person,s6aq3,Products obtained from this agricultural activity,discrete
F2 CS_S0_S1_S2_S3_S4_S6A_S6B_S6C_Person,s6aq4,Carry out any agricultural activity,discrete
F2 CS_S0_S1_S2_S3_S4_S6A_S6B_S6C_Person,s6aq5,Worked for salary or wages in non-farm sector,discrete
F2 CS_S0_S1_S2_S3_S4_S6A_S6B_S6C_Person,s6aq6,Run a non-farm business for cash or profit,discrete
F2 CS_S0_S1_S2_S3_S4_S6A_S6B_S6C_Person,s6aq7,Worked in a non-farm business,discrete
F2 CS_S0_S1_S2_S3_S4_S6A_S6B_S6C_Person,s6aq8,Worked as unpaid trainee or volunteer,discrete
F2 CS_S0_S1_S2_S3_S4_S6A_S6B_S6C_Person,s6aq9,Economic activity temporarily absent from,discrete
F2 CS_S0_S1_S2_S3_S4_S6A_S6B_S6C_Person,s6aq10,Main reason not working over last 7 days,discrete
F2 CS_S0_S1_S2_S3_S4_S6A_S6B_S6C_Person,s6aq11,Receiving income during absence,discrete
F2 CS_S0_S1_S2_S3_S4_S6A_S6B_S6C_Person,s6aq12,Absence for a period less than 3 months,discrete
F2 CS_S0_S1_S2_S3_S4_S6A_S6B_S6C_Person,s6bq1,Hours usually worked in all activities per week,contin
F2 CS_S0_S1_S2_S3_S4_S6A_S6B_S6C_Person,s6bq2,Hours actually worked in all activities last 7 days,contin
F2 CS_S0_S1_S2_S3_S4_S6A_S6B_S6C_Person,s6bq3,ISCO level 1 (occupation),discrete
F2 CS_S0_S1_S2_S3_S4_S6A_S6B_S6C_Person,s6bq4,ISIC level 1 (industry),discrete
F2 CS_S0_S1_S2_S3_S4_S6A_S6B_S6C_Person,s6bq5,Institutional sector of main economic activity,discrete
F2 CS_S0_S1_S2_S3_S4_S6A_S6B_S6C_Person,s6bq6,Perform main activity overnight 6pm-6am,discrete
F2 CS_S0_S1_S2_S3_S4_S6A_S6B_S6C_Person,s6bq7,Status in economic activity,discrete
F2 CS_S0_S1_S2_S3_S4_S6A_S6B_S6C_Person,s6bq8,Nature of economic activity contract,discrete
F2 CS_S0_S1_S2_S3_S4_S6A_S6B_S6C_Person,s6bq9a,Usual earnings in main job (Amount),contin
F2 CS_S0_S1_S2_S3_S4_S6A_S6B_S6C_Person,s6bq9b,Usual earnings in main job (Unit),discrete
F2 CS_S0_S1_S2_S3_S4_S6A_S6B_S6C_Person,s6cq1,Last 7 days: fetch water for household,discrete
F2 CS_S0_S1_S2_S3_S4_S6A_S6B_S6C_Person,s6cq2,Hours spent fetching water last 7 days,contin
F2 CS_S0_S1_S2_S3_S4_S6A_S6B_S6C_Person,s6cq3,Last 7 days: forage firewood for household,discrete
F2 CS_S0_S1_S2_S3_S4_S6A_S6B_S6C_Person,s6cq4,Hours spent foraging for wood last 7 days,contin
F2 CS_S0_S1_S2_S3_S4_S6A_S6B_S6C_Person,s6cq5,Last 7 days: search fodder/grazing for animals,discrete
F2 CS_S0_S1_S2_S3_S4_S6A_S6B_S6C_Person,s6cq6,Hours spent on fodder last 7 days,contin
F2 CS_S0_S1_S2_S3_S4_S6A_S6B_S6C_Person,s6cq7,Last 7 days: go to market for shopping,discrete
F2 CS_S0_S1_S2_S3_S4_S6A_S6B_S6C_Person,s6cq8,Hours spent going to market last 7 days,contin
F2 CS_S0_S1_S2_S3_S4_S6A_S6B_S6C_Person,s6cq9,Last 7 days: cook for household,discrete
F2 CS_S0_S1_S2_S3_S4_S6A_S6B_S6C_Person,s6cq10,Hours spent cooking last 7 days,contin
F2 CS_S0_S1_S2_S3_S4_S6A_S6B_S6C_Person,s6cq11,Last 7 days: other household chores,discrete
F2 CS_S0_S1_S2_S3_S4_S6A_S6B_S6C_Person,s6cq12,Hours spent on other chores last 7 days,contin
F2 CS_S0_S1_S2_S3_S4_S6A_S6B_S6C_Person,strata_id,Strata id,contin
F2 CS_S0_S1_S2_S3_S4_S6A_S6B_S6C_Person,weight,Household Weight,contin
F2 CS_S0_S1_S2_S3_S4_S6A_S6B_S6C_Person,epov_jan,Extreme Poverty,discrete
F2 CS_S0_S1_S2_S3_S4_S6A_S6B_S6C_Person,pov_jan,Poverty Rate,discrete
F2 CS_S0_S1_S2_S3_S4_S6A_S6B_S6C_Person,poverty,Welfare Categories,discrete
F2 CS_S0_S1_S2_S3_S4_S6A_S6B_S6C_Person,quintile,Quintiles of real consumption per ae,discrete
F2 CS_S0_S1_S2_S3_S4_S6A_S6B_S6C_Person,ed_foodgov,Gvt Contribution to School feeding,contin
F3 CS_S01_S5_S7_Household,hhid,Household Identification,contin
F3 CS_S01_S5_S7_Household,clust,Clust,contin
F3 CS_S01_S5_S7_Household,province,Province,discrete
F3 CS_S01_S5_S7_Household,district,District,discrete
F3 CS_S01_S5_S7_Household,ur,Residence area,discrete
F3 CS_S01_S5_S7_Household,s5aq1,Type of habitat,discrete
F3 CS_S01_S5_S7_Household,s5aq2,Type of dwelling,discrete
F3 CS_S01_S5_S7_Household,s5aq3,Number of rooms for sleeping,discrete
F3 CS_S01_S5_S7_Household,s5aq4y,Duration household inhabited dwelling (years),contin
F3 CS_S01_S5_S7_Household,s5aq4m,Duration household inhabited dwelling (months),discrete
F3 CS_S01_S5_S7_Household,s5aq5,Lived in other dwellings before current,discrete
F3 CS_S01_S5_S7_Household,s5aq6,Main reason for moving to current dwelling,discrete
F3 CS_S01_S5_S7_Household,s5aq7,Owner of the dwelling,discrete
F3 CS_S01_S5_S7_Household,s5aq8,Current occupancy status,discrete
F3 CS_S01_S5_S7_Household,s5bq1,Current sale value of dwelling,contin
F3 CS_S01_S5_S7_Household,s5bq2a,Estimated rent for dwelling,contin
F3 CS_S01_S5_S7_Household,s5bq2b,Estimated rent time period,discrete
F3 CS_S01_S5_S7_Household,s5bq3a,Actual rent paid in cash,contin
F3 CS_S01_S5_S7_Household,s5bq3b,Actual rent time period,discrete
F3 CS_S01_S5_S7_Household,s5bq4,Provide service/payments in kind,discrete
F3 CS_S01_S5_S7_Household,s5bq5a,Amount of services/payment in kind,contin
F3 CS_S01_S5_S7_Household,s5bq5b,In-kind payment time period,discrete
F3 CS_S01_S5_S7_Household,s5bq6,Own a residential house here or elsewhere,discrete
F3 CS_S01_S5_S7_Household,s5bq7,Year acquired that house,contin
F3 CS_S01_S5_S7_Household,s5bq8,Value of house when acquired,contin
F3 CS_S01_S5_S7_Household,s5bq9,How acquired that house,discrete
F3 CS_S01_S5_S7_Household,s5cq1,Main source of water for household,discrete
F3 CS_S01_S5_S7_Household,s5cq2a,Distance in meters to water source,contin
F3 CS_S01_S5_S7_Household,s5cq2b,Time (minutes) round trip to water source,contin
F3 CS_S01_S5_S7_Household,s5cq3,Main source of drinking water,discrete
F3 CS_S01_S5_S7_Household,s5cq4b,Time (minutes) round trip drinking water,contin
F3 CS_S01_S5_S7_Household,s5cq5,Is this the nearest source to dwelling,discrete
F3 CS_S01_S5_S7_Household,s5cq6a,Unused nearest drinking water source,discrete
F3 CS_S01_S5_S7_Household,s5cq6b,Distance to unused nearest drinking source,contin
F3 CS_S01_S5_S7_Household,s5cq7,Main reason not using nearest drinking source,discrete
F3 CS_S01_S5_S7_Household,s5cq8,Insufficient water in last 4 weeks,discrete
F3 CS_S01_S5_S7_Household,s5cq9a,Last water bill period (WASAC/other),discrete
F3 CS_S01_S5_S7_Household,s5cq9b,Last water bill amount,contin
F3 CS_S01_S5_S7_Household,s5cq10,Bought water from private vendor last 7 days,discrete
F3 CS_S01_S5_S7_Household,s5cq11,Amount paid to private water vendor last 7 days,contin
F3 CS_S01_S5_S7_Household,s5cq12,Amount contributed to maintain water source last month,contin
F3 CS_S01_S5_S7_Household,s5cq13,Household manages rainwater,discrete
F3 CS_S01_S5_S7_Household,s5cq14,Connected to electricity grid,discrete
F3 CS_S01_S5_S7_Household,s5cq15,Main reason not connected to electricity grid,discrete
F3 CS_S01_S5_S7_Household,s5cq16,Main source of energy for home lighting,discrete
F3 CS_S01_S5_S7_Household,s5cq17,Main source of electricity used,discrete
F3 CS_S01_S5_S7_Household,s5cq18,Main reason not using electricity for lighting,discrete
F3 CS_S01_S5_S7_Household,s5cq19,Appliances damaged by voltage surges,discrete
F3 CS_S01_S5_S7_Household,s5cq20,Amount paid for electricity last 4 weeks,contin
F3 CS_S01_S5_S7_Household,s5cq20a,Household has an internet connection,discrete
F3 CS_S01_S5_S7_Household,s5cq20b,Main kind of internet connection used,discrete
F3 CS_S01_S5_S7_Household,s5cq20c,Main barrier to accessing internet at home,discrete
F3 CS_S01_S5_S7_Household,s5cq21,Type of primary cook stove,discrete
F3 CS_S01_S5_S7_Household,s5cq22a,Main cooking fuel used (primary),discrete
F3 CS_S01_S5_S7_Household,s5cq22b,Main cooking fuel used (second),discrete
F3 CS_S01_S5_S7_Household,s5cq22c,Main cooking fuel used (third),discrete
F3 CS_S01_S5_S7_Household,s5cq23,Where normally cook with the cook stove,discrete
F3 CS_S01_S5_S7_Household,s5cq24,How household disposes of rubbish/garbage,discrete
F3 CS_S01_S5_S7_Household,s5cq25,Type of toilet used by household,discrete
F3 CS_S01_S5_S7_Household,s5cq26,Toilet facility shared with another household,discrete
F3 CS_S01_S5_S7_Household,s5cq27,Number of households using this toilet,discrete
F3 CS_S01_S5_S7_Household,s5cq28,Pit latrine/septic tank ever emptied,discrete
F3 CS_S01_S5_S7_Household,s5cq29,Who removed toilet contents last time,discrete
F3 CS_S01_S5_S7_Household,s5cq30,Where contents were emptied to,discrete
F3 CS_S01_S5_S7_Household,s5cq31,Problems from environmental destruction last year,discrete
F3 CS_S01_S5_S7_Household,s5cq32,Main disaster experienced with dwelling,discrete
F3 CS_S01_S5_S7_Household,s5cq33,Received environmental information last 12 months,discrete
F3 CS_S01_S5_S7_Household,s5cq34,Main source of environmental information,discrete
F3 CS_S01_S5_S7_Household,s5dq1,Main construction material of exterior wall,discrete
F3 CS_S01_S5_S7_Household,s5dq2,Main roofing material for dwelling,discrete
F3 CS_S01_S5_S7_Household,s5dq3,Main floor material for dwelling,discrete
F3 CS_S01_S5_S7_Household,s5dq4,Area of the floor for dwelling,contin
F3 CS_S01_S5_S7_Household,s5eq1,Unusual negative situation affected household,discrete
F3 CS_S01_S5_S7_Household,s5eq2a,Main shock last 12 months (1st),discrete
F3 CS_S01_S5_S7_Household,s5eq2b,Main shock last 12 months (2nd),discrete
F3 CS_S01_S5_S7_Household,s5eq2c,Main shock last 12 months (3rd),discrete
F3 CS_S01_S5_S7_Household,s5eq2aa_m,Month of 1st shock,discrete
F3 CS_S01_S5_S7_Household,s5eq2ab_m,Month of 2nd shock,discrete
F3 CS_S01_S5_S7_Household,s5eq2ac_m,Month of 3rd shock,discrete
F3 CS_S01_S5_S7_Household,s5eq2aa_y,Year of 1st shock,discrete
F3 CS_S01_S5_S7_Household,s5eq2ab_y,Year of 2nd shock,discrete
F3 CS_S01_S5_S7_Household,s5eq2ac_y,Year of 3rd shock,discrete
F3 CS_S01_S5_S7_Household,s5eq3a,Coping response to 1st shock,discrete
F3 CS_S01_S5_S7_Household,s5eq3b,Coping response to 2nd shock,discrete
F3 CS_S01_S5_S7_Household,s5eq3c,Coping response to 3rd shock,discrete
F3 CS_S01_S5_S7_Household,s5eq4a,Months to recover from 1st shock,discrete
F3 CS_S01_S5_S7_Household,s5eq4b,Months to recover from 2nd shock,discrete
F3 CS_S01_S5_S7_Household,s5eq4c,Months to recover from 3rd shock,discrete
F3 CS_S01_S5_S7_Household,s7aq4,Household owned/raised any livestock,discrete
F3 CS_S01_S5_S7_Household,s7aq4a,Number owned - Cattle,contin
F3 CS_S01_S5_S7_Household,s7aq4b,Number owned - Goats,contin
F3 CS_S01_S5_S7_Household,s7aq4c,Number owned - Sheep,contin
F3 CS_S01_S5_S7_Household,s7aq4d,Number owned - Pigs,contin
F3 CS_S01_S5_S7_Household,s7aq4e,Number owned - Poultry,contin
F3 CS_S01_S5_S7_Household,s7aq4f,Number owned - Other,discrete
F3 CS_S01_S5_S7_Household,s7a2q1,Ever received a cow (one cow per poor family),discrete
F3 CS_S01_S5_S7_Household,s7a2q2,Year received this animal,discrete
F3 CS_S01_S5_S7_Household,s7a2q3,Still keep this animal,discrete
F3 CS_S01_S5_S7_Household,s7a2q4,Ever received animal from NGO/social protection,discrete
F3 CS_S01_S5_S7_Household,s7a2q5a,Kind of animal (1st),discrete
F3 CS_S01_S5_S7_Household,s7a2q6a,Number of animals changed (cow poor family),discrete
F3 CS_S01_S5_S7_Household,s7a2q6b,Number of animals changed (1st NGO animal),discrete
F3 CS_S01_S5_S7_Household,s7a2q6c,Number of animals changed (2nd NGO animal),discrete
F3 CS_S01_S5_S7_Household,s7a2q7,Household uses a maintained pasture,discrete
F3 CS_S01_S5_S7_Household,quintile,Quintiles of real consumption per ae,discrete
F3 CS_S01_S5_S7_Household,s5cq4a,Distance in meters between dwelling and source,contin
F3 CS_S01_S5_S7_Household,strata_id,Strata id,contin
F3 CS_S01_S5_S7_Household,weight,Household Weight,contin
F3 CS_S01_S5_S7_Household,pop_wt,Population Weight,contin
F3 CS_S01_S5_S7_Household,epov_jan,Extreme Poverty,discrete
F3 CS_S01_S5_S7_Household,pov_jan,Poverty Rate,discrete
F3 CS_S01_S5_S7_Household,poverty,Welfare Categories,discrete
F4 CS_S5F_access_to_services,hhid,Household Identification,contin
F4 CS_S5F_access_to_services,clust,Clust,contin
F4 CS_S5F_access_to_services,province,Province,discrete
F4 CS_S5F_access_to_services,district,District,discrete
F4 CS_S5F_access_to_services,ur,Residence area,discrete
F4 CS_S5F_access_to_services,s5fq0,Id basic service,discrete
F4 CS_S5F_access_to_services,s5fq0d,Basic service description,discrete
F4 CS_S5F_access_to_services,s5fq1,Frequency of use of service,discrete
F4 CS_S5F_access_to_services,s5fq2,Main reason for little or no use,discrete
F4 CS_S5F_access_to_services,s5fq3a,Time to arrive to service (hours),discrete
F4 CS_S5F_access_to_services,s5fq3b,Time to arrive to service (minutes),contin
F4 CS_S5F_access_to_services,s5fq4,Distance to nearest service,contin
F4 CS_S5F_access_to_services,s5fq5,Mode of transport to access service,discrete
F4 CS_S5F_access_to_services,s5fq6,Service quality satisfaction,discrete
F4 CS_S5F_access_to_services,s5fq7,Service quality in last 12 months,discrete
F4 CS_S5F_access_to_services,s5fq8,Improved result of VUP public works activities,discrete
F4 CS_S5F_access_to_services,strata_id,Strata id,contin
F4 CS_S5F_access_to_services,weight,Household Weight,contin
F4 CS_S5F_access_to_services,quintile,Quintiles of real consumption per ae,discrete
F4 CS_S5F_access_to_services,pov_jan,Total Poverty Headcount Ratio,discrete
F4 CS_S5F_access_to_services,poverty,Welfare Categories,discrete
F4 CS_S5F_access_to_services,epov_jan,Extreme Poverty Headcount Ratio,discrete
"F5 CS_S8A1_Expenditure (annual non-food, 12-mo recall)",hhid,Household Identification,contin
"F5 CS_S8A1_Expenditure (annual non-food, 12-mo recall)",clust,Clust,contin
"F5 CS_S8A1_Expenditure (annual non-food, 12-mo recall)",province,Province,discrete
"F5 CS_S8A1_Expenditure (annual non-food, 12-mo recall)",district,District,discrete
"F5 CS_S8A1_Expenditure (annual non-food, 12-mo recall)",ur,Residence area,discrete
"F5 CS_S8A1_Expenditure (annual non-food, 12-mo recall)",s8a1q0,Item name,discrete
"F5 CS_S8A1_Expenditure (annual non-food, 12-mo recall)",s8a1q2,Purchased article over last 12 months,discrete
"F5 CS_S8A1_Expenditure (annual non-food, 12-mo recall)",s8a1q3,Amount spent to purchase in last 12 months,contin
"F5 CS_S8A1_Expenditure (annual non-food, 12-mo recall)",s8a1q4,Place where purchased in last 12 months,discrete
"F5 CS_S8A1_Expenditure (annual non-food, 12-mo recall)",s8a1q5,Article received as gifts / in-kind,discrete
"F5 CS_S8A1_Expenditure (annual non-food, 12-mo recall)",s8a1q6,Value of article received as gifts / in-kind,contin
"F5 CS_S8A1_Expenditure (annual non-food, 12-mo recall)",strata_id,Strata id,contin
"F5 CS_S8A1_Expenditure (annual non-food, 12-mo recall)",weight,Household Weight,contin
"F5 CS_S8A1_Expenditure (annual non-food, 12-mo recall)",epov_jan,Extreme Poverty,discrete
"F5 CS_S8A1_Expenditure (annual non-food, 12-mo recall)",pov_jan,Poverty Rate,discrete
"F5 CS_S8A1_Expenditure (annual non-food, 12-mo recall)",poverty,Welfare Categories,discrete
"F5 CS_S8A1_Expenditure (annual non-food, 12-mo recall)",quintile,Quintiles of real consumption per ae,discrete
"F6 CS_S8A2_Expenditure (monthly non-food, 4-wk recall)",hhid,Household Identification,contin
"F6 CS_S8A2_Expenditure (monthly non-food, 4-wk recall)",clust,Clust,contin
"F6 CS_S8A2_Expenditure (monthly non-food, 4-wk recall)",province,Province,discrete
"F6 CS_S8A2_Expenditure (monthly non-food, 4-wk recall)",district,District,discrete
"F6 CS_S8A2_Expenditure (monthly non-food, 4-wk recall)",ur,Residence area,discrete
"F6 CS_S8A2_Expenditure (monthly non-food, 4-wk recall)",s8a2q0,Item name,discrete
"F6 CS_S8A2_Expenditure (monthly non-food, 4-wk recall)",s8a2q2,Article purchased,discrete
"F6 CS_S8A2_Expenditure (monthly non-food, 4-wk recall)",s8a2q3,Amount spent to purchase in last 4 weeks,contin
"F6 CS_S8A2_Expenditure (monthly non-food, 4-wk recall)",s8a2q4,Place where purchased in last 4 weeks,discrete
"F6 CS_S8A2_Expenditure (monthly non-food, 4-wk recall)",s8a2q5,Article received as gifts / in-kind,discrete
"F6 CS_S8A2_Expenditure (monthly non-food, 4-wk recall)",s8a2q6,Value of article received as gifts / in-kind,contin
"F6 CS_S8A2_Expenditure (monthly non-food, 4-wk recall)",strata_id,Strata id,contin
"F6 CS_S8A2_Expenditure (monthly non-food, 4-wk recall)",weight,Household Weight,contin
"F6 CS_S8A2_Expenditure (monthly non-food, 4-wk recall)",epov_jan,Extreme Poverty,discrete
"F6 CS_S8A2_Expenditure (monthly non-food, 4-wk recall)",pov_jan,Poverty Rate,discrete
"F6 CS_S8A2_Expenditure (monthly non-food, 4-wk recall)",poverty,Welfare Categories,discrete
"F6 CS_S8A2_Expenditure (monthly non-food, 4-wk recall)",quintile,Quintiles of real consumption per ae,discrete
"F7 CS_S8A3_Expenditure (weekly non-food + own production, 7-day recall)",hhid,Household Identification,contin
"F7 CS_S8A3_Expenditure (weekly non-food + own production, 7-day recall)",clust,Clust,contin
"F7 CS_S8A3_Expenditure (weekly non-food + own production, 7-day recall)",province,Province,discrete
"F7 CS_S8A3_Expenditure (weekly non-food + own production, 7-day recall)",district,District,discrete
"F7 CS_S8A3_Expenditure (weekly non-food + own production, 7-day recall)",ur,Residence area,discrete
"F7 CS_S8A3_Expenditure (weekly non-food + own production, 7-day recall)",s8a3q0,Items,discrete
"F7 CS_S8A3_Expenditure (weekly non-food + own production, 7-day recall)",s8a3q2,Article purchased over past 7 days,discrete
"F7 CS_S8A3_Expenditure (weekly non-food + own production, 7-day recall)",s8a3q3,Amount spent to purchase in last 7 days,contin
"F7 CS_S8A3_Expenditure (weekly non-food + own production, 7-day recall)",s8a3q4,Place where purchased in last 7 days,discrete
"F7 CS_S8A3_Expenditure (weekly non-food + own production, 7-day recall)",s8a3q5,Article received as gifts / in-kind,discrete
"F7 CS_S8A3_Expenditure (weekly non-food + own production, 7-day recall)",s8a3q6,Amount acquired from other sources past 7 days,contin
"F7 CS_S8A3_Expenditure (weekly non-food + own production, 7-day recall)",s08a4_4,Consumed own production past 7 days,discrete
"F7 CS_S8A3_Expenditure (weekly non-food + own production, 7-day recall)",s08a4_5,Quantity consumed,contin
"F7 CS_S8A3_Expenditure (weekly non-food + own production, 7-day recall)",s08a4_6,Unit of measure (item),discrete
"F7 CS_S8A3_Expenditure (weekly non-food + own production, 7-day recall)",s08a4_7,Price at which could sell (item),contin
"F7 CS_S8A3_Expenditure (weekly non-food + own production, 7-day recall)",strata_id,Strata id,contin
"F7 CS_S8A3_Expenditure (weekly non-food + own production, 7-day recall)",weight,Household Weight,contin
"F7 CS_S8A3_Expenditure (weekly non-food + own production, 7-day recall)",epov_jan,Extreme Poverty,discrete
"F7 CS_S8A3_Expenditure (weekly non-food + own production, 7-day recall)",pov_jan,Poverty Rate,discrete
"F7 CS_S8A3_Expenditure (weekly non-food + own production, 7-day recall)",poverty,Welfare Categories,discrete
"F7 CS_S8A3_Expenditure (weekly non-food + own production, 7-day recall)",quintile,Quintiles of real consumption per ae,discrete
"F8 CS_S8B_Food_Expenditure_Consumption (food, repeated visits 2-5)",hhid,Household Identification,contin
"F8 CS_S8B_Food_Expenditure_Consumption (food, repeated visits 2-5)",clust,Clust,contin
"F8 CS_S8B_Food_Expenditure_Consumption (food, repeated visits 2-5)",province,Province,discrete
"F8 CS_S8B_Food_Expenditure_Consumption (food, repeated visits 2-5)",district,District,discrete
"F8 CS_S8B_Food_Expenditure_Consumption (food, repeated visits 2-5)",ur,Residence area,discrete
"F8 CS_S8B_Food_Expenditure_Consumption (food, repeated visits 2-5)",s8bq0,Items,discrete
"F8 CS_S8B_Food_Expenditure_Consumption (food, repeated visits 2-5)",s8bq2_vN,"Item purchased (per visit N, N=2..5)",discrete
"F8 CS_S8B_Food_Expenditure_Consumption (food, repeated visits 2-5)",s8bq3a_vN,Quantity purchased (per visit),contin
"F8 CS_S8B_Food_Expenditure_Consumption (food, repeated visits 2-5)",s8bq3b_vN,Unit of item purchased (per visit),discrete
"F8 CS_S8B_Food_Expenditure_Consumption (food, repeated visits 2-5)",s8bq4_vN,"Value of item purchased, local currency (per visit)",contin
"F8 CS_S8B_Food_Expenditure_Consumption (food, repeated visits 2-5)",s8bq5_vN,Place of purchase (per visit),discrete
"F8 CS_S8B_Food_Expenditure_Consumption (food, repeated visits 2-5)",s8bq6_vN,Household consumption (per visit),discrete
"F8 CS_S8B_Food_Expenditure_Consumption (food, repeated visits 2-5)",s8bq7a_vN,Total consumption (per visit),contin
"F8 CS_S8B_Food_Expenditure_Consumption (food, repeated visits 2-5)",s8bq7b_vN,Total consumption unit (per visit),discrete
"F8 CS_S8B_Food_Expenditure_Consumption (food, repeated visits 2-5)",s8bq8_vN,Total consumption from purchased (per visit),contin
"F8 CS_S8B_Food_Expenditure_Consumption (food, repeated visits 2-5)",s8bq9_vN,Consumption from own produced (per visit),discrete
"F8 CS_S8B_Food_Expenditure_Consumption (food, repeated visits 2-5)",s8bq10_vN,Total consumption from own produced (per visit),contin
"F8 CS_S8B_Food_Expenditure_Consumption (food, repeated visits 2-5)",s8bq10a_vN,Price from own produce (per visit),contin
"F8 CS_S8B_Food_Expenditure_Consumption (food, repeated visits 2-5)",s8bq11_vN,Consumption from gifts / in-kind (per visit),discrete
"F8 CS_S8B_Food_Expenditure_Consumption (food, repeated visits 2-5)",s8bq12_vN,Total consumption from gifts / in-kind (per visit),contin
"F8 CS_S8B_Food_Expenditure_Consumption (food, repeated visits 2-5)",strata_id,Strata id,contin
"F8 CS_S8B_Food_Expenditure_Consumption (food, repeated visits 2-5)",weight,Household Weight,contin
"F8 CS_S8B_Food_Expenditure_Consumption (food, repeated visits 2-5)",epov_jan,Extreme Poverty,discrete
"F8 CS_S8B_Food_Expenditure_Consumption (food, repeated visits 2-5)",pov_jan,Poverty Rate,discrete
"F8 CS_S8B_Food_Expenditure_Consumption (food, repeated visits 2-5)",poverty,Welfare Categories,discrete
"F8 CS_S8B_Food_Expenditure_Consumption (food, repeated visits 2-5)",quintile,Quintiles of real consumption per ae,discrete
"F9 CS_S8C_Food_Away_from_home (person-level, visits 2-5)",hhid,Household Identification,contin
"F9 CS_S8C_Food_Away_from_home (person-level, visits 2-5)",clust,Clust,contin
"F9 CS_S8C_Food_Away_from_home (person-level, visits 2-5)",province,Province,discrete
"F9 CS_S8C_Food_Away_from_home (person-level, visits 2-5)",district,District,discrete
"F9 CS_S8C_Food_Away_from_home (person-level, visits 2-5)",ur,Residence area,discrete
"F9 CS_S8C_Food_Away_from_home (person-level, visits 2-5)",pid,Person Identification,discrete
"F9 CS_S8C_Food_Away_from_home (person-level, visits 2-5)",s8cq2_vN,Consumed any food away from home since last visit,discrete
"F9 CS_S8C_Food_Away_from_home (person-level, visits 2-5)",s8cq4_vN,Amount paid for breakfast away from home,contin
"F9 CS_S8C_Food_Away_from_home (person-level, visits 2-5)",s8cq5_vN,Breakfast point of service,discrete
"F9 CS_S8C_Food_Away_from_home (person-level, visits 2-5)",s8cq6_vN,Amount paid for lunch away from home,contin
"F9 CS_S8C_Food_Away_from_home (person-level, visits 2-5)",s8cq7_vN,Lunch point of service,discrete
"F9 CS_S8C_Food_Away_from_home (person-level, visits 2-5)",s8cq8_vN,Amount paid for dinner away from home,contin
"F9 CS_S8C_Food_Away_from_home (person-level, visits 2-5)",s8cq9_vN,Dinner point of service,discrete
"F9 CS_S8C_Food_Away_from_home (person-level, visits 2-5)",s8cq10_vN,Amount paid for snacks between meals,contin
"F9 CS_S8C_Food_Away_from_home (person-level, visits 2-5)",s8cq11_vN,Snacks point of service,discrete
"F9 CS_S8C_Food_Away_from_home (person-level, visits 2-5)",s8cq12_vN,Amount paid for hot beverage away from home,contin
"F9 CS_S8C_Food_Away_from_home (person-level, visits 2-5)",s8cq13_vN,Hot beverage point of service,discrete
"F9 CS_S8C_Food_Away_from_home (person-level, visits 2-5)",s8cq14_vN,Amount paid for non-alcoholic drinks,contin
"F9 CS_S8C_Food_Away_from_home (person-level, visits 2-5)",s8cq15_vN,Non-alcoholic drinks point of service,discrete
"F9 CS_S8C_Food_Away_from_home (person-level, visits 2-5)",s8cq16_vN,Amount paid for alcoholic drinks,contin
"F9 CS_S8C_Food_Away_from_home (person-level, visits 2-5)",s8cq17_vN,Alcoholic drinks point of service,discrete
"F9 CS_S8C_Food_Away_from_home (person-level, visits 2-5)",strata_id,Strata id,contin
"F9 CS_S8C_Food_Away_from_home (person-level, visits 2-5)",weight,Household Weight,contin
"F9 CS_S8C_Food_Away_from_home (person-level, visits 2-5)",epov_jan,Extreme Poverty,discrete
"F9 CS_S8C_Food_Away_from_home (person-level, visits 2-5)",pov_jan,Poverty Rate,discrete
"F9 CS_S8C_Food_Away_from_home (person-level, visits 2-5)",poverty,Welfare Categories,discrete
"F9 CS_S8C_Food_Away_from_home (person-level, visits 2-5)",quintile,Quintiles of real consumption per ae,discrete
F10 CS_S9A_transfers_out,hhid,Household Identification,contin
F10 CS_S9A_transfers_out,clust,Clust,contin
F10 CS_S9A_transfers_out,province,Province,discrete
F10 CS_S9A_transfers_out,district,District,discrete
F10 CS_S9A_transfers_out,ur,Residence area,discrete
F10 CS_S9A_transfers_out,s9aq0,Household sent money/goods in last 12 months,discrete
F10 CS_S9A_transfers_out,s9aq2a,ID of recipient,discrete
F10 CS_S9A_transfers_out,s9aq2,HH member,contin
F10 CS_S9A_transfers_out,s9aq3,Relation with head of household,discrete
F10 CS_S9A_transfers_out,s9aq4,Sex of recipient,discrete
F10 CS_S9A_transfers_out,s9aq5,Location of the beneficiary,discrete
F10 CS_S9A_transfers_out,s9aq6,Sent any cash in last 12 months,discrete
F10 CS_S9A_transfers_out,s9aq7,Total cash transferred in last 12 months,contin
F10 CS_S9A_transfers_out,s9aq8,Main method for sending money,discrete
F10 CS_S9A_transfers_out,s9aq9,Sent food products,discrete
F10 CS_S9A_transfers_out,s9aq10,Total value of food sent last 12 months,contin
F10 CS_S9A_transfers_out,s9aq11,Sent other in-kind transfers,discrete
F10 CS_S9A_transfers_out,s9aq12,Total value in-kind transfer last 12 months,contin
F10 CS_S9A_transfers_out,s9aq13,Value of payments requiring reimbursement,discrete
F10 CS_S9A_transfers_out,strata_id,Strata id,contin
F10 CS_S9A_transfers_out,weight,Household Weight,contin
F10 CS_S9A_transfers_out,quintile,Quintiles of real consumption per ae,discrete
F10 CS_S9A_transfers_out,pov_jan,Total Poverty Headcount Ratio,discrete
F10 CS_S9A_transfers_out,poverty,Welfare Categories,discrete
F10 CS_S9A_transfers_out,epov_jan,Extreme Poverty Headcount Ratio,discrete
F11 CS_S9B_transfers_in,hhid,Household Identification,contin
F11 CS_S9B_transfers_in,clust,Clust,contin
F11 CS_S9B_transfers_in,province,Province,discrete
F11 CS_S9B_transfers_in,district,District,discrete
F11 CS_S9B_transfers_in,ur,Residence area,discrete
F11 CS_S9B_transfers_in,s9bq0,Household received money/goods in last 12 months,discrete
F11 CS_S9B_transfers_in,s9bq1a,How many people sent money,contin
F11 CS_S9B_transfers_in,s9bq2,ID number of concern,discrete
F11 CS_S9B_transfers_in,s9bq3,ID number of sender,discrete
F11 CS_S9B_transfers_in,s9bq4,Relation with head of household,discrete
F11 CS_S9B_transfers_in,s9bq5,Sex of sender,discrete
F11 CS_S9B_transfers_in,s9bq6,Location of sender,discrete
F11 CS_S9B_transfers_in,s9bq7,Sent any cash to the household,discrete
F11 CS_S9B_transfers_in,s9bq8,Total cash received in last 12 months,contin
F11 CS_S9B_transfers_in,s9bq9,Main method for receiving money,discrete
F11 CS_S9B_transfers_in,s9bq10,Payments require reimbursement,discrete
F11 CS_S9B_transfers_in,strata_id,Strata id,contin
F11 CS_S9B_transfers_in,weight,Household Weight,contin
F11 CS_S9B_transfers_in,epov_jan,Extreme Poverty,discrete
F11 CS_S9B_transfers_in,pov_jan,Poverty Rate,discrete
F11 CS_S9B_transfers_in,poverty,Welfare Categories,discrete
F11 CS_S9B_transfers_in,quintile,Quintiles of real consumption per ae,discrete
F12 CS_S9C_other_expenditure,hhid,Household Identification,contin
F12 CS_S9C_other_expenditure,clust,Clust,contin
F12 CS_S9C_other_expenditure,province,Province,discrete
F12 CS_S9C_other_expenditure,district,District,discrete
F12 CS_S9C_other_expenditure,ur,Residence area,discrete
F12 CS_S9C_other_expenditure,s9cq1,Expenditure code,discrete
F12 CS_S9C_other_expenditure,s9cq2,Amount spent,contin
F12 CS_S9C_other_expenditure,strata_id,Strata id,contin
F12 CS_S9C_other_expenditure,weight,Household Weight,contin
F12 CS_S9C_other_expenditure,quintile,Quintiles of real consumption per ae,discrete
F12 CS_S9C_other_expenditure,pov_jan,Total Poverty Headcount Ratio,discrete
F12 CS_S9C_other_expenditure,poverty,Welfare Categories,discrete
F12 CS_S9C_other_expenditure,epov_jan,Extreme Poverty Headcount Ratio,discrete
F13 CS_S9D1_Direct_Support,hhid,Household Identification,contin
F13 CS_S9D1_Direct_Support,clust,Clust,contin
F13 CS_S9D1_Direct_Support,province,Province,discrete
F13 CS_S9D1_Direct_Support,district,District,discrete
F13 CS_S9D1_Direct_Support,ur,Residence area,discrete
F13 CS_S9D1_Direct_Support,pid,HH member who is in VUP,discrete
F13 CS_S9D1_Direct_Support,s9d1q1,Beneficiary of VUP (any component),discrete
F13 CS_S9D1_Direct_Support,s9d1q2,Beneficiary of direct support,discrete
F13 CS_S9D1_Direct_Support,s9d1q2m,Join direct support / Month,discrete
F13 CS_S9D1_Direct_Support,s9d1q2y,Join direct support / Year,discrete
F13 CS_S9D1_Direct_Support,s9d1q3,Reason for enrolling in VUP direct support,discrete
F13 CS_S9D1_Direct_Support,s9d1q4,Money received from VUP-DS in past 12 months,contin
F13 CS_S9D1_Direct_Support,s9d1q5,Way direct support payment received,discrete
F13 CS_S9D1_Direct_Support,s9d1q6,Activity direct support benefit used for,discrete
F13 CS_S9D1_Direct_Support,s9d1q6_A,Used for: buy food,discrete
F13 CS_S9D1_Direct_Support,s9d1q6_B,Used for: buy cloth,discrete
F13 CS_S9D1_Direct_Support,s9d1q6_C,Used for: buy home utensils,discrete
F13 CS_S9D1_Direct_Support,s9d1q6_D,Used for: buy durable asset,discrete
F13 CS_S9D1_Direct_Support,s9d1q6_E,Used for: pay education/school fees,discrete
F13 CS_S9D1_Direct_Support,s9d1q6_F,Used for: pay health/medical expenses,discrete
F13 CS_S9D1_Direct_Support,s9d1q6_G,Used for: buy animals,discrete
F13 CS_S9D1_Direct_Support,s9d1q6_H,Used for: invest in farming,discrete
F13 CS_S9D1_Direct_Support,s9d1q6_I,Used for: invest in business/IGA,discrete
F13 CS_S9D1_Direct_Support,s9d1q6_J,Used for: improve dwelling,discrete
F13 CS_S9D1_Direct_Support,s9d1q6_K,Used for: savings in SACCO/VSLA/Tontine,discrete
F13 CS_S9D1_Direct_Support,s9d1q6_L,Used for: saving in Ejo Heza,discrete
F13 CS_S9D1_Direct_Support,s9d1q6_M,Used for: other,discrete
F13 CS_S9D1_Direct_Support,s9d1q7,Received DS entitlement for all months since joining,discrete
F13 CS_S9D1_Direct_Support,s9d1q8a,Delayed days of first-last payment,contin
F13 CS_S9D1_Direct_Support,s9d1q8b,Delayed days of second-last payment,contin
F13 CS_S9D1_Direct_Support,s9d1q8c,Delayed days of third-last payment,contin
F13 CS_S9D1_Direct_Support,strata_id,Strata id,contin
F13 CS_S9D1_Direct_Support,weight,Household Weight,contin
F13 CS_S9D1_Direct_Support,quintile,Quintiles of real consumption per ae,discrete
F13 CS_S9D1_Direct_Support,pov_jan,Total Poverty Headcount Ratio,discrete
F13 CS_S9D1_Direct_Support,poverty,Welfare Categories,discrete
F13 CS_S9D1_Direct_Support,epov_jan,Extreme Poverty Headcount Ratio,discrete
F14 CS_S9D2_Classic_Public_Work,hhid,Household Identification,contin
F14 CS_S9D2_Classic_Public_Work,clust,Clust,contin
F14 CS_S9D2_Classic_Public_Work,province,Province,discrete
F14 CS_S9D2_Classic_Public_Work,district,District,discrete
F14 CS_S9D2_Classic_Public_Work,ur,Residence area,discrete
F14 CS_S9D2_Classic_Public_Work,pid,HH member ID,discrete
F14 CS_S9D2_Classic_Public_Work,s9d1q1,Beneficiary of VUP (any component),discrete
F14 CS_S9D2_Classic_Public_Work,s9d2q1,Beneficiary of classic public work,discrete
F14 CS_S9D2_Classic_Public_Work,s9d2q2m,Join classic public work / Month,discrete
F14 CS_S9D2_Classic_Public_Work,s9d2q2y,Join classic public work / Year,discrete
F14 CS_S9D2_Classic_Public_Work,s9d2q3,Months participated in cPW over last 12 months,discrete
F14 CS_S9D2_Classic_Public_Work,s9d2q4,Daily wage,contin
F14 CS_S9D2_Classic_Public_Work,s9d2q5,Way cPW payment received to beneficiary,discrete
F14 CS_S9D2_Classic_Public_Work,s9d2q6,Way of receiving cPW payment,discrete
F14 CS_S9D2_Classic_Public_Work,s9d2q6_A,Used for: buy food,discrete
F14 CS_S9D2_Classic_Public_Work,s9d2q6_B,Used for: buy cloth,discrete
F14 CS_S9D2_Classic_Public_Work,s9d2q6_C,Used for: buy home utensils,discrete
F14 CS_S9D2_Classic_Public_Work,s9d2q6_D,Used for: buy durable asset,discrete
F14 CS_S9D2_Classic_Public_Work,s9d2q6_E,Used for: pay education/school fees,discrete
F14 CS_S9D2_Classic_Public_Work,s9d2q6_F,Used for: pay health/medical expenses,discrete
F14 CS_S9D2_Classic_Public_Work,s9d2q6_G,Used for: buy animals,discrete
F14 CS_S9D2_Classic_Public_Work,s9d2q6_H,Used for: invest in farming,discrete
F14 CS_S9D2_Classic_Public_Work,s9d2q6_I,Used for: invest in business/IGA,discrete
F14 CS_S9D2_Classic_Public_Work,s9d2q6_J,Used for: improve dwelling,discrete
F14 CS_S9D2_Classic_Public_Work,s9d2q6_K,Used for: savings in SACCO/VSLA/Tontine,discrete
F14 CS_S9D2_Classic_Public_Work,s9d2q6_L,Used for: saving in Ejo Heza,discrete
F14 CS_S9D2_Classic_Public_Work,s9d2q6_M,Used for: other,discrete
F14 CS_S9D2_Classic_Public_Work,s9d2q7a,Delayed days of first-last payment,contin
F14 CS_S9D2_Classic_Public_Work,s9d2q7b,Delayed days of second-last payment,contin
F14 CS_S9D2_Classic_Public_Work,s9d2q7c,Delayed days of third-last payment,contin
F14 CS_S9D2_Classic_Public_Work,s9d2q8,Received payment for all work last 12 months,discrete
F14 CS_S9D2_Classic_Public_Work,s9d2q9,When last public works payment received,discrete
F14 CS_S9D2_Classic_Public_Work,s9d2q10,Amount received in last cPW payment,contin
F14 CS_S9D2_Classic_Public_Work,s9d2q11,Total cPW payments received last 12 months,contin
F14 CS_S9D2_Classic_Public_Work,strata_id,Strata id,contin
F14 CS_S9D2_Classic_Public_Work,weight,Household Weight,contin
F14 CS_S9D2_Classic_Public_Work,quintile,Quintiles of real consumption per ae,discrete
F14 CS_S9D2_Classic_Public_Work,pov_jan,Total Poverty Headcount Ratio,discrete
F14 CS_S9D2_Classic_Public_Work,poverty,Welfare Categories,discrete
F14 CS_S9D2_Classic_Public_Work,epov_jan,Extreme Poverty Headcount Ratio,discrete
F15 CS_S9D3_Expanded_Public_Work,hhid,Household Identification,contin
F15 CS_S9D3_Expanded_Public_Work,clust,Clust,contin
F15 CS_S9D3_Expanded_Public_Work,province,Province,discrete
F15 CS_S9D3_Expanded_Public_Work,district,District,discrete
F15 CS_S9D3_Expanded_Public_Work,ur,Residence area,discrete
F15 CS_S9D3_Expanded_Public_Work,pid,HH member ID,discrete
F15 CS_S9D3_Expanded_Public_Work,s9d1q1,Beneficiary of VUP (any component),discrete
F15 CS_S9D3_Expanded_Public_Work,s9d3q1,Beneficiary of expanded public work,discrete
F15 CS_S9D3_Expanded_Public_Work,s9d3q2,Component of ePW beneficiary working on,discrete
F15 CS_S9D3_Expanded_Public_Work,s9d3q2m,Join ePW / Month,discrete
F15 CS_S9D3_Expanded_Public_Work,s9d3q2y,Join ePW / Year,discrete
F15 CS_S9D3_Expanded_Public_Work,s9d3q3,Months participated in ePW last 12 months,discrete
F15 CS_S9D3_Expanded_Public_Work,s9d3q4,Mode of getting ePW payment,discrete
F15 CS_S9D3_Expanded_Public_Work,s9d3q5,Activity ePW benefit used for last 12 months,discrete
F15 CS_S9D3_Expanded_Public_Work,s9d3q5_A,Used for: buy food,discrete
F15 CS_S9D3_Expanded_Public_Work,s9d3q5_B,Used for: buy cloth,discrete
F15 CS_S9D3_Expanded_Public_Work,s9d3q5_C,Used for: buy home utensils,discrete
F15 CS_S9D3_Expanded_Public_Work,s9d3q5_D,Used for: buy durable asset,discrete
F15 CS_S9D3_Expanded_Public_Work,s9d3q5_E,Used for: pay education/school fees,discrete
F15 CS_S9D3_Expanded_Public_Work,s9d3q5_F,Used for: pay health/medical expenses,discrete
F15 CS_S9D3_Expanded_Public_Work,s9d3q5_G,Used for: buy animals,discrete
F15 CS_S9D3_Expanded_Public_Work,s9d3q5_H,Used for: invest in farming,discrete
F15 CS_S9D3_Expanded_Public_Work,s9d3q5_I,Used for: invest in business/IGA,discrete
F15 CS_S9D3_Expanded_Public_Work,s9d3q5_J,Used for: improve dwelling,discrete
F15 CS_S9D3_Expanded_Public_Work,s9d3q5_K,Used for: savings in SACCO/VSLA/Tontine,discrete
F15 CS_S9D3_Expanded_Public_Work,s9d3q5_L,Used for: saving in Ejo Heza,discrete
F15 CS_S9D3_Expanded_Public_Work,s9d3q5_M,Used for: other,discrete
F15 CS_S9D3_Expanded_Public_Work,s9d3q6a,Delayed days of first-last payment,contin
F15 CS_S9D3_Expanded_Public_Work,s9d3q6b,Delayed days of second-last payment,contin
F15 CS_S9D3_Expanded_Public_Work,s9d3q6c,Delayed days of third-last payment,contin
F15 CS_S9D3_Expanded_Public_Work,s9d3q7,Received payment for all ePW work last 12 months,discrete
F15 CS_S9D3_Expanded_Public_Work,s9d3q8,Month of last ePW payment received,discrete
F15 CS_S9D3_Expanded_Public_Work,s9d3q9,Entitlement for all months since enrollment,discrete
F15 CS_S9D3_Expanded_Public_Work,s9d3q10,Total amount received from ePW last 12 months,contin
F15 CS_S9D3_Expanded_Public_Work,s9d3q11,Monthly wage in last ePW participation,contin
F15 CS_S9D3_Expanded_Public_Work,strata_id,Strata id,contin
F15 CS_S9D3_Expanded_Public_Work,weight,Household Weight,contin
F15 CS_S9D3_Expanded_Public_Work,quintile,Quintiles of real consumption per ae,discrete
F15 CS_S9D3_Expanded_Public_Work,pov_jan,Total Poverty Headcount Ratio,discrete
F15 CS_S9D3_Expanded_Public_Work,poverty,Welfare Categories,discrete
F15 CS_S9D3_Expanded_Public_Work,epov_jan,Extreme Poverty Headcount Ratio,discrete
F16 CS_S9D4_NSDS (Nutrition-Sensitive Direct Support),hhid,Household Identification,contin
F16 CS_S9D4_NSDS (Nutrition-Sensitive Direct Support),clust,Clust,contin
F16 CS_S9D4_NSDS (Nutrition-Sensitive Direct Support),province,Province,discrete
F16 CS_S9D4_NSDS (Nutrition-Sensitive Direct Support),district,District,discrete
F16 CS_S9D4_NSDS (Nutrition-Sensitive Direct Support),ur,Residence area,discrete
F16 CS_S9D4_NSDS (Nutrition-Sensitive Direct Support),pid,HH member ID,discrete
F16 CS_S9D4_NSDS (Nutrition-Sensitive Direct Support),s9d1q1,Beneficiary of VUP (any component),discrete
F16 CS_S9D4_NSDS (Nutrition-Sensitive Direct Support),s9d4q1,Household has any NSDS beneficiary,discrete
F16 CS_S9D4_NSDS (Nutrition-Sensitive Direct Support),s9d4q1aa_y,Join NSDS / Year,discrete
F16 CS_S9D4_NSDS (Nutrition-Sensitive Direct Support),s9d4q1aa_m,Join NSDS / Month,discrete
F16 CS_S9D4_NSDS (Nutrition-Sensitive Direct Support),s9d4q2,Status while enrolled in NSDS,discrete
F16 CS_S9D4_NSDS (Nutrition-Sensitive Direct Support),s9d4q3,Number of ANC visits (pregnant while enrolled),discrete
F16 CS_S9D4_NSDS (Nutrition-Sensitive Direct Support),s9d4q4,Number of PNC visits (child 0-6 weeks),discrete
F16 CS_S9D4_NSDS (Nutrition-Sensitive Direct Support),s9d4q5,Height-for-age measurement visits attended,discrete
F16 CS_S9D4_NSDS (Nutrition-Sensitive Direct Support),s9d4q6,Activity NSDS benefit used for last 12 months,discrete
F16 CS_S9D4_NSDS (Nutrition-Sensitive Direct Support),s9d4q6_A,Used for: buy food,discrete
F16 CS_S9D4_NSDS (Nutrition-Sensitive Direct Support),s9d4q6_B,Used for: buy cloth,discrete
F16 CS_S9D4_NSDS (Nutrition-Sensitive Direct Support),s9d4q6_C,Used for: buy home utensils,discrete
F16 CS_S9D4_NSDS (Nutrition-Sensitive Direct Support),s9d4q6_D,Used for: buy durable asset,discrete
F16 CS_S9D4_NSDS (Nutrition-Sensitive Direct Support),s9d4q6_E,Used for: pay education/school fees,discrete
F16 CS_S9D4_NSDS (Nutrition-Sensitive Direct Support),s9d4q6_F,Used for: pay health/medical expenses,discrete
F16 CS_S9D4_NSDS (Nutrition-Sensitive Direct Support),s9d4q6_G,Used for: buy animals,discrete
F16 CS_S9D4_NSDS (Nutrition-Sensitive Direct Support),s9d4q6_H,Used for: invest in farming,discrete
F16 CS_S9D4_NSDS (Nutrition-Sensitive Direct Support),s9d4q6_I,Used for: invest in business/IGA,discrete
F16 CS_S9D4_NSDS (Nutrition-Sensitive Direct Support),s9d4q6_J,Used for: improve dwelling,discrete
F16 CS_S9D4_NSDS (Nutrition-Sensitive Direct Support),s9d4q6_K,Used for: savings in SACCO/VSLA/Tontine,discrete
F16 CS_S9D4_NSDS (Nutrition-Sensitive Direct Support),s9d4q6_L,Used for: saving in Ejo Heza,discrete
F16 CS_S9D4_NSDS (Nutrition-Sensitive Direct Support),s9d4q6_M,Used for: other,discrete
F16 CS_S9D4_NSDS (Nutrition-Sensitive Direct Support),s9d4q7,Quarters household received NSDS last 12 months,discrete
F16 CS_S9D4_NSDS (Nutrition-Sensitive Direct Support),s9d4q8,Amount from NSDS in first quarter,contin
F16 CS_S9D4_NSDS (Nutrition-Sensitive Direct Support),s9d4q9a,Delayed days of first-last payment,contin
F16 CS_S9D4_NSDS (Nutrition-Sensitive Direct Support),s9d4q9b,Delayed days of second-last payment,contin
F16 CS_S9D4_NSDS (Nutrition-Sensitive Direct Support),s9d4q9c,Delayed days of third-last payment,contin
F16 CS_S9D4_NSDS (Nutrition-Sensitive Direct Support),s9d4q10,Mode of receiving NSDS payment,discrete
F16 CS_S9D4_NSDS (Nutrition-Sensitive Direct Support),s9d4q11,HH member ID,discrete
F16 CS_S9D4_NSDS (Nutrition-Sensitive Direct Support),s9d1q2,Beneficiary of direct support,discrete
F16 CS_S9D4_NSDS (Nutrition-Sensitive Direct Support),s9d4q8a,Amount from NSDS in first quarter,contin
F16 CS_S9D4_NSDS (Nutrition-Sensitive Direct Support),s9d4q8b,Amount from NSDS in second quarter,discrete
F16 CS_S9D4_NSDS (Nutrition-Sensitive Direct Support),s9d4q8c,Amount from NSDS in third quarter,discrete
F16 CS_S9D4_NSDS (Nutrition-Sensitive Direct Support),s9d4q8d,Amount from NSDS in fourth quarter,discrete
F16 CS_S9D4_NSDS (Nutrition-Sensitive Direct Support),strata_id,Strata id,contin
F16 CS_S9D4_NSDS (Nutrition-Sensitive Direct Support),weight,Household Weight,contin
F16 CS_S9D4_NSDS (Nutrition-Sensitive Direct Support),quintile,Quintiles of real consumption per ae,discrete
F16 CS_S9D4_NSDS (Nutrition-Sensitive Direct Support),pov_jan,Total Poverty Headcount Ratio,discrete
F16 CS_S9D4_NSDS (Nutrition-Sensitive Direct Support),poverty,Welfare Categories,discrete
F16 CS_S9D4_NSDS (Nutrition-Sensitive Direct Support),epov_jan,Extreme Poverty Headcount Ratio,discrete
F17 CS_S9D5_Financial_Services,hhid,Household Identification,contin
F17 CS_S9D5_Financial_Services,clust,Clust,contin
F17 CS_S9D5_Financial_Services,province,Province,discrete
F17 CS_S9D5_Financial_Services,district,District,discrete
F17 CS_S9D5_Financial_Services,ur,Residence area,discrete
F17 CS_S9D5_Financial_Services,pid,ID HH member,discrete
F17 CS_S9D5_Financial_Services,s9d1q1,Beneficiary of VUP (any component),discrete
F17 CS_S9D5_Financial_Services,s9d5q1,Household ever applied for FS loan,discrete
F17 CS_S9D5_Financial_Services,s9d5q2m,Joined financial component / Month,discrete
F17 CS_S9D5_Financial_Services,s9d5q2y,Joined financial component / Year,discrete
F17 CS_S9D5_Financial_Services,s9d5q2,Approved financial services loan,discrete
F17 CS_S9D5_Financial_Services,s9d5q3,Total amount received as requested,discrete
F17 CS_S9D5_Financial_Services,s9d5q4,Total amount of loan received,contin
F17 CS_S9D5_Financial_Services,s9d5q5,Type of financial services loan,discrete
F17 CS_S9D5_Financial_Services,s9d5q6,Main project activity originally planned for loan,discrete
F17 CS_S9D5_Financial_Services,s9d5q7,Main project activity originally planned for loan (2),discrete
F17 CS_S9D5_Financial_Services,s9d1q2,Beneficiary of direct support,discrete
F17 CS_S9D5_Financial_Services,strata_id,Strata id,contin
F17 CS_S9D5_Financial_Services,weight,Household Weight,contin
F17 CS_S9D5_Financial_Services,quintile,Quintiles of real consumption per ae,discrete
F17 CS_S9D5_Financial_Services,pov_jan,Total Poverty Headcount Ratio,discrete
F17 CS_S9D5_Financial_Services,poverty,Welfare Categories,discrete
F17 CS_S9D5_Financial_Services,epov_jan,Extreme Poverty Headcount Ratio,discrete
F18 CS_S9E_other_income,hhid,Household Identification,contin
F18 CS_S9E_other_income,clust,Clust,contin
F18 CS_S9E_other_income,province,Province,discrete
F18 CS_S9E_other_income,district,District,discrete
F18 CS_S9E_other_income,ur,Residence area,discrete
F18 CS_S9E_other_income,s9eq1,Item code,discrete
F18 CS_S9E_other_income,s9eq2,Household received any of the following last 12 months,discrete
F18 CS_S9E_other_income,s9eq3,Amount received last 4 weeks,contin
F18 CS_S9E_other_income,s9eq4,Amount received last 12 months,contin
F18 CS_S9E_other_income,strata_id,Strata id,contin
F18 CS_S9E_other_income,weight,Household Weight,contin
F18 CS_S9E_other_income,quintile,Quintiles of real consumption per ae,discrete
F18 CS_S9E_other_income,pov_jan,Total Poverty Headcount Ratio,discrete
F18 CS_S9E_other_income,poverty,Welfare Categories,discrete
F18 CS_S9E_other_income,epov_jan,Extreme Poverty Headcount Ratio,discrete
F19 CS_S10A1_A2_credits,hhid,Household Identification,contin
F19 CS_S10A1_A2_credits,clust,Clust,contin
F19 CS_S10A1_A2_credits,province,Province,discrete
F19 CS_S10A1_A2_credits,district,District,discrete
F19 CS_S10A1_A2_credits,ur,Residence area,discrete
F19 CS_S10A1_A2_credits,pid,Loan recipient ID number,discrete
F19 CS_S10A1_A2_credits,s10aq1,Household member tried to obtain a loan,discrete
F19 CS_S10A1_A2_credits,s10aq2,Main reason loan was denied,discrete
F19 CS_S10A1_A2_credits,s10aq3,Household members owe money,discrete
F19 CS_S10A1_A2_credits,s10aq4,Loan ID number,discrete
F19 CS_S10A1_A2_credits,s10aq6,Loan source,discrete
F19 CS_S10A1_A2_credits,s10aq7,Main purpose of loan,discrete
F19 CS_S10A1_A2_credits,s10aq8,Property required to secure the loan,discrete
F19 CS_S10A1_A2_credits,s10aq9,Loan repaid partially or completely,discrete
F19 CS_S10A1_A2_credits,strata_id,Strata id,contin
F19 CS_S10A1_A2_credits,weight,Household Weight,contin
F19 CS_S10A1_A2_credits,quintile,Quintiles of real consumption per ae,discrete
F19 CS_S10A1_A2_credits,pov_jan,Total Poverty Headcount Ratio,discrete
F19 CS_S10A1_A2_credits,poverty,Welfare Categories,discrete
F19 CS_S10A1_A2_credits,epov_jan,Extreme Poverty Headcount Ratio,discrete
F20 CS_S10B_durables,hhid,Household Identification,contin
F20 CS_S10B_durables,clust,Clust,contin
F20 CS_S10B_durables,province,Province,discrete
F20 CS_S10B_durables,district,District,discrete
F20 CS_S10B_durables,ur,Residence area,discrete
F20 CS_S10B_durables,s10bq0,Item code,discrete
F20 CS_S10B_durables,s10bq1,COICOP,discrete
F20 CS_S10B_durables,s10bq2,How many household owns,discrete
F20 CS_S10B_durables,s10bq3,Status when purchased,discrete
F20 CS_S10B_durables,s10bq4,Article 1 purchase year,contin
F20 CS_S10B_durables,s10bq5a,Article 1 current value,contin
F20 CS_S10B_durables,s10bq5b,Article 2 current value,contin
F20 CS_S10B_durables,s10bq5c,Article 3 current value,contin
F20 CS_S10B_durables,strata_id,Strata id,contin
F20 CS_S10B_durables,weight,Household Weight,contin
F20 CS_S10B_durables,epov_jan,Extreme Poverty,discrete
F20 CS_S10B_durables,pov_jan,Poverty Rate,discrete
F20 CS_S10B_durables,poverty,Welfare Categories,discrete
F20 CS_S10B_durables,quintile,Quintiles of real consumption per ae,discrete
F21 CS_S10C_Savings,hhid,Household Identification,contin
F21 CS_S10C_Savings,clust,Clust,contin
F21 CS_S10C_Savings,province,Province,discrete
F21 CS_S10C_Savings,district,District,discrete
F21 CS_S10C_Savings,ur,Residence area,discrete
F21 CS_S10C_Savings,pid,ID number of person saving,discrete
F21 CS_S10C_Savings,s10cq1,Ownership of account (FI/momo/tontine),discrete
F21 CS_S10C_Savings,s10cq3,ID number of account,contin
F21 CS_S10C_Savings,s10cq4,Person has account (bank/momo),discrete
F21 CS_S10C_Savings,s10cq5,Institution the person banks with,discrete
F21 CS_S10C_Savings,s10cq6,Type of account owned,discrete
F21 CS_S10C_Savings,s10cq7,Account generates interest,discrete
F21 CS_S10C_Savings,s10cq8,Person participates in a tontine,discrete
F21 CS_S10C_Savings,strata_id,Strata id,contin
F21 CS_S10C_Savings,weight,Household Weight,contin
F21 CS_S10C_Savings,quintile,Quintiles of real consumption per ae,discrete
F21 CS_S10C_Savings,pov_jan,Total Poverty Headcount Ratio,discrete
F21 CS_S10C_Savings,poverty,Welfare Categories,discrete
F21 CS_S10C_Savings,epov_jan,Extreme Poverty Headcount Ratio,discrete
