variable,label,type,value_labels,n_value_labels,universe,n_2002,n_2012,n_2022,source_by_year,version_years,other_versions,label_variants,value_label_conflicts
survey,Source survey,string,,0,,175737,242461,331917,,,,,
year,Census year,int16,,0,,0,0,0,,,,,
wave,Wave (census year),string,,0,,175737,242461,331917,,,,,
prov,"Province (1-5, NISR codes)",int8,"1=City of Kigali, 2=Southern Province, 3=Western Province, 4=Northern Province, 5=Estern Province",5,,175737,242461,331917,2002: province_code; 2012: l01; 2022: ml01,,,,
dist,"District (11-57, NISR codes)",int8,"11=Nyarugenge, 12=Gasabo, 13=Kicukiro, 21=Nyanza, 22=Gisagara, 23=Nyaruguru …",30,,175737,242461,331917,2002: district_code (3-digit prov*100+seq -> prov*10+seq); 2012: dui; 2022: ml02,,,,
sector,"Sector (1101-5715, NISR codes; names attached)",int16,"1101=Gitega, 1102=Kanyinya, 1103=Kigali, 1104=Kimisagara, 1105=Mageregere, 1106=Muhima …",416,,175737,242461,331917,2002: novsect matched by name to NISR current sector codes (sector_code_file kept); 2012: sui; 2022: ml03,,,,
urban,"Area of residence (1 urban, 2 rural)",int8,"1=Urban, 2=Rural",2,,0,242461,331917,"2002: g06_milieu; 2012: rl07 (NISR 2-way recode: urban + semi-urban = 1, rural + peri-urban = 2; l07 kept); 2022: ml07",,,,
cluster,Sampling cluster proxy (year_sector),string,,0,,175737,242461,331917,,,,,
hhid,Household id (unique within year),double,,0,,175737,242461,331917,2002 original label (FR): Household Id,,,,
wt,Household weight (sums to the number of households),double,,0,,175737,242461,331917,2002: weight; 2012: sampleweight_final_; 2022: pop_weight,,,,
wt_hh,Household weight (2022 as shipped; 2002/2012 = person weight of the household sa,double,,0,,175737,242461,331917,"2002: = wt (10% household sample, self-weighting); 2012: = wt (10% household sample, self-weighting); 2022: hh_weight",,,,
novprov,Province name,string,,0,,175737,242461,331917,,,,,
district_code,"District code (3-digit, as shipped)",int16,,0,,175737,0,0,,,,,
novdistr,District name,string,,0,,175737,242461,331917,,,,,
sector_code_file,"Sector code as shipped in the 2002 file (before the name-based correction, see D",int32,,0,,175737,0,0,,,,,
novsect,Sector name,string,,0,,175737,242461,331917,,,,,
h100,Household type (100 = ordinary household),int8,100=Ordinary household,1,,175737,0,0,2002 original label (FR): Type de ménage,,,,
h200,Collective household type (codes 201-214; not filled),int8,"201=Police camp, 202=Home for old persons, 203=Military camp, 204=Religious institution, 205=Street children, 206=Schools …",14,,175737,0,0,2002 original label (FR): Type de ménage2,,,,
h101,Questionnaire serial number in household,int8,,0,,175736,0,0,2002 original label (FR): H101,,,,
h102,Number of questionnaires filled in household,int8,,0,,175735,0,0,2002 original label (FR): H102,,,,
h110,Recap: male residents present,int8,,0,,175737,0,0,2002 original label (FR): H110,,,,
h111,Recap: male residents absent,int8,,0,,175737,0,0,2002 original label (FR): H111,,,,
h112,Recap: male residents total,int8,,0,,175737,0,0,2002 original label (FR): H112,,,,
h113,Recap: male residents aged 17+,int8,,0,,175737,0,0,2002 original label (FR): H113,,,,
h114,Recap: male visitors,int8,,0,,175737,0,0,2002 original label (FR): H114,,,,
h115,Recap: female residents present,int8,,0,,175737,0,0,2002 original label (FR): H115,,,,
h116,Recap: female residents absent,int8,,0,,175737,0,0,2002 original label (FR): H116,,,,
h117,Recap: female residents total,int8,,0,,175737,0,0,2002 original label (FR): H117,,,,
h118,Recap: female residents aged 17+,int8,,0,,175737,0,0,2002 original label (FR): H118,,,,
h119,Recap: female visitors,int8,,0,,175737,0,0,2002 original label (FR): H119,,,,
h120,"Recap: residents present, total",int8,,0,,175737,0,0,2002 original label (FR): H120,,,,
h121,"Recap: residents absent, total",int8,,0,,175737,0,0,2002 original label (FR): H121,,,,
h122,"Recap: residents, total",int8,,0,,175737,0,0,2002 original label (FR): H122,,,,
h123,"Recap: residents aged 17+, total",int8,,0,,175737,0,0,2002 original label (FR): H123,,,,
h124,"Recap: visitors, total",int8,,0,,175737,0,0,2002 original label (FR): H124,,,,
h01,Type of habitant,int8,"1=Planned rural settlement, 2=Integrated Model Village, 3=Old settlement, 4=Unplanned clustered rural housing (Dispersed/Isolated housing), 5=Modern planned urban area, 6=Spontaneous/Squatter housing in Urban area …",9,2002: ordinary (private) households; 2012: private households (repeated on every member); 2022: private households (repeated on every member),175737,242461,331917,2002 original label (FR): Type d'habitat,,,2002: Type of housing; 2012: Type of Housing,"{""1"": [""Planned rural settlement"", ""Umudugudu (new rural agglomeration)"", ""Umudugudu(Clustered rural settlement)""], ""2"": [""Early rural agglomeration"", ""Integrated Model Village"", ""Old settlement""], ""4"": [""Planned urban housing"", ""Planned urban housing (cadastral plot)"", ""Unplanned clustered rural housing (Dispersed/Isolated housing)""], ""9"": [""Not stated"", ""missing""], ""3"": [""Dispersed/Isolated housing"", ""Old settlement""], ""5"": [""Modern planned urban area"", ""Spontaneous/squatter housing""], ""6"": [""Other type of housing"", ""Spontaneous/Squatter housing in Urban area""]}"
h02,Type of Building,int8,"1=House occupied by one household, 2=House occupied by several householdS, 3=Storey building occupied by one household, 4=Storey building occupied by many households, 5=Several buildings in a compound occupied by one  household, 6=Several buildings in a compound occupied by several  households …",8,2002: ordinary (private) households; 2012: private households (repeated on every member); 2022: private households (repeated on every member),175737,242461,331917,2002 original label (FR): Type de construction,,,2002: Type of building; 2012: Type of Housing unit,"{""1"": [""Building occupied by one household"", ""House occupied by one household""], ""2"": [""Building occupied by several households"", ""House occupied by several household"", ""House occupied by several householdS""], ""3"": [""Storey building occupied by one household"", ""Storey building occupied by one or more household"", ""Storey building occupied by one or more households""], ""4"": [""Several buildings in a compound occupied by several househol"", ""Several buildings in a compound occupied by several households"", ""Storey building occupied by many households""], ""5"": [""Other type of building"", ""Several buildings in a compound occupied by one  household""]}"
h03_v3,[2002-2002 version] Roof material,int8,"1=Zinc / iron sheets, 2=Local tiles, 3=Industrial tiles/slates, 4=Concrete, 5=Cartons/sheeting, 6=Grass/straw …",8,ordinary (private) households,175737,0,0,,2002,"h03 (2022–2022), h03_v2 (2012–2012)",,
h04_v3,[2002-2002 version] Outer wall material,int8,"1=Wood / unplastered mud walls, 2=Wood / cemented mud walls, 3=Sun-dried (adobe) bricks, 4=Burnt bricks, 5=Cement blocks / concrete, 6=Stone …",10,ordinary (private) households,175737,0,0,,2002,"h04 (2022–2022), h04_v2 (2012–2012)",,
h05_v3,[2002-2002 version] Floor material,int8,"1=Earth, 2=Cement, 3=Stone, 4=Floor tiles, 5=Burnt bricks, 6=Other …",7,ordinary (private) households,175737,0,0,,2002,"h05 (2022–2022), h05_v2 (2012–2012)",,
h06_v3,[2002-2002 version] Number of living rooms,int8,"1=1, 2=2, 3=3, 4=4, 5=5, 6=6 …",16,ordinary (private) households,175737,0,0,,2002,"h06 (2022–2022), h06_v2 (2012–2012)",,
h07_v3,[2002-2002 version] Main source of water supply,int8,"1=Internal pipe-borne water, 2=Pipe-borne water in the compound, 3=Public tap outside the compound, 4=Protected spring/well, 5=Unprotected spring/well, 6=Rain water …",10,ordinary (private) households,175737,0,0,,2002,"h07 (2022–2022), h07_v2 (2012–2012)",,
h08_v3,[2002-2002 version] Main source of lighting,int8,"1=Electricity (Electrogaz), 2=Hydro-electric or other private source, 3=Solar panel / electric generator, 4=Kerosene lamp, 5=Oil lamp, 6=Candle …",9,ordinary (private) households,175737,0,0,,2002,"h08 (2022–2022), h08_v2 (2012–2012)",,
h09_v3,[2002-2002 version] Main cooking energy,int8,"1=Electricity, 2=Gas, 3=Kerosene, 4=Firewood, 5=Charcoal, 6=Vegetal material (grass, leaves) …",8,ordinary (private) households,175737,0,0,,2002,"h09 (2022–2022), h09_v2 (2012–2012)",,
h10_v3,[2002-2002 version] Main toilet facility,int8,"1=Flush toilet (WC), 2=Private pit latrine, 3=Public/shared pit latrine, 4=Bush, 5=Other, 9=Not stated",6,ordinary (private) households,175737,0,0,,2002,"h10 (2022–2022), h10_v2 (2012–2012)",,
h11_v3,[2002-2002 version] Main mode of household waste disposal,int8,"1=Compost dumping, 2=Private dust bin, 3=Public refuse dump, 4=In the bush, 5=On the farm, 6=In a river/stream/drain …",8,ordinary (private) households,175737,0,0,,2002,"h11 (2022–2022), h11_v2 (2012–2012)",,
h12_v3,[2002-2002 version] Occupancy status of the dwelling,int8,"1=Owner, 2=Tenant, 3=Hire purchase, 4=Free lodging, 5=Service housing, 6=Refuge / temporary camp …",8,ordinary (private) households,175737,0,0,,2002,"h12 (2022–2022), h12_v2 (2012–2012)",,
h13_v3,[2002-2002 version] Radio / television ownership,int8,"1=Radio, 2=Television, 3=Radio and television, 4=None, 9=Not stated",5,ordinary (private) households,175737,0,0,,2002,"h13 (2022–2022), h13_v2 (2012–2012)",,
h14_v3,[2002-2002 version] Fixed-line / cell phone,int8,"1=Fixed-line telephone, 2=Cell phone, 3=Fixed-line and cell phone, 4=None, 9=Not stated",5,ordinary (private) households,175737,0,0,,2002,"h14 (2022–2022), h14_v2 (2012–2012)",,
h15_v3,[2002-2002 version] Computer / internet connection,int8,"1=Computer, 2=Computer and internet connection, 3=None, 9=Not stated",4,ordinary (private) households,175737,0,0,,2002,"h15 (2022–2022), h15_v2 (2012–2012)",,
h16a,Number of vehicles,int8,"0=No vehicle, 1=1 vehicle, 2=2 vehicles, 3=3 vehicles, 4=4 vehicles, 9=Not stated",6,ordinary (private) households,175737,0,0,2002 original label (FR): Possession de véhicule(s),,,,
h16b,Number of motorcycles,int8,"0=No motorcycle, 1=1 motorcycle, 2=2 motorcycles, 3=3 motorcycles, 4=4 motorcycles, 5=5 motorcycles …",10,ordinary (private) households,175737,0,0,2002 original label (FR): Possession de moto(s),,,,
h16c,Number of bicycles,int8,"1=1, 2=2, 3=3, 4=4, 5=5, 6=6 …",21,ordinary (private) households,175737,0,0,2002 original label (FR): Possession de bicyclette(s),,,,
h17_v3,[2002-2002 version] Total persons counted in the household,int8,,0,ordinary (private) households,175737,0,0,,2002,"h17 (2022–2022), h17_v2 (2012–2012)",,
h18_v3,[2002-2002 version] (empty in the public file),int8,,0,ordinary (private) households,0,0,0,,2002,"h18 (2022–2022), h18_v2 (2012–2012)",,
h19a,Any death of a resident member in the last 12 months,int8,"1=Yes, 2=No, 9=Not stated",3,ordinary (private) households,175737,0,0,2002 original label (FR): H19A,,,,
h19b,Number of deaths in the last 12 months,int8,,0,ordinary (private) households,7498,0,0,2002 original label (FR): H19B,,,,
probability,Inclusion (selection) probability,double,,0,,175737,0,0,2002 original label (FR): Inclusion (Selection) Probability for Stage 1,,,,
p00_nu,NISR artefact: count of P00 in household,int8,,0,,175737,0,0,,,,,
p00_mean,NISR artefact: mean of P00 in household,double,,0,,175737,0,0,,,,,
collective,1 = row belongs to a collective/institutional household (2002 only),int8,,0,,175737,0,0,2002: h100 missing (P03 = 4 'ménage collectif'),,,,
hhsize,Household size (persons in the public-use roster),int8,,0,,175737,242461,331917,,,,,
head_sex,Sex of household head (sex of p02==1),int8,"1=Male, 2=Female",2,,175737,242461,331917,,,,,
head_age,Age of household head (age of p02==1),int16,,0,,175737,242461,331917,,,,,
l02,District,int8,,0,,0,242461,0,,,,,
l03,Sector,int8,,0,,0,242461,0,,,,,
l07,Area of residence,int8,"1=Urban, 2=Rural, 3=Peri-urban, 4=Semi-urban",4,,0,242461,0,,,,,
rp2124,"Reason for not working (NISR recode of P21, inactive only)",int8,"4=Home worker, 5=Old people/Retired, 6=Students, 7=Other",4,residents aged 5+ (P21-P24 only if did not work in the last 7 days),0,0,0,,,,,
rl07,"Urban/rural, 2-way (NISR recode of L07: urban + semi-urban = 1, rural + peri-urb",int8,"1=Urban, 2=Rural",2,,0,242461,0,,,,,
h03_v2,[2012-2012 version] Status of occupancy of house,int8,"1=Owner, 2=Tenant, 3=Hire purchase, 4=Free lodging, 5=Staff housing, 6= Refuge/Temporary camp settlement …",7,private households (repeated on every member),0,242461,0,,2012,"h03 (2022–2022), h03_v3 (2002–2002)",,
h04_v2,[2012-2012 version] Roof,int8,"1=Iron sheets, 2=Local tiles, 3=Industrial tiles, 4=Asbestos, 5=Concrete, 6=Cartoons/Sheathing …",8,private households (repeated on every member),0,242461,0,,2012,"h04 (2022–2022), h04_v3 (2002–2002)",,
h05_v2,[2012-2012 version] Walls,int8,"1=Wood/Mud, 2=Wood/ Cement mud, 3=Sundried bricks, 4=Plastic sheating/Cardboard, 5=Cement Blocks/Concrete, 6=Stone …",9,private households (repeated on every member),0,242461,0,,2012,"h05 (2022–2022), h05_v3 (2002–2002)",,
h06_v2,[2012-2012 version] Floor,int8,"1=Earth/Sand, 2=Concrete, 3=Stone, 4=Burn Bricks, 5=Timber, 6=Other",6,private households (repeated on every member),0,242461,0,,2012,"h06 (2022–2022), h06_v3 (2002–2002)",,
h07_v2,[2012-2012 version] Number of rooms,int8,15=15 rooms and more,1,private households (repeated on every member),0,242461,0,,2012,"h07 (2022–2022), h07_v3 (2002–2002)",,
h08_v2,[2012-2012 version] Number of rooms for sleeping,int8,15=15 rooms and more,1,private households (repeated on every member),0,242461,0,,2012,"h08 (2022–2022), h08_v3 (2002–2002)",,
h09_v2,[2012-2012 version] Number of occupants,int8,30=30 and +,1,private households (repeated on every member),0,242461,0,,2012,"h09 (2022–2022), h09_v3 (2002–2002)",,
h10_v2,[2012-2012 version] Main source of water,int8,"1=Internal Pip-born water, 2=Pipe-born water in the compound, 3=Public tap out of the compound, 4=Protected spring/Well, 5=Unprotected Spring/Well, 6=Rain Water …",9,private households (repeated on every member),0,242461,0,,2012,"h10 (2022–2022), h10_v3 (2002–2002)",,
h11_v2,[2012-2012 version] Type of toilet facility,int8,"1=Flush toilet/Water close (WC) system, 2=Private pit latrine, 3=Public pit latrine, 4=Bush, 5=Other",5,private households (repeated on every member),0,242461,0,,2012,"h11 (2022–2022), h11_v3 (2002–2002)",,
h12_v2,[2012-2012 version] Source of lighting,int8,"1=Electricity by EWSA, 2=Hydro-electric or other private source, 3=Solar power, 4=Generator, 5=Kerosene lamp, 6=Paraffin …",10,private households (repeated on every member),0,242461,0,,2012,"h12 (2022–2022), h12_v3 (2002–2002)",,
h13_v2,[2012-2012 version] Energy of cooking,int8,"1=Electricity, 2=Gas, 3=Biogas, 4=Kerosene, 5=Firewood, 6=Charcoal …",8,private households (repeated on every member),0,242461,0,,2012,"h13 (2022–2022), h13_v3 (2002–2002)",,
h14_v2,[2012-2012 version] Energy saving stove,int8,"1=Yes, and it is used, 2=Yes, but not used, 3=No",3,private households (repeated on every member),0,242461,0,,2012,"h14 (2022–2022), h14_v3 (2002–2002)",,
h15_v2,[2012-2012 version] Mode of household waste disposal,int8,"1=Compost dumping, 2=Private dust bins, 3=Public refuse dumps, 4=In the bush, 5=On the farms, 6=In a river/Stream/Drain/Gutter …",7,private households (repeated on every member),0,242461,0,,2012,"h15 (2022–2022), h15_v3 (2002–2002)",,
h16_v2,[2012-2012 version] Mode of sewage disposal,int8,"1=Sump, 2=In the countryard, 3=Rivulet/Trench/Channels, 4=In the street, 5=Main sewer, 6=Cesspool …",8,private households (repeated on every member),0,242461,0,,2012,h16 (2022–2022),,
h17_v2,[2012-2012 version] Radio,int8,8=8 and +,1,private households (repeated on every member),0,242461,0,,2012,"h17 (2022–2022), h17_v3 (2002–2002)",,
h18_v2,[2012-2012 version] Television,int8,8=8 and +,1,private households (repeated on every member),0,242461,0,,2012,"h18 (2022–2022), h18_v3 (2002–2002)",,
h19_v2,[2012-2012 version] Telephone (fixed line),int8,8=8 and +,1,private households (repeated on every member),0,242461,0,,2012,h19 (2022–2022),,
h20_v2,[2012-2012 version] Cell phone,int8,20=20 and +,1,private households (repeated on every member),0,242461,0,,2012,h20 (2022–2022),,
h21,Refrigerator/ Freezer,int8,8=8 and +,1,private households (repeated on every member),0,242461,0,,,,,
h22_v2,[2012-2012 version] Computer,int8,8=8 and +,1,private households (repeated on every member),0,242461,0,,2012,h22 (2022–2022),,
h23_v2,[2012-2012 version] Bicycles,int8,10=10 and +,1,private households (repeated on every member),0,242461,0,,2012,h23 (2022–2022),,
h24,Vehicles,int8,10=10 and +,1,private households (repeated on every member),0,242461,0,,,,,
h25,Motorcycles,int8,10=10 and +,1,private households (repeated on every member),0,242461,0,,,,,
h26_v2,[2012-2012 version] Internet Access,int8,"1=Yes, 2=No",2,private households (repeated on every member),0,242461,0,,2012,h26 (2022–2022),,
h27_v2,[2012-2012 version] Where do you access internet,int8,"1=From home, 2=From Office/School, 3=From home and From Office/School, 4=From Cyber Cafe, 5=Home and Cyber, 6=Office and Cyber …",17,private households (repeated on every member),0,242461,0,,2012,h27 (2022–2022),,
h28a_v2,[2012-2012 version] Cattle:Local breed cow,int16,500=500 local breed cow and more,1,private households (repeated on every member),0,242461,0,,2012,h28a (2022–2022),,
h28b,Cattle: Cross breed cow,int16,500=500 cross breed cow and more,1,private households (repeated on every member),0,242461,0,,,,,
h28c,Cattle: Exotic breed cow,int16,500=500 exotic breed cow and more,1,private households (repeated on every member),0,242461,0,,,,,
h29,Goats,int16,500=500 goats and more,1,private households (repeated on every member),0,242461,0,,,,,
h30,Sheeps,int16,500=500 sheeps and more,1,private households (repeated on every member),0,242461,0,,,,,
h31,Pigs,int16,500=500 pigs and more,1,private households (repeated on every member),0,242461,0,,,,,
h32,Rabbits,int16,500=500 rabbits and more,1,private households (repeated on every member),0,242461,0,,,,,
h33,Poultry/fowl,int16,500=500 poultry/fowls and more,1,private households (repeated on every member),0,242461,0,,,,,
h34,Other,int16,500=500 other poulrty and more,1,private households (repeated on every member),0,242461,0,,,,,
h35,Land,int8,"0=No, without land, 1=Yes, in his own land, 2=Yes, in land he rented, 3=in his own land and rent, 4=No, He/she has rented it out, 5=Own land, No he/she has rented it out …",16,private households (repeated on every member),0,242461,0,,,,,
m1,Death in the Household,int8,"1=Yes, 2=No",2,private households (deaths in the last 12 months),0,242461,0,,,,,
inclusionprobability_1_,Inclusion (Selection) Probability for Stage 1,double,,0,,0,242461,0,,,,,
p07a,Residence Status,int8,"1=Usual resident, 2=Visitor",2,,0,0,331917,,,,,
h03,Tenure of then housing unit,int8,"1=Owner (Even when he/she is still paying the bank loan), 2=Tenant, 3=Hire purchase (Having payment contract with the owner), 4=Free lodging, 5=Staff housing, 6=Temporary camp or settlement …",7,private households (repeated on every member),0,0,331917,2002 original label (FR): Toiture,2022,"h03_v2 (2012–2012), h03_v3 (2002–2002)",,
h04,Is this Household has its own housing unit  in this village or elsewhere,int8,"1=Yes, 2=No",2,private households (repeated on every member),0,0,93807,2002 original label (FR): Murs,2022,"h04_v2 (2012–2012), h04_v3 (2002–2002)",,
h05,main material used for the roof,int8,"1=Iron Sheets, 2=Local tiles, 3=Industrial tiles, 4=Asbestos, 5=Concrete, 6=All non durable roofing materials (Cartoons, Sheeting, ...) …",9,private households (repeated on every member),0,0,331917,2002 original label (FR): Pavement,2022,"h05_v2 (2012–2012), h05_v3 (2002–2002)",,
h06,main material used for the walls,int8,"1=Wood with mud and cement, 2=Wood with mud without cement, 3=Sun dried bricks  with cement, 4=Sun dried bricks  without  cement, 5=All non durable wall materials(Cartoons, Sheathing, ...), 6=Cement blocks …",14,private households (repeated on every member),0,0,331917,2002 original label (FR): Nombre de pièces,2022,"h06_v2 (2012–2012), h06_v3 (2002–2002)",,
h07,main material used for the floor,int8,"1=Earth, 2=Dung hardened, 3=Concrete, 4=Stones, 5=Burnt bricks, 6=Wooden floor …",10,private households (repeated on every member),0,0,331917,2002 original label (FR): Eau,2022,"h07_v2 (2012–2012), h07_v3 (2002–2002)",,
h08,Number of rooms,int8,,0,private households (repeated on every member),0,0,331917,2002 original label (FR): Eclairage,2022,"h08_v2 (2012–2012), h08_v3 (2002–2002)",,
h09,number of rooms are used for sleeping,int8,,0,private households (repeated on every member),0,0,331917,2002 original label (FR): Cuisson,2022,"h09_v2 (2012–2012), h09_v3 (2002–2002)",,
h10,Are Sleeping rooms  for Boys separated from those for Girls,int8,"1=Yes, 2=No, 3=Not Applicable",3,private households (repeated on every member),0,0,331917,2002 original label (FR): Toilette,2022,"h10_v2 (2012–2012), h10_v3 (2002–2002)",,
h11,Main source of water used for general purposes,int8,"1=Internal pipe-born water, 2=Pipe-born water in the compound, 3=Pipe-born water from the neighbor HH, 4=Public tap out of the compound, 5=Tube Well /Borehole, 6=Protected Spring/Well …",12,private households (repeated on every member),0,0,331917,2002 original label (FR): Déchets,2022,"h11_v2 (2012–2012), h11_v3 (2002–2002)",,
h12,Main source of drinking water,int8,"1=Internal pipe-born water, 2=Pipe-born water in the compound, 3=Pipe-born water from the neigbour HH, 4=Public tap out of the compound, 5=Tube Well /Borehole, 6=Protected Spring/Well …",13,private households (repeated on every member),0,0,331917,2002 original label (FR): Titre de l'habitat,2022,"h12_v2 (2012–2012), h12_v3 (2002–2002)",,
h13,Toilet Facility,int8,"1=Flush toilet used by one Houesehold, 2=Flush toilet used by several Houeseholds, 3=Pit Latrine with constructed floor slab used by one HH, 4=Pit Latrine with constructed floor slab used by several HH, 5=Pit Latrine without constructed floor slab used by one HHs, 6=Pit Latrine without constructed floor slab used by several HHs …",8,private households (repeated on every member),0,0,331917,2002 original label (FR): Radio et télévision,2022,"h13_v2 (2012–2012), h13_v3 (2002–2002)",,
h14,Electricity (Grid line) connectivity,int8,"1=Yes, 2=No",2,private households (repeated on every member),0,0,331917,2002 original label (FR): Téléphone,2022,"h14_v2 (2012–2012), h14_v3 (2002–2002)",,
h15,Main source of energy for lighting,int8,"1=Electricity from REG, 2=Private Hydro Mini grid, 3=Standalone solar system, 4=Private Solar Mini Grid, 5=Generator, 6=Kerosene / Paraffin lamp …",14,private households (repeated on every member),0,0,331917,2002 original label (FR): Ordinateur et Internet,2022,"h15_v2 (2012–2012), h15_v3 (2002–2002)",,
h16,Main source of energy for cooking,int8,"1=Firewood, 2=Charcoal, 3=Gas, 4=Electricity, 5=Kerosene/Parafine, 6=Biogas …",16,private households (repeated on every member),0,0,331917,,2022,h16_v2 (2012–2012),,
h17,Secondary source of energy for cooking,int8,"1=Firewood, 2=Charcoal, 3=Gas, 4=Electricity, 5=Kerosene/Parafine, 6=Biogas …",15,private households (repeated on every member),0,0,327320,2002 original label (FR): H17,2022,"h17_v2 (2012–2012), h17_v3 (2002–2002)",,
h18,Does your HH use a cooking energy saving stove?,int8,"1=Yes, 2=No",2,private households (repeated on every member),0,0,326988,2002 original label (FR): H18,2022,"h18_v2 (2012–2012), h18_v3 (2002–2002)",,
h19,Main mode of household waste disposal used,int8,"1=Public Composit dumping, 2=Household ompost dumping, 3=Waste collection companies, 4=Thrown in the household's fields or bushes, 5=Burnt, 6=In a River/Stream/Drain/Gutter/lacs …",8,private households (repeated on every member),0,0,331917,,2022,h19_v2 (2012–2012),,
h20,Main mode of sewage,int8,"1=Sump, 2=In the courtyard, 3=Rivulet/Trench/Channels, 4=In the street, 5=Main sewer, 6=Cesspool …",9,private households (repeated on every member),0,0,331917,,2022,h20_v2 (2012–2012),,
h21_01,Functional assets own by HH: Radio,int8,"1=Yes, 2=No",2,private households (repeated on every member),0,0,331906,,,,,
h21_02,Functional assets own by HH: Television,int8,"1=Yes, 2=No",2,private households (repeated on every member),0,0,331906,,,,,
h21_03,Functional assets own by HH: Refrigerator/Freezer for HH use only,int8,"1=Yes, 2=No",2,private households (repeated on every member),0,0,331906,,,,,
h21_04,Functional assets own by HH: Gas/Electrical Cooker,int8,"1=Yes, 2=No",2,private households (repeated on every member),0,0,331906,,,,,
h21_05,Functional assets own by HH: Washing machine,int8,"1=Yes, 2=No",2,private households (repeated on every member),0,0,331906,,,,,
h21_06,Functional assets own by HH: Microwave,int8,"1=Yes, 2=No",2,private households (repeated on every member),0,0,331906,,,,,
h21_07,Functional assets own by HH: Mattress,int8,"1=Yes, 2=No",2,private households (repeated on every member),0,0,331906,,,,,
h21_08,Functional assets own by HH: Bench/Chair,int8,"1=Yes, 2=No",2,private households (repeated on every member),0,0,331906,,,,,
h21_09,Functional assets own by HH: Bed,int8,"1=Yes, 2=No",2,private households (repeated on every member),0,0,331906,,,,,
h21_10,Functional assets own by HH: Tables,int8,"1=Yes, 2=No",2,private households (repeated on every member),0,0,331906,,,,,
h21_11,Functional assets own by HH: Sofa,int8,"1=Yes, 2=No",2,private households (repeated on every member),0,0,331906,,,,,
h21_12,Functional assets own by HH: Computers,int8,"1=Yes, 2=No",2,private households (repeated on every member),0,0,331906,,,,,
h21_13,Functional assets own by HH: Vehicles for household use only,int8,"1=Yes, 2=No",2,private households (repeated on every member),0,0,331906,,,,,
h21_14,Functional assets own by HH: Motorcycles for household use only,int8,"1=Yes, 2=No",2,private households (repeated on every member),0,0,331906,,,,,
h21_15,Functional assets own by HH: Bicycles for household use only,int8,"1=Yes, 2=No",2,private households (repeated on every member),0,0,331906,,,,,
h21_16,Functional assets own by HH: Electrical/Charcoal Iron,int8,"1=Yes, 2=No",2,private households (repeated on every member),0,0,331906,,,,,
h22,HH own livestock or beehive,int8,"1=Yes, 2=No",2,private households (repeated on every member),0,0,331917,,2022,h22_v2 (2012–2012),,
h22a_01,Local breed cows reared,int8,"1=Yes, 2=No",2,private households (repeated on every member),0,0,168363,,,,,
h22a_02,Exotic breed cows reared,int8,"1=Yes, 2=No",2,private households (repeated on every member),0,0,168363,,,,,
h22a_03,Cross breed cows reared,int8,"1=Yes, 2=No",2,private households (repeated on every member),0,0,168363,,,,,
h22a_04,Local goats reared,int8,"1=Yes, 2=No",2,private households (repeated on every member),0,0,168363,,,,,
h22a_05,Exotic goats reared,int8,"1=Yes, 2=No",2,private households (repeated on every member),0,0,168363,,,,,
h22a_06,Cross goats reared,int8,"1=Yes, 2=No",2,private households (repeated on every member),0,0,168363,,,,,
h22a_07,Local sheep reared,int8,"1=Yes, 2=No",2,private households (repeated on every member),0,0,168363,,,,,
h22a_08,Exotic sheep reared,int8,"1=Yes, 2=No",2,private households (repeated on every member),0,0,168363,,,,,
h22a_09,Local pigs reared,int8,"1=Yes, 2=No",2,private households (repeated on every member),0,0,168363,,,,,
h22a_10,Exotic pig reared,int8,"1=Yes, 2=No",2,private households (repeated on every member),0,0,168363,,,,,
h22a_11,Cross pig reared,int8,"1=Yes, 2=No",2,private households (repeated on every member),0,0,168363,,,,,
h22a_12,Rabbits reared,int8,"1=Yes, 2=No",2,private households (repeated on every member),0,0,168363,,,,,
h22a_13,Broiler chicken reared,int8,"1=Yes, 2=No",2,private households (repeated on every member),0,0,168363,,,,,
h22a_14,Layers chicken reared,int8,"1=Yes, 2=No",2,private households (repeated on every member),0,0,168363,,,,,
h22a_15,Dual purpose chicken reared,int8,"1=Yes, 2=No",2,private households (repeated on every member),0,0,168363,,,,,
h22a_16,Local chicken reared,int8,"1=Yes, 2=No",2,private households (repeated on every member),0,0,168363,,,,,
h22a_17,Duck reared,int8,"1=Yes, 2=No",2,private households (repeated on every member),0,0,168363,,,,,
h22a_18,Turkey reared,int8,"1=Yes, 2=No",2,private households (repeated on every member),0,0,168363,,,,,
h22a_19,Other poultry reared,int8,"1=Yes, 2=No",2,private households (repeated on every member),0,0,168363,,,,,
h22a_20,Camel reared,int8,"1=Yes, 2=No",2,private households (repeated on every member),0,0,168363,,,,,
h22a_21,Bees hive reared,int8,"1=Yes, 2=No",2,private households (repeated on every member),0,0,168363,,,,,
h22a_22,Dogs reared,int8,"1=Yes, 2=No",2,private households (repeated on every member),0,0,168363,,,,,
h22a_23,Other reared,int8,"1=Yes, 2=No",2,private households (repeated on every member),0,0,168363,,,,,
h22b1_01,Number of Local breed cows reared,int16,,0,private households (repeated on every member),0,0,51122,,,,,
h22b1_02,Number of Exotic breed cows reared,int16,,0,private households (repeated on every member),0,0,5374,,,,,
h22b1_03,Number of Cross breed cows reared,int16,,0,private households (repeated on every member),0,0,37289,,,,,
h22b1_04,Number of Local goats reared,int16,,0,private households (repeated on every member),0,0,60624,,,,,
h22b1_05,Number of Exotic goats reared,int8,,0,private households (repeated on every member),0,0,1815,,,,,
h22b1_06,Number of Cross goats reared,int16,,0,private households (repeated on every member),0,0,2368,,,,,
h22b1_07,Number of Local sheep reared,int8,,0,private households (repeated on every member),0,0,13527,,,,,
h22b1_08,Number of Exotic sheep reared,int8,,0,private households (repeated on every member),0,0,2142,,,,,
h22b1_09,Number of Local pigs reared,int16,,0,private households (repeated on every member),0,0,42575,,,,,
h22b1_10,Number of Exotic pig reared,int16,,0,private households (repeated on every member),0,0,2697,,,,,
h22b1_11,Number of Cross pig reared,int8,,0,private households (repeated on every member),0,0,4666,,,,,
h22b1_12,Number of Rabbits reared,int16,,0,private households (repeated on every member),0,0,9425,,,,,
h22b1_13,Number of Broiler chicken reared,int16,,0,private households (repeated on every member),0,0,4176,,,,,
h22b1_14,Number of Layers chicken reared,int16,,0,private households (repeated on every member),0,0,10762,,,,,
h22b1_15,Number of Dual purpose chicken reared,int16,,0,private households (repeated on every member),0,0,6797,,,,,
h22b1_16,Number of Local chicken reared,int16,,0,private households (repeated on every member),0,0,20326,,,,,
h22b1_17,Number of Duck reared,int8,,0,private households (repeated on every member),0,0,2313,,,,,
h22b1_18,Number of Turkey reared,int8,,0,private households (repeated on every member),0,0,581,,,,,
h22b1_19,Number of Other poultry reared,int8,,0,private households (repeated on every member),0,0,62,,,,,
h22b1_20,Number of Camel reared,string,,0,private households (repeated on every member),175737,242461,331917,,,,,
h22b1_21,Number of Bees hive reared,int16,,0,private households (repeated on every member),0,0,1783,,,,,
h22b1_22,Number of Dogs reared,int8,,0,private households (repeated on every member),0,0,4751,,,,,
h22b1_23,Number of Other reared,int8,,0,private households (repeated on every member),0,0,1245,,,,,
h22b2_01,Location(District) where is Local breed cows reared,int8,"11=Nyarugenge, 12=Gasabo, 13=Kicukiro, 21=Nyanza, 22=Gisagara, 23=Nyaruguru …",30,private households (repeated on every member),0,0,51122,,,,,
h22b2_02,Location(District) where is Exotic breed cows reared,int8,"11=Nyarugenge, 12=Gasabo, 13=Kicukiro, 21=Nyanza, 22=Gisagara, 23=Nyaruguru …",30,private households (repeated on every member),0,0,5374,,,,,
h22b2_03,Location(District) where is Cross breed cows reared,int8,"11=Nyarugenge, 12=Gasabo, 13=Kicukiro, 21=Nyanza, 22=Gisagara, 23=Nyaruguru …",30,private households (repeated on every member),0,0,37289,,,,,
h22b2_04,Location(District) where is Local goats reared,int8,"11=Nyarugenge, 12=Gasabo, 13=Kicukiro, 21=Nyanza, 22=Gisagara, 23=Nyaruguru …",30,private households (repeated on every member),0,0,60624,,,,,
h22b2_05,Location(District) where is Exotic goats reared,int8,"11=Nyarugenge, 12=Gasabo, 13=Kicukiro, 21=Nyanza, 22=Gisagara, 23=Nyaruguru …",30,private households (repeated on every member),0,0,1815,,,,,
h22b2_06,Location(District) where is Cross goats reared,int8,"11=Nyarugenge, 12=Gasabo, 13=Kicukiro, 21=Nyanza, 22=Gisagara, 23=Nyaruguru …",30,private households (repeated on every member),0,0,2368,,,,,
h22b2_07,Location(District) where is Local sheep reared,int8,"11=Nyarugenge, 12=Gasabo, 13=Kicukiro, 21=Nyanza, 22=Gisagara, 23=Nyaruguru …",30,private households (repeated on every member),0,0,13527,,,,,
h22b2_08,Location(District) where is Exotic sheep reared,int8,"11=Nyarugenge, 12=Gasabo, 13=Kicukiro, 21=Nyanza, 22=Gisagara, 23=Nyaruguru …",30,private households (repeated on every member),0,0,2142,,,,,
h22b2_09,Location(District) where is Local pigs reared,int8,"11=Nyarugenge, 12=Gasabo, 13=Kicukiro, 21=Nyanza, 22=Gisagara, 23=Nyaruguru …",30,private households (repeated on every member),0,0,42575,,,,,
h22b2_10,Location(District) where is Exotic pig reared,int8,"11=Nyarugenge, 12=Gasabo, 13=Kicukiro, 21=Nyanza, 22=Gisagara, 23=Nyaruguru …",30,private households (repeated on every member),0,0,2697,,,,,
h22b2_11,Location(District) where is Cross pig reared,int8,"11=Nyarugenge, 12=Gasabo, 13=Kicukiro, 21=Nyanza, 22=Gisagara, 23=Nyaruguru …",30,private households (repeated on every member),0,0,4666,,,,,
h22b2_12,Location(District) where is Rabbits reared,int8,"11=Nyarugenge, 12=Gasabo, 13=Kicukiro, 21=Nyanza, 22=Gisagara, 23=Nyaruguru …",30,private households (repeated on every member),0,0,9425,,,,,
h22b2_13,Location(District) where is Broiler chicken reared,int8,"11=Nyarugenge, 12=Gasabo, 13=Kicukiro, 21=Nyanza, 22=Gisagara, 23=Nyaruguru …",30,private households (repeated on every member),0,0,4176,,,,,
h22b2_14,Location(District) where is Layers chicken reared,int8,"11=Nyarugenge, 12=Gasabo, 13=Kicukiro, 21=Nyanza, 22=Gisagara, 23=Nyaruguru …",30,private households (repeated on every member),0,0,10762,,,,,
h22b2_15,Location(District) where is Dual purpose chicken reared,int8,"11=Nyarugenge, 12=Gasabo, 13=Kicukiro, 21=Nyanza, 22=Gisagara, 23=Nyaruguru …",30,private households (repeated on every member),0,0,6797,,,,,
h22b2_16,Location(District) where is Local chicken reared,int8,"11=Nyarugenge, 12=Gasabo, 13=Kicukiro, 21=Nyanza, 22=Gisagara, 23=Nyaruguru …",30,private households (repeated on every member),0,0,20326,,,,,
h22b2_17,Location(District) where is Duck reared,int8,"11=Nyarugenge, 12=Gasabo, 13=Kicukiro, 21=Nyanza, 22=Gisagara, 23=Nyaruguru …",30,private households (repeated on every member),0,0,2313,,,,,
h22b2_18,Location(District) where is Turkey reared,int8,"11=Nyarugenge, 12=Gasabo, 13=Kicukiro, 21=Nyanza, 22=Gisagara, 23=Nyaruguru …",30,private households (repeated on every member),0,0,581,,,,,
h22b2_19,Location(District) where is Other poultry reared,int8,"11=Nyarugenge, 12=Gasabo, 13=Kicukiro, 21=Nyanza, 22=Gisagara, 23=Nyaruguru …",30,private households (repeated on every member),0,0,62,,,,,
h22b2_20,Location(District) where is Camel reared,string,,0,private households (repeated on every member),175737,242461,331917,,,,,
h22b2_21,Location(District) where is Bees hive reared,int8,"11=Nyarugenge, 12=Gasabo, 13=Kicukiro, 21=Nyanza, 22=Gisagara, 23=Nyaruguru …",30,private households (repeated on every member),0,0,1783,,,,,
h22b2_22,Location(District) where is Dogs reared,int8,"11=Nyarugenge, 12=Gasabo, 13=Kicukiro, 21=Nyanza, 22=Gisagara, 23=Nyaruguru …",30,private households (repeated on every member),0,0,4751,,,,,
h22b2_23,Location(District) where is Other reared,int8,"11=Nyarugenge, 12=Gasabo, 13=Kicukiro, 21=Nyanza, 22=Gisagara, 23=Nyaruguru …",30,private households (repeated on every member),0,0,1245,,,,,
h23,Household grew crops in last 12 months,int8,"1=Yes, 2=No, 9=Not stated",3,private households (repeated on every member),0,0,331917,,2022,h23_v2 (2012–2012),,
h23a,Place where the agricultural activities is done,int8,"1=In household owned land, 2=In rentedland (in cash or in kind payment or for free), 3=In both households owned land and in rented land",3,private households (repeated on every member),0,0,207694,,,,,
h24_01,Maize grown,int8,"1=Yes, 2=No",2,private households (repeated on every member),0,0,207694,,,,,
h24_02,Rice grown,int8,"1=Yes, 2=No",2,private households (repeated on every member),0,0,207694,,,,,
h24_03,Sorghum grown,int8,"1=Yes, 2=No",2,private households (repeated on every member),0,0,207694,,,,,
h24_04,Wheat grown,int8,"1=Yes, 2=No",2,private households (repeated on every member),0,0,207694,,,,,
h24_05,Bean grown,int8,"1=Yes, 2=No",2,private households (repeated on every member),0,0,207694,,,,,
h24_06,Pea grown,int8,"1=Yes, 2=No",2,private households (repeated on every member),0,0,207694,,,,,
h24_07,Groundnut grown,int8,"1=Yes, 2=No",2,private households (repeated on every member),0,0,207694,,,,,
h24_08,Soybean grown,int8,"1=Yes, 2=No",2,private households (repeated on every member),0,0,207694,,,,,
h24_09,Cassava grown,int8,"1=Yes, 2=No",2,private households (repeated on every member),0,0,207694,,,,,
h24_10,Sweet potato grown,int8,"1=Yes, 2=No",2,private households (repeated on every member),0,0,207694,,,,,
h24_11,Irish potato grown,int8,"1=Yes, 2=No",2,private households (repeated on every member),0,0,207694,,,,,
h24_12,Yams& Taro grown,int8,"1=Yes, 2=No",2,private households (repeated on every member),0,0,207694,,,,,
h24_13,Cooking Banana grown,int8,"1=Yes, 2=No",2,private households (repeated on every member),0,0,207694,,,,,
h24_14,Dessert Banana grown,int8,"1=Yes, 2=No",2,private households (repeated on every member),0,0,207694,,,,,
h24_15,Banana for Beer grown,int8,"1=Yes, 2=No",2,private households (repeated on every member),0,0,207694,,,,,
h24_16,Vegetables grown,int8,"1=Yes, 2=No",2,private households (repeated on every member),0,0,207694,,,,,
h24_17,Tea grown,int8,"1=Yes, 2=No",2,private households (repeated on every member),0,0,207694,,,,,
h24_18,Coffee grown,int8,"1=Yes, 2=No",2,private households (repeated on every member),0,0,207694,,,,,
h24_19,Sugarcane grown,int8,"1=Yes, 2=No",2,private households (repeated on every member),0,0,207694,,,,,
h24_20,Pyrethrum grown,int8,"1=Yes, 2=No",2,private households (repeated on every member),0,0,207694,,,,,
h24_21,Flowers grown,int8,"1=Yes, 2=No",2,private households (repeated on every member),0,0,207694,,,,,
h24_22,Other crop type grown,int8,"1=Yes, 2=No",2,private households (repeated on every member),0,0,207694,,,,,
h25_01,Amaranths grown,int8,"1=Yes, 2=No",2,private households (repeated on every member),0,0,31290,,,,,
h25_02,Tomato grown,int8,"1=Yes, 2=No",2,private households (repeated on every member),0,0,31290,,,,,
h25_03,Cabbage grown,int8,"1=Yes, 2=No",2,private households (repeated on every member),0,0,31290,,,,,
h25_04,Onion grown,int8,"1=Yes, 2=No",2,private households (repeated on every member),0,0,31290,,,,,
h25_05,Carrot grown,int8,"1=Yes, 2=No",2,private households (repeated on every member),0,0,31290,,,,,
h25_06,Eggplant grown,int8,"1=Yes, 2=No",2,private households (repeated on every member),0,0,31290,,,,,
h25_07,Black eggplant grown,int8,"1=Yes, 2=No",2,private households (repeated on every member),0,0,31290,,,,,
h25_08,Sweet pepper grown,int8,"1=Yes, 2=No",2,private households (repeated on every member),0,0,31290,,,,,
h25_09,Pepper grown,int8,"1=Yes, 2=No",2,private households (repeated on every member),0,0,31290,,,,,
h25_10,Cauliflower grown,int8,"1=Yes, 2=No",2,private households (repeated on every member),0,0,31290,,,,,
h25_11,French beans grown,int8,"1=Yes, 2=No",2,private households (repeated on every member),0,0,31290,,,,,
h25_12,Beetroot grown,int8,"1=Yes, 2=No",2,private households (repeated on every member),0,0,31290,,,,,
h25_13,Garlic grown,int8,"1=Yes, 2=No",2,private households (repeated on every member),0,0,31290,,,,,
h25_14,Lettuce grown,int8,"1=Yes, 2=No",2,private households (repeated on every member),0,0,31290,,,,,
h25_15,Broccoli grown,int8,"1=Yes, 2=No",2,private households (repeated on every member),0,0,31290,,,,,
h25_16,Spinach grown,int8,"1=Yes, 2=No",2,private households (repeated on every member),0,0,31290,,,,,
h25_17,Celery grown,int8,"1=Yes, 2=No",2,private households (repeated on every member),0,0,31290,,,,,
h25_18,Leeks grown,int8,"1=Yes, 2=No",2,private households (repeated on every member),0,0,31290,,,,,
h25_19,Pumpkin grown,int8,"1=Yes, 2=No",2,private households (repeated on every member),0,0,31290,,,,,
h25_20,Cocumber grown,int8,"1=Yes, 2=No",2,private households (repeated on every member),0,0,31290,,,,,
h25_21,Mushroom grown,int8,"1=Yes, 2=No",2,private households (repeated on every member),0,0,31290,,,,,
h25_22,Chayote grown,int8,"1=Yes, 2=No",2,private households (repeated on every member),0,0,31290,,,,,
h25_23,Cassava Leaves grown,int8,"1=Yes, 2=No",2,private households (repeated on every member),0,0,31290,,,,,
h25_24,Other vegetables grown,int8,"1=Yes, 2=No",2,private households (repeated on every member),0,0,31290,,,,,
h26,Number of tea trees grown,int32,,0,private households (repeated on every member),0,0,1752,,2022,h26_v2 (2012–2012),,
h27,Number of coffee trees grown,int32,,0,private households (repeated on every member),0,0,13537,,2022,h27_v2 (2012–2012),,
h28a,Any fruit tree,int8,"1=Yes, 2=No",2,private households (repeated on every member),0,0,331906,,2022,h28a_v2 (2012–2012),,
h28b1_01,Grow Avocado,int8,"1=Yes, 2=No",2,private households (repeated on every member),0,0,161733,,,,,
h28b1_02,Grow Orange,int8,"1=Yes, 2=No",2,private households (repeated on every member),0,0,161733,,,,,
h28b1_03,Grow Papaya,int8,"1=Yes, 2=No",2,private households (repeated on every member),0,0,161733,,,,,
h28b1_04,Grow Guava,int8,"1=Yes, 2=No",2,private households (repeated on every member),0,0,161733,,,,,
h28b1_05,Grow Lemon,int8,"1=Yes, 2=No",2,private households (repeated on every member),0,0,161733,,,,,
h28b1_06,Grow Mango,int8,"1=Yes, 2=No",2,private households (repeated on every member),0,0,161733,,,,,
h28b1_07,Grow Mandarin,int8,"1=Yes, 2=No",2,private households (repeated on every member),0,0,161733,,,,,
h28b1_08,Grow Jack fruits,int8,"1=Yes, 2=No",2,private households (repeated on every member),0,0,161733,,,,,
h28b1_09,Grow Beefheart,int8,"1=Yes, 2=No",2,private households (repeated on every member),0,0,161733,,,,,
h28b1_10,Grow Passion fruits,int8,"1=Yes, 2=No",2,private households (repeated on every member),0,0,161733,,,,,
h28b1_11,Grow Pineapple,int8,"1=Yes, 2=No",2,private households (repeated on every member),0,0,161733,,,,,
h28b1_12,Grow Tree tomato,int8,"1=Yes, 2=No",2,private households (repeated on every member),0,0,161733,,,,,
h28b1_13,Grow Watermelon,int8,"1=Yes, 2=No",2,private households (repeated on every member),0,0,161733,,,,,
h28b1_14,Grow Strawberry,int8,"1=Yes, 2=No",2,private households (repeated on every member),0,0,161733,,,,,
h28b1_15,Grow Other fruit,int8,"1=Yes, 2=No",2,private households (repeated on every member),0,0,161733,,,,,
h28b2_01,Number of Avocado,int16,,0,private households (repeated on every member),0,0,128679,,,,,
h28b2_02,Number of Orange,int16,,0,private households (repeated on every member),0,0,8113,,,,,
h28b2_03,Number of Papaya,int16,,0,private households (repeated on every member),0,0,35267,,,,,
h28b2_04,Number of Guava,int16,,0,private households (repeated on every member),0,0,22237,,,,,
h28b2_05,Number of Lemon,int16,,0,private households (repeated on every member),0,0,12483,,,,,
h28b2_06,Number of Mango,int16,,0,private households (repeated on every member),0,0,53909,,,,,
h28b2_07,Number of Mandarin,int16,,0,private households (repeated on every member),0,0,1447,,,,,
h28b2_08,Number of Jack fruits,int16,,0,private households (repeated on every member),0,0,7244,,,,,
h28b2_09,Number of Beefheart,int8,,0,private households (repeated on every member),0,0,587,,,,,
h28b2_10,Number of Passion fruits,string,,0,private households (repeated on every member),175737,242461,331917,,,,,
h28b2_11,Number of Pineapple,string,,0,private households (repeated on every member),175737,242461,331917,,,,,
h28b2_12,Number of Tree tomato,string,,0,private households (repeated on every member),175737,242461,331917,,,,,
h28b2_13,Number of Watermelon,string,,0,private households (repeated on every member),175737,242461,331917,,,,,
h28b2_14,Number of Strawberry,string,,0,private households (repeated on every member),175737,242461,331917,,,,,
h28b2_15,Number of Other fruit,string,,0,private households (repeated on every member),175737,242461,331917,,,,,
