dataset,waves,file,h_variable,source_variables,rule,level,quality,note
Census,"2002,2012,2022",Census_pooled_household.dta,h_head_sex,head_sex,1->1; 2->2,"all household surveys (LFS, Census, EICV, AHS) + CFSVA head/woman",exact,head = relationship code 1 in the roster
Census,"2002,2012,2022",Census_pooled_household.dta,h_head_age,head_age,as shipped,"all household surveys (LFS, Census, EICV, AHS) + CFSVA head/woman",exact,
Census,"2002,2012,2022",Census_pooled_person.dta,h_sex,sex,1->1; 2->2,"all household surveys (LFS, Census, EICV, AHS) + CFSVA head/woman",exact,
Census,2002,Census_pooled_person.dta,h_relation,p02,"1->1; 2->2; 3,4->3; 5,6,7,8->4; 9->5","all household surveys (LFS, Census, EICV, AHS) + CFSVA head/woman",exact,code 4 = unrelated child brought up in the household -> child
Census,2002,Census_pooled_person.dta,h_marital,p26_v2,"1->1; 2,3,4,5,6,7->2; 8->3; 9->4","all household surveys (LFS, Census, EICV, AHS) + CFSVA head/woman",exact,residents 12+
Census,2002,Census_pooled_person.dta,h_attend,p16_v2,1->1; 2->0,"education group: Census, EICV, LFS (+ AHS, CFSVA head/woman)",exact,ages 6+
Census,2002,Census_pooled_person.dta,h_educ,p17_v2 (class code) + p16_v2,"10-19 primary->1; 21-23 post-primary, 31-57 secondary (FP/FT/EG)->2; 61-69 university->3; never attended->0","education group: Census, EICV, LFS (+ AHS, CFSVA head/woman)",exact,ages 6+; highest class successfully completed
Census,2002,Census_pooled_person.dta,h_literacy,p20_v2,"1->1; 2,3->0","education group: Census, EICV, LFS (+ AHS, CFSVA head/woman)",exact,ages 6+; 'read only' -> 0
Census,2002,Census_pooled_person.dta,h_lfstatus,p21_v2,"1->1; 2,3->2; 4,5,6,7,8->3","employment group: LFS, Census, EICV (+ AHS where asked)",exact,one-month reference period; ages 6+
Census,2002,Census_pooled_person.dta,h_empstat,p23_v2,"3,4,5->1; 2->2; 1->3; 6->4; 7->5","employment group: LFS, Census, EICV (+ AHS where asked)",exact,economically active 6+
Census,2002,Census_pooled_person.dta,h_isic1,p24_v3,ISIC Rev.3 3-digit group -> division (code//10) -> Rev.4 section crosswalk (ISIC3_DIV_TO_SEC),"employment group: LFS, Census, EICV (+ AHS where asked)",approximate,999 = not stated -> missing
Census,2002,Census_pooled_person.dta,h_isco1,p22_v2,ISCO-88 3-digit -> major group (code//100); 101 armed forces -> 0,"employment group: LFS, Census, EICV (+ AHS where asked)",approximate,999 = not stated -> missing
Census,2012,Census_pooled_person.dta,h_relation,p02,"1->1; 2->2; 3,4->3; 5,6,7,8->4; 9->5","all household surveys (LFS, Census, EICV, AHS) + CFSVA head/woman",exact,code 4 = unrelated child -> child
Census,2012,Census_pooled_person.dta,h_marital,p29_v2,"1->1; 2->2; 3,5->3; 4->4","all household surveys (LFS, Census, EICV, AHS) + CFSVA head/woman",exact,residents 12+; 9/99 -> missing
Census,2012,Census_pooled_person.dta,h_attend,p17,"1->0; 2,3->1","education group: Census, EICV, LFS (+ AHS, CFSVA head/woman)",exact,residents 3+
Census,2012,Census_pooled_person.dta,h_educ,p18a,"0->0; 1->1; 2,3->2; 4->3","education group: Census, EICV, LFS (+ AHS, CFSVA head/woman)",exact,residents 3+ who attended; never attended -> 0 below
Census,2012,Census_pooled_person.dta,h_literacy,p16,"P16 sum of languages read and written: 0->0, 1-15->1; 99/999 -> missing","education group: Census, EICV, LFS (+ AHS, CFSVA head/woman)",exact,residents 3+
Census,2012,Census_pooled_person.dta,h_lfstatus,rp2024,"1->1; 2,3->2; 4,5,6,7,9->3","employment group: LFS, Census, EICV (+ AHS where asked)",exact,NISR rp2024; code 9 (not classified) -> outside the labour force
Census,2012,Census_pooled_person.dta,h_empstat,p26,"1->1; 2->2; 3->3; 4->4; 5,6->5","employment group: LFS, Census, EICV (+ AHS where asked)",exact,9/99 -> missing
Census,2012,Census_pooled_person.dta,h_isic1,rp27,1->1; 2->2; 3->3; 4->4; 5->5; 6->6; 7->7; 8->8; 9->9; 10->10; 11->11; 12->12; 13->13; 14->14; 15->15; 16->16; 17->17; 18->18; 19->19; 20->20; 21->21,"employment group: LFS, Census, EICV (+ AHS where asked)",exact,NISR rp27 sections; 22/23 -> missing
Census,2012,Census_pooled_person.dta,h_isco1,rp25,1->1; 2->2; 3->3; 4->4; 5->5; 6->6; 7->7; 8->8; 9->9,"employment group: LFS, Census, EICV (+ AHS where asked)",exact,NISR rp25; 11/12 -> missing
Census,2022,Census_pooled_person.dta,h_relation,p02_v2,"1->1; 2->2; 3,4->3; 5,6,7,8,9,10,11->4; 12,13,14->5","all household surveys (LFS, Census, EICV, AHS) + CFSVA head/woman",exact,
Census,2022,Census_pooled_person.dta,h_marital,p06,"6->1; 1,2,3->2; 4,5->3; 7->4","all household surveys (LFS, Census, EICV, AHS) + CFSVA head/woman",exact,residents 12+
Census,2022,Census_pooled_person.dta,h_attend,p29,"1,2->1; 3->0","education group: Census, EICV, LFS (+ AHS, CFSVA head/woman)",exact,all residents; 99 -> missing
Census,2022,Census_pooled_person.dta,h_educ,p30a,"1,2->0; 3->1; 4,5,6->2; 7->3","education group: Census, EICV, LFS (+ AHS, CFSVA head/woman)",exact,never attended -> 0 below
Census,2022,Census_pooled_person.dta,h_literacy,p32,"P32 languages read and written with understanding: 0->0, 1-31->1","education group: Census, EICV, LFS (+ AHS, CFSVA head/woman)",exact,residents 10+
Census,2022,Census_pooled_person.dta,h_lfstatus,(not available),,"employment group: LFS, Census, EICV (+ AHS where asked)",missing,P37-P45 (employment identification) are not in the public 2022 file; only characteristics of the employed (P46-P49)
Census,2022,Census_pooled_person.dta,h_empstat,p49,"1,2->1; 3->2; 4->3; 6->4; 5,7->5","employment group: LFS, Census, EICV (+ AHS where asked)",exact,employed residents 16+
Census,2022,Census_pooled_person.dta,h_isic1,p47a,1->1; 2->2; 3->3; 4->4; 5->5; 6->6; 7->7; 8->8; 9->9; 10->10; 11->11; 12->12; 13->13; 14->14; 15->15; 16->16; 17->17; 18->18; 19->19; 20->20; 21->21,"employment group: LFS, Census, EICV (+ AHS where asked)",exact,P47A ISIC section
Census,2022,Census_pooled_person.dta,h_isco1,p48a,1->1; 2->2; 3->3; 4->4; 5->5; 6->6; 7->7; 8->8; 9->9,"employment group: LFS, Census, EICV (+ AHS where asked)",exact,P48A ISCO major group; 99 -> missing
CFSVA,2006,CFSVA_pooled_household.dta,h_head_sex,s12,1->1; 2->2 (0 missing),"all household surveys (LFS, Census, EICV, AHS) + CFSVA head/woman",exact,2009 household file carries no head block
CFSVA,2006,CFSVA_pooled_household.dta,h_head_age,s13,years as shipped (10-120 kept),"all household surveys (LFS, Census, EICV, AHS) + CFSVA head/woman",exact,
CFSVA,2006,CFSVA_pooled_household.dta,h_head_literacy,s14,1->1; 0->0,"education group: Census, EICV, LFS (+ AHS, CFSVA head/woman)",exact,9 -> missing
CFSVA,2006,CFSVA_pooled_household.dta,h_head_educ,s15,"1->0; 2,3->1; 4,5,6,7->2; 8,9->3","education group: Census, EICV, LFS (+ AHS, CFSVA head/woman)",exact,0 ND / 10 other -> missing
CFSVA,2006,CFSVA_pooled_household.dta,h_head_marital,s16a,"6->1; 1,2->2; 3,4->3; 5->4","all household surveys (LFS, Census, EICV, AHS) + CFSVA head/woman",exact,0 -> missing
CFSVA,2009,CFSVA_pooled_household.dta,h_head_sex,(none),1->1; 2->2 (0 missing),"all household surveys (LFS, Census, EICV, AHS) + CFSVA head/woman",missing,2009 household file carries no head block
CFSVA,2009,CFSVA_pooled_household.dta,h_head_age,(none),years as shipped (10-120 kept),"all household surveys (LFS, Census, EICV, AHS) + CFSVA head/woman",missing,
CFSVA,2012,CFSVA_pooled_household.dta,h_head_sex,q102,1->1; 2->2 (0 missing),"all household surveys (LFS, Census, EICV, AHS) + CFSVA head/woman",exact,2009 household file carries no head block
CFSVA,2012,CFSVA_pooled_household.dta,h_head_age,q103,years as shipped (10-120 kept),"all household surveys (LFS, Census, EICV, AHS) + CFSVA head/woman",exact,
CFSVA,2012,CFSVA_pooled_household.dta,h_head_literacy,q104,"1->1; 0,2->0","education group: Census, EICV, LFS (+ AHS, CFSVA head/woman)",exact,'read only' -> 0
CFSVA,2012,CFSVA_pooled_household.dta,h_head_educ,q105,"1->0; 2,3->1; 4,5,6->2; 7->3","education group: Census, EICV, LFS (+ AHS, CFSVA head/woman)",exact,
CFSVA,2012,CFSVA_pooled_household.dta,h_head_marital,q107,"5->1; 1,2->2; 3->3; 4->4","all household surveys (LFS, Census, EICV, AHS) + CFSVA head/woman",exact,
CFSVA,2015,CFSVA_pooled_household.dta,h_head_sex,s1_01_3,1->1; 2->2 (0 missing),"all household surveys (LFS, Census, EICV, AHS) + CFSVA head/woman",exact,2009 household file carries no head block
CFSVA,2015,CFSVA_pooled_household.dta,h_head_age,s1_01_4,years as shipped (10-120 kept),"all household surveys (LFS, Census, EICV, AHS) + CFSVA head/woman",exact,
CFSVA,2015,CFSVA_pooled_household.dta,h_head_literacy,s1_01_7,"1->1; 0,2->0","education group: Census, EICV, LFS (+ AHS, CFSVA head/woman)",exact,'read only' -> 0
CFSVA,2015,CFSVA_pooled_household.dta,h_head_educ,s1_01_8,"1->0; 2,3->1; 4,5,6->2; 7,8->3","education group: Census, EICV, LFS (+ AHS, CFSVA head/woman)",exact,88 don't know -> missing
CFSVA,2015,CFSVA_pooled_household.dta,h_head_marital,s1_01_10,"6->1; 1,2->2; 3,4->3; 5->4","all household surveys (LFS, Census, EICV, AHS) + CFSVA head/woman",exact,
CFSVA,2018,CFSVA_pooled_household.dta,h_head_sex,s1_01_3,1->1; 2->2 (0 missing),"all household surveys (LFS, Census, EICV, AHS) + CFSVA head/woman",exact,2009 household file carries no head block
CFSVA,2018,CFSVA_pooled_household.dta,h_head_age,s1_01_4,years as shipped (10-120 kept),"all household surveys (LFS, Census, EICV, AHS) + CFSVA head/woman",exact,
CFSVA,2018,CFSVA_pooled_household.dta,h_head_literacy,s1_01_7,"1->1; 0,2->0","education group: Census, EICV, LFS (+ AHS, CFSVA head/woman)",exact,'read only' -> 0
CFSVA,2018,CFSVA_pooled_household.dta,h_head_educ,s1_01_8,"1->0; 2,3->1; 4,5,6->2; 7,8->3","education group: Census, EICV, LFS (+ AHS, CFSVA head/woman)",exact,88 don't know -> missing
CFSVA,2018,CFSVA_pooled_household.dta,h_head_marital,s1_01_10,"6->1; 1,2->2; 3,4->3; 5->4","all household surveys (LFS, Census, EICV, AHS) + CFSVA head/woman",exact,
CFSVA,2021,CFSVA_pooled_household.dta,h_head_sex,s1_01_3,1->1; 2->2 (0 missing),"all household surveys (LFS, Census, EICV, AHS) + CFSVA head/woman",exact,2009 household file carries no head block
CFSVA,2021,CFSVA_pooled_household.dta,h_head_age,s1_01_4,years as shipped (10-120 kept),"all household surveys (LFS, Census, EICV, AHS) + CFSVA head/woman",exact,
CFSVA,2021,CFSVA_pooled_household.dta,h_head_literacy,s1_01_7,"1->1; 0,2->0","education group: Census, EICV, LFS (+ AHS, CFSVA head/woman)",exact,'read only' -> 0
CFSVA,2021,CFSVA_pooled_household.dta,h_head_educ,s1_01_8,"1->0; 2,3->1; 4,5,6->2; 7,8->3","education group: Census, EICV, LFS (+ AHS, CFSVA head/woman)",exact,88 don't know -> missing
CFSVA,2021,CFSVA_pooled_household.dta,h_head_marital,s1_01_10,"6->1; 1,2->2; 3,4->3; 5->4","all household surveys (LFS, Census, EICV, AHS) + CFSVA head/woman",exact,
CFSVA,2024,CFSVA_pooled_household.dta,h_head_sex,s1_01_3,1->1; 2->2 (0 missing),"all household surveys (LFS, Census, EICV, AHS) + CFSVA head/woman",exact,2009 household file carries no head block
CFSVA,2024,CFSVA_pooled_household.dta,h_head_age,s1_01_4,years as shipped (10-120 kept),"all household surveys (LFS, Census, EICV, AHS) + CFSVA head/woman",exact,
CFSVA,2024,CFSVA_pooled_household.dta,h_head_literacy,s1_01_7,"1->1; 0,2->0","education group: Census, EICV, LFS (+ AHS, CFSVA head/woman)",exact,'read only' -> 0
CFSVA,2024,CFSVA_pooled_household.dta,h_head_educ,s1_01_8,"1->0; 2,3->1; 4,5,6->2; 7,8->3","education group: Census, EICV, LFS (+ AHS, CFSVA head/woman)",exact,88 don't know -> missing
CFSVA,2024,CFSVA_pooled_household.dta,h_head_marital,s1_01_10,"6->1; 1,2->2; 3,4->3; 5->4","all household surveys (LFS, Census, EICV, AHS) + CFSVA head/woman",exact,
CFSVA,2006,CFSVA_pooled_woman.dta,h_literacy,s124a,1->1; 0->0,"education group: Census, EICV, LFS (+ AHS, CFSVA head/woman)",exact,9 -> missing
CFSVA,2006,CFSVA_pooled_woman.dta,h_educ,s125aa,"1->0; 2->1; 3,4,5,6->2; 7,8->3","education group: Census, EICV, LFS (+ AHS, CFSVA head/woman)",exact,9 -> missing
CFSVA,2009,CFSVA_pooled_woman.dta,h_educ,(not available),,"education group: Census, EICV, LFS (+ AHS, CFSVA head/woman)",missing,2009 woman file: no education item identified
CFSVA,2009,CFSVA_pooled_woman.dta,h_literacy,(not available),,"education group: Census, EICV, LFS (+ AHS, CFSVA head/woman)",missing,
CFSVA,2012,CFSVA_pooled_woman.dta,h_literacy,q102_03,"3->1; 0,1,2->0","education group: Census, EICV, LFS (+ AHS, CFSVA head/woman)",exact,read only / write only -> 0
CFSVA,2012,CFSVA_pooled_woman.dta,h_educ,q102_04,"1->0; 2,3->1; 4,5,6->2; 7->3","education group: Census, EICV, LFS (+ AHS, CFSVA head/woman)",exact,
CFSVA,2015,CFSVA_pooled_woman.dta,h_literacy,s13_02_3,"1->1; 0,2->0","education group: Census, EICV, LFS (+ AHS, CFSVA head/woman)",exact,'read only' -> 0
CFSVA,2015,CFSVA_pooled_woman.dta,h_educ,s13_02_4,"1->0; 2,3->1; 4,5,6->2; 7,8->3","education group: Census, EICV, LFS (+ AHS, CFSVA head/woman)",exact,
CFSVA,2024,CFSVA_pooled_woman.dta,h_literacy,s12_01_4,"1->1; 0,2->0","education group: Census, EICV, LFS (+ AHS, CFSVA head/woman)",exact,'read only' -> 0
CFSVA,2024,CFSVA_pooled_woman.dta,h_educ,s12_01_5,"1->0; 2,3->1; 4,5,6->2; 7,8->3","education group: Census, EICV, LFS (+ AHS, CFSVA head/woman)",exact,
AHS,"2017,2020,2024",AHS_pooled_household.dta,h_head_sex,head_sex,1->1; 2->2,"all household surveys (LFS, Census, EICV, AHS) + CFSVA head/woman",exact,head = relationship code 1 in the roster
AHS,"2017,2020,2024",AHS_pooled_household.dta,h_head_age,head_age,as shipped,"all household surveys (LFS, Census, EICV, AHS) + CFSVA head/woman",exact,
AHS,"2017,2020,2024",AHS_pooled_person.dta,h_sex,sex,1->1; 2->2,"all household surveys (LFS, Census, EICV, AHS) + CFSVA head/woman",exact,
AHS,2017,AHS_pooled_person.dta,h_relation,s1q3,"1->1; 2->2; 3->3; 4,5->4; 6,7->5","all household surveys (LFS, Census, EICV, AHS) + CFSVA head/woman",exact,7-code list
AHS,2017,AHS_pooled_person.dta,h_marital,(not available),,"all household surveys (LFS, Census, EICV, AHS) + CFSVA head/woman",missing,not asked in the 2017 roster
AHS,2017,AHS_pooled_person.dta,h_educ,s1q7,4->0; 1->1; 2->2; 3->3,"education group: Census, EICV, LFS (+ AHS, CFSVA head/woman)",exact,members above 10
AHS,2017,AHS_pooled_person.dta,h_attend,s1q7,s1q7 4 (no education)->0; 1-3->1,"education group: Census, EICV, LFS (+ AHS, CFSVA head/woman)",exact,members above 10
AHS,2017,AHS_pooled_person.dta,h_lfstatus,s1q8,"1,2,3,5,6->1; 4->3","employment group: LFS, Census, EICV (+ AHS where asked)",approximate,"main economic activity (cropping / non-farm / livestock / both = employed, none = outside); no unemployment item"
AHS,2020,AHS_pooled_person.dta,h_relation,s1q4_v2,"1->1; 2->2; 3,4->3; 5,6,7,8,9,10,12->4; 11,13->5","all household surveys (LFS, Census, EICV, AHS) + CFSVA head/woman",exact,
AHS,2020,AHS_pooled_person.dta,h_marital,(head only: s0q9 in the household file),,"all household surveys (LFS, Census, EICV, AHS) + CFSVA head/woman",missing,
AHS,2020,AHS_pooled_person.dta,h_educ,s1q7,"8->0; 1,2->1; 3,4,5->2; 6,7->3","education group: Census, EICV, LFS (+ AHS, CFSVA head/woman)",exact,9 don't know -> missing
AHS,2020,AHS_pooled_person.dta,h_attend,s1q7,s1q7 8 (not schooled)->0; 1-7->1,"education group: Census, EICV, LFS (+ AHS, CFSVA head/woman)",exact,
AHS,2020,AHS_pooled_person.dta,h_lfstatus,s1q8,"1,2,3,4,5,6,7,8,9->1; 10,11,12->3","employment group: LFS, Census, EICV (+ AHS where asked)",approximate,main economic activity; 13 other -> missing; no unemployment item
AHS,2020,AHS_pooled_person.dta,h_empstat,s1q8,"1,5,6,7->3; 2,4,8,9->1; 3->4","employment group: LFS, Census, EICV (+ AHS where asked)",approximate,from the main-activity list: self-employed/sale -> own-account; paid labour/salaried -> employee; contributing in household agriculture -> family worker
AHS,2024,AHS_pooled_person.dta,h_relation,s1q2,"1->1; 2->2; 3,4->3; 5,6,7,8,9,10,11->4; 12,13,14->5","all household surveys (LFS, Census, EICV, AHS) + CFSVA head/woman",exact,
AHS,2024,AHS_pooled_person.dta,h_marital,s1q4,"6->1; 1,2,3->2; 4,5->3; 7->4","all household surveys (LFS, Census, EICV, AHS) + CFSVA head/woman",exact,12+
AHS,2024,AHS_pooled_person.dta,h_attend,s4aq1,1->1; 2->0,"education group: Census, EICV, LFS (+ AHS, CFSVA head/woman)",exact,
AHS,2024,AHS_pooled_person.dta,h_educ,s4aq2 + s4aq3 + s4aq1,"s4aq2 1,2->0; 3->1; 4,5,6->2; 7->3; diploma 11-15->3; never attended->0","education group: Census, EICV, LFS (+ AHS, CFSVA head/woman)",exact,
AHS,2024,AHS_pooled_person.dta,h_literacy,s4bq4 & s4bq6,read=1 & write=1 -> 1; either =2 -> 0,"education group: Census, EICV, LFS (+ AHS, CFSVA head/woman)",exact,
AHS,2024,AHS_pooled_person.dta,h_lfstatus,s6aq2 | s6aq4 | s6aq5 | s6aq6 | s6aq7 | s6aq8 | s6aq9,any work item = yes -> 1; all = no -> 3 (no unemployment item),"employment group: LFS, Census, EICV (+ AHS where asked)",approximate,"7-day reference, 6+"
AHS,2024,AHS_pooled_person.dta,h_empstat,s6bq7,"1,2->1; 3->2; 4->3; 6->4; 5,7,8->5","employment group: LFS, Census, EICV (+ AHS where asked)",exact,main job
AHS,2024,AHS_pooled_person.dta,h_isco1,(s6bq3a is a text description),,"employment group: LFS, Census, EICV (+ AHS where asked)",missing,no coded ISCO/ISIC in the AHS 2024 person file
EICV,"EICV1,EICV2,EICV3,EICV4_CS,EICV5_CS,EICV7_CS",EICV_pooled_household.dta,h_head_sex,head_sex,1->1; 2->2,"all household surveys (LFS, Census, EICV, AHS) + CFSVA head/woman",exact,head = relationship code 1 in the roster
EICV,"EICV1,EICV2,EICV3,EICV4_CS,EICV5_CS,EICV7_CS",EICV_pooled_household.dta,h_head_age,head_age,as shipped,"all household surveys (LFS, Census, EICV, AHS) + CFSVA head/woman",exact,
EICV,"EICV1,EICV2,EICV3,EICV4_CS,EICV5_CS,EICV7_CS",EICV_pooled_person.dta,h_sex,sex,1->1; 2->2,"all household surveys (LFS, Census, EICV, AHS) + CFSVA head/woman",exact,
EICV,EICV1,EICV_pooled_person.dta,h_relation,s1q2,"1->1; 2->2; 3->3; 4,5,6->4; 7,8->5","all household surveys (LFS, Census, EICV, AHS) + CFSVA head/woman",exact,EICV1 code 7 'domestic and related persons' -> non-relative
EICV,EICV1,EICV_pooled_person.dta,h_marital,s1q4_v2,"5->1; 1,2,8,9->2; 3,4->3; 6->4","all household surveys (LFS, Census, EICV, AHS) + CFSVA head/woman",exact,asked of members 12+
EICV,EICV1,EICV_pooled_person.dta,h_attend,s2aq2,1->1; 2->0,"education group: Census, EICV, LFS (+ AHS, CFSVA head/woman)",exact,"ages 7+ (EICV1), 6+ (EICV2/3), 3+ (EICV4+)"
EICV,EICV1,EICV_pooled_person.dta,h_educ,s2aq3_v3 + s2aq4_v3 + s2aq2,s2aq3 class code: 1 pre-primary->0; 10-19 primary->1; 20-39 post-primary/vocational/secondary->2; 40+ university->3; diploma s2aq4 6-10 (bachelor..doctorate)->3; never attended->0,"education group: Census, EICV, LFS (+ AHS, CFSVA head/woman)",exact,
EICV,EICV1,EICV_pooled_person.dta,h_literacy,s2cq1_v2 & s2cq3_v3,read=1 & write=1 -> 1; either =2 -> 0,"education group: Census, EICV, LFS (+ AHS, CFSVA head/woman)",exact,literacy 5+/6+/10+ by round
EICV,EICV1,EICV_pooled_person.dta,h_lfstatus,econstatus,"1->1; 2->2; 3,5->3","employment group: LFS, Census, EICV (+ AHS where asked)",exact,NISR econstatus (12-month usual activity); code 4 'under 7' -> missing
EICV,EICV1,EICV_pooled_person.dta,h_empstat,s4bq14,1->1; 2->2; 3->3; 4->4; 5->5,"employment group: LFS, Census, EICV (+ AHS where asked)",exact,main job work status; 6 no work / 7 not known -> missing
EICV,EICV1,EICV_pooled_person.dta,h_isic1,mainisic,NISR national industry group (11-93) -> ISIC Rev.4 section (EICV12_GRP_TO_SEC),"employment group: LFS, Census, EICV (+ AHS where asked)",approximate,main job
EICV,EICV1,EICV_pooled_person.dta,h_isco1,occupation,NISR 'Occupation - Grouped' (1-9) -> ISCO-08 major group (EICV12_OCC_TO_ISCO); 100/999 -> missing,"employment group: LFS, Census, EICV (+ AHS where asked)",approximate,main job
EICV,EICV2,EICV_pooled_person.dta,h_relation,s1q2,"1->1; 2->2; 3,4->3; 5,6,7,8->4; 9->5","all household surveys (LFS, Census, EICV, AHS) + CFSVA head/woman",exact,
EICV,EICV2,EICV_pooled_person.dta,h_marital,s1q4_v2,"5->1; 1,2,3,7->2; 4->3; 6->4","all household surveys (LFS, Census, EICV, AHS) + CFSVA head/woman",exact,asked of members 12+
EICV,EICV2,EICV_pooled_person.dta,h_attend,s2aq2,1->1; 2->0,"education group: Census, EICV, LFS (+ AHS, CFSVA head/woman)",exact,"ages 7+ (EICV1), 6+ (EICV2/3), 3+ (EICV4+)"
EICV,EICV2,EICV_pooled_person.dta,h_educ,s2aq3_v2 + s2bq23 + s2aq2,s2aq3 class code: 1 pre-primary->0; 10-19 primary->1; 20-39 post-primary/vocational/secondary->2; 40+ university->3; diploma s2bq23 6-10 (bachelor..doctorate)->3; never attended->0,"education group: Census, EICV, LFS (+ AHS, CFSVA head/woman)",exact,
EICV,EICV2,EICV_pooled_person.dta,h_literacy,s2cq1 & s2cq3_v2,read=1 & write=1 -> 1; either =2 -> 0,"education group: Census, EICV, LFS (+ AHS, CFSVA head/woman)",exact,literacy 5+/6+/10+ by round
EICV,EICV2,EICV_pooled_person.dta,h_lfstatus,econstatus,"1->1; 2->2; 3,5->3","employment group: LFS, Census, EICV (+ AHS where asked)",exact,NISR econstatus (12-month usual activity); code 4 'under 7' -> missing
EICV,EICV2,EICV_pooled_person.dta,h_empstat,workstats,"1,4->1; 2,5->3; 3,6->4","employment group: LFS, Census, EICV (+ AHS where asked)",approximate,"NISR usual work status (wage / independent / unpaid, farm and non-farm); no employer category"
EICV,EICV2,EICV_pooled_person.dta,h_isic1,isicgroup,NISR national industry group (11-93) -> ISIC Rev.4 section (EICV12_GRP_TO_SEC),"employment group: LFS, Census, EICV (+ AHS where asked)",approximate,main job
EICV,EICV2,EICV_pooled_person.dta,h_isco1,occupation,NISR 'Occupation - Grouped' (1-9) -> ISCO-08 major group (EICV12_OCC_TO_ISCO); 100/999 -> missing,"employment group: LFS, Census, EICV (+ AHS where asked)",approximate,main job
EICV,EICV3,EICV_pooled_person.dta,h_relation,s1q2,"1->1; 2->2; 3,4->3; 5,6,7,8,9,10->4; 11,12->5","all household surveys (LFS, Census, EICV, AHS) + CFSVA head/woman",exact,
EICV,EICV3,EICV_pooled_person.dta,h_marital,s1q4,"6->1; 1,2,3->2; 4,5->3; 7->4","all household surveys (LFS, Census, EICV, AHS) + CFSVA head/woman",exact,asked of members 12+
EICV,EICV3,EICV_pooled_person.dta,h_attend,s2aq2,1->1; 2->0,"education group: Census, EICV, LFS (+ AHS, CFSVA head/woman)",exact,"ages 7+ (EICV1), 6+ (EICV2/3), 3+ (EICV4+)"
EICV,EICV3,EICV_pooled_person.dta,h_educ,s2cq3 + s2cq4 + s2aq2,s2cq3 class code: 1 pre-primary->0; 10-19 primary->1; 20-39 post-primary/vocational/secondary->2; 40+ university->3; diploma s2cq4 6-10 (bachelor..doctorate)->3; never attended->0,"education group: Census, EICV, LFS (+ AHS, CFSVA head/woman)",exact,
EICV,EICV3,EICV_pooled_person.dta,h_literacy,s2dq1 & s2dq3,read=1 & write=1 -> 1; either =2 -> 0,"education group: Census, EICV, LFS (+ AHS, CFSVA head/woman)",exact,literacy 5+/6+/10+ by round
EICV,EICV3,EICV_pooled_person.dta,h_lfstatus,s6aq2_v2 | s6aq3 | s6aq4 | s6aq5 | s6aq6_v3 | s6aq7_v2,any work item = yes -> 1 (employed); all work items = no -> 3 (no unemployment item),"employment group: LFS, Census, EICV (+ AHS where asked)",approximate,12-month reference (EICV3/5) / 7-day reference (EICV7)
EICV,EICV3,EICV_pooled_person.dta,h_empstat,(not available at person level),,"employment group: LFS, Census, EICV (+ AHS where asked)",missing,"status is recorded per job in the jobs module (EICV3-5), not on the person record"
EICV,EICV3,EICV_pooled_person.dta,h_isic1,(not available at person level),,"employment group: LFS, Census, EICV (+ AHS where asked)",missing,codes are in the jobs module (EICV3/5)
EICV,EICV3,EICV_pooled_person.dta,h_isco1,(not available at person level),,"employment group: LFS, Census, EICV (+ AHS where asked)",missing,codes are in the jobs module (EICV3/5)
EICV,EICV4_CS,EICV_pooled_person.dta,h_relation,s1q2,"1->1; 2->2; 3,4->3; 5,6,7,8,9,10->4; 11,12->5","all household surveys (LFS, Census, EICV, AHS) + CFSVA head/woman",exact,
EICV,EICV4_CS,EICV_pooled_person.dta,h_marital,s1q4,"7->1; 1,2,3,4->2; 5,6->3; 8->4","all household surveys (LFS, Census, EICV, AHS) + CFSVA head/woman",exact,asked of members 12+
EICV,EICV4_CS,EICV_pooled_person.dta,h_attend,s4aq1,1->1; 2->0,"education group: Census, EICV, LFS (+ AHS, CFSVA head/woman)",exact,"ages 7+ (EICV1), 6+ (EICV2/3), 3+ (EICV4+)"
EICV,EICV4_CS,EICV_pooled_person.dta,h_educ,s4aq2 + s4aq3 + s4aq1,s4aq2 class code: 1 pre-primary->0; 10-19 primary->1; 20-39 post-primary/vocational/secondary->2; 40+ university->3; diploma s4aq3 6-10 (bachelor..doctorate)->3; never attended->0,"education group: Census, EICV, LFS (+ AHS, CFSVA head/woman)",exact,
EICV,EICV4_CS,EICV_pooled_person.dta,h_literacy,s4bq3_v2 & s4bq4_v2,read=1 & write=1 -> 1; either =2 -> 0,"education group: Census, EICV, LFS (+ AHS, CFSVA head/woman)",exact,literacy 5+/6+/10+ by round
EICV,EICV4_CS,EICV_pooled_person.dta,h_lfstatus,lfs6,1->1; 2->2; 3->3,"employment group: LFS, Census, EICV (+ AHS where asked)",exact,"NISR lfs6 (current status, 6+)"
EICV,EICV4_CS,EICV_pooled_person.dta,h_empstat,(not available at person level),,"employment group: LFS, Census, EICV (+ AHS where asked)",missing,"status is recorded per job in the jobs module (EICV3-5), not on the person record"
EICV,EICV4_CS,EICV_pooled_person.dta,h_isic1,isic,1->1; 2->2; 3->3; 4->4; 5->5; 6->6; 7->7; 8->8; 9->9; 10->10; 11->11; 12->12; 13->13; 14->14; 15->15; 16->16; 17->17; 18->18; 19->19; 20->20; 21->21,"employment group: LFS, Census, EICV (+ AHS where asked)",exact,NISR 'Current main economic activity' (ISIC section)
EICV,EICV4_CS,EICV_pooled_person.dta,h_isco1,isco,1->1; 2->2; 3->3; 4->4; 5->5; 6->6; 7->7; 8->8; 9->9,"employment group: LFS, Census, EICV (+ AHS where asked)",exact,NISR 'Current main occupation'; 99 -> missing
EICV,EICV5_CS,EICV_pooled_person.dta,h_relation,s1q2,"1->1; 2->2; 3,4->3; 5,6,7,8,9,10->4; 11,12->5","all household surveys (LFS, Census, EICV, AHS) + CFSVA head/woman",exact,
EICV,EICV5_CS,EICV_pooled_person.dta,h_marital,s1q4,"7->1; 1,2,3,4->2; 5,6->3; 8->4","all household surveys (LFS, Census, EICV, AHS) + CFSVA head/woman",exact,asked of members 12+
EICV,EICV5_CS,EICV_pooled_person.dta,h_attend,s4aq1,1->1; 2->0,"education group: Census, EICV, LFS (+ AHS, CFSVA head/woman)",exact,"ages 7+ (EICV1), 6+ (EICV2/3), 3+ (EICV4+)"
EICV,EICV5_CS,EICV_pooled_person.dta,h_educ,s4aq2 + s4aq3 + s4aq1,s4aq2 class code: 1 pre-primary->0; 10-19 primary->1; 20-39 post-primary/vocational/secondary->2; 40+ university->3; diploma s4aq3 6-10 (bachelor..doctorate)->3; never attended->0,"education group: Census, EICV, LFS (+ AHS, CFSVA head/woman)",exact,
EICV,EICV5_CS,EICV_pooled_person.dta,h_literacy,s4bq4 & s4bq5_v2,read=1 & write=1 -> 1; either =2 -> 0,"education group: Census, EICV, LFS (+ AHS, CFSVA head/woman)",exact,literacy 5+/6+/10+ by round
EICV,EICV5_CS,EICV_pooled_person.dta,h_lfstatus,s6aq2 | s6aq3_v3 | s6aq4 | s6aq5 | s6aq6 | s6aq9_v2,"any work item = yes -> 1 (employed); EICV5: reason s6aq9 = 1 unemployed/seeking -> 2, 2-7 -> 3","employment group: LFS, Census, EICV (+ AHS where asked)",approximate,12-month reference (EICV3/5) / 7-day reference (EICV7)
EICV,EICV5_CS,EICV_pooled_person.dta,h_empstat,(not available at person level),,"employment group: LFS, Census, EICV (+ AHS where asked)",missing,"status is recorded per job in the jobs module (EICV3-5), not on the person record"
EICV,EICV5_CS,EICV_pooled_person.dta,h_isic1,(not available at person level),,"employment group: LFS, Census, EICV (+ AHS where asked)",missing,codes are in the jobs module (EICV3/5)
EICV,EICV5_CS,EICV_pooled_person.dta,h_isco1,(not available at person level),,"employment group: LFS, Census, EICV (+ AHS where asked)",missing,codes are in the jobs module (EICV3/5)
EICV,EICV7_CS,EICV_pooled_person.dta,h_relation,s1q2,"1->1; 2->2; 3,4->3; 5,6,7,8,9,10,11->4; 12,13,14->5","all household surveys (LFS, Census, EICV, AHS) + CFSVA head/woman",exact,
EICV,EICV7_CS,EICV_pooled_person.dta,h_marital,s1q4,"6->1; 1,2,3->2; 4,5->3; 7->4","all household surveys (LFS, Census, EICV, AHS) + CFSVA head/woman",exact,asked of members 12+
EICV,EICV7_CS,EICV_pooled_person.dta,h_attend,s4aq1,1->1; 2->0,"education group: Census, EICV, LFS (+ AHS, CFSVA head/woman)",exact,"ages 7+ (EICV1), 6+ (EICV2/3), 3+ (EICV4+)"
EICV,EICV7_CS,EICV_pooled_person.dta,h_educ,s4aq2 + s4aq3 + s4aq1,"s4aq2 1,2->0; 3->1; 4,5,6->2; 7->3; diploma 11-15->3; never attended->0","education group: Census, EICV, LFS (+ AHS, CFSVA head/woman)",exact,
EICV,EICV7_CS,EICV_pooled_person.dta,h_literacy,s4bq4 & s4bq6,read=1 & write=1 -> 1; either =2 -> 0,"education group: Census, EICV, LFS (+ AHS, CFSVA head/woman)",exact,literacy 5+/6+/10+ by round
EICV,EICV7_CS,EICV_pooled_person.dta,h_lfstatus,s6aq2 | s6aq4_v2 | s6aq5_v2 | s6aq6_v2 | s6aq7 | s6aq8 | s6aq9 | s6aq10,any work item = yes -> 1 (employed); all work items = no -> 3 (no unemployment item),"employment group: LFS, Census, EICV (+ AHS where asked)",approximate,12-month reference (EICV3/5) / 7-day reference (EICV7)
EICV,EICV7_CS,EICV_pooled_person.dta,h_empstat,s6bq7_v2,"1,2->1; 3->2; 4->3; 6->4; 5,7,8->5","employment group: LFS, Census, EICV (+ AHS where asked)",exact,"main job, last 7 days"
EICV,EICV7_CS,EICV_pooled_person.dta,h_isic1,s6bq4_v2,1->1; 2->2; 3->3; 4->4; 5->5; 6->6; 7->7; 8->8; 9->9; 10->10; 11->11; 12->12; 13->13; 14->14; 15->15; 16->16; 17->17; 18->18; 19->19; 20->20; 21->21,"employment group: LFS, Census, EICV (+ AHS where asked)",exact,"ISIC level 1, main job"
EICV,EICV7_CS,EICV_pooled_person.dta,h_isco1,s6bq3,1->1; 2->2; 3->3; 4->4; 5->5; 6->6; 7->7; 8->8; 9->9,"employment group: LFS, Census, EICV (+ AHS where asked)",exact,"ISCO level 1, main job"
EICV,"EICV5_VUP,EICV7_VUP",EICV_pooled_household_vup.dta,h_head_sex,head_sex,1->1; 2->2,"all household surveys (LFS, Census, EICV, AHS) + CFSVA head/woman",exact,head = relationship code 1 in the roster
EICV,"EICV5_VUP,EICV7_VUP",EICV_pooled_household_vup.dta,h_head_age,head_age,as shipped,"all household surveys (LFS, Census, EICV, AHS) + CFSVA head/woman",exact,
EICV,"EICV4_VUP,EICV5_VUP,EICV7_VUP",EICV_pooled_person_vup.dta,h_sex,sex,1->1; 2->2,"all household surveys (LFS, Census, EICV, AHS) + CFSVA head/woman",exact,
EICV,EICV4_VUP,EICV_pooled_person_vup.dta,h_relation,s1q2,"1->1; 2->2; 3,4->3; 5,6,7,8,9,10->4; 11,12->5","all household surveys (LFS, Census, EICV, AHS) + CFSVA head/woman",exact,
EICV,EICV4_VUP,EICV_pooled_person_vup.dta,h_marital,s1q4,"7->1; 1,2,3,4->2; 5,6->3; 8->4","all household surveys (LFS, Census, EICV, AHS) + CFSVA head/woman",exact,asked of members 12+
EICV,EICV4_VUP,EICV_pooled_person_vup.dta,h_attend,s4aq1,1->1; 2->0,"education group: Census, EICV, LFS (+ AHS, CFSVA head/woman)",exact,"ages 7+ (EICV1), 6+ (EICV2/3), 3+ (EICV4+)"
EICV,EICV4_VUP,EICV_pooled_person_vup.dta,h_educ,s4aq2 + s4aq3 + s4aq1,s4aq2 class code: 1 pre-primary->0; 10-19 primary->1; 20-39 post-primary/vocational/secondary->2; 40+ university->3; diploma s4aq3 6-10 (bachelor..doctorate)->3; never attended->0,"education group: Census, EICV, LFS (+ AHS, CFSVA head/woman)",exact,
EICV,EICV4_VUP,EICV_pooled_person_vup.dta,h_literacy,s4bq3_v2 & s4bq4_v2,read=1 & write=1 -> 1; either =2 -> 0,"education group: Census, EICV, LFS (+ AHS, CFSVA head/woman)",exact,literacy 5+/6+/10+ by round
EICV,EICV4_VUP,EICV_pooled_person_vup.dta,h_lfstatus,(not available),,"employment group: LFS, Census, EICV (+ AHS where asked)",missing,"NISR lfs6 (current status, 6+)"
EICV,EICV4_VUP,EICV_pooled_person_vup.dta,h_empstat,(not available at person level),,"employment group: LFS, Census, EICV (+ AHS where asked)",missing,"status is recorded per job in the jobs module (EICV3-5), not on the person record"
EICV,EICV4_VUP,EICV_pooled_person_vup.dta,h_isic1,(not available),,"employment group: LFS, Census, EICV (+ AHS where asked)",missing,NISR 'Current main economic activity' (ISIC section)
EICV,EICV4_VUP,EICV_pooled_person_vup.dta,h_isco1,(not available),,"employment group: LFS, Census, EICV (+ AHS where asked)",missing,NISR 'Current main occupation'; 99 -> missing
EICV,EICV5_VUP,EICV_pooled_person_vup.dta,h_relation,s1q2,"1->1; 2->2; 3,4->3; 5,6,7,8,9,10->4; 11,12->5","all household surveys (LFS, Census, EICV, AHS) + CFSVA head/woman",exact,
EICV,EICV5_VUP,EICV_pooled_person_vup.dta,h_marital,s1q4,"7->1; 1,2,3,4->2; 5,6->3; 8->4","all household surveys (LFS, Census, EICV, AHS) + CFSVA head/woman",exact,asked of members 12+
EICV,EICV5_VUP,EICV_pooled_person_vup.dta,h_attend,s4aq1,1->1; 2->0,"education group: Census, EICV, LFS (+ AHS, CFSVA head/woman)",exact,"ages 7+ (EICV1), 6+ (EICV2/3), 3+ (EICV4+)"
EICV,EICV5_VUP,EICV_pooled_person_vup.dta,h_educ,s4aq2 + s4aq3 + s4aq1,s4aq2 class code: 1 pre-primary->0; 10-19 primary->1; 20-39 post-primary/vocational/secondary->2; 40+ university->3; diploma s4aq3 6-10 (bachelor..doctorate)->3; never attended->0,"education group: Census, EICV, LFS (+ AHS, CFSVA head/woman)",exact,
EICV,EICV5_VUP,EICV_pooled_person_vup.dta,h_literacy,s4bq4 & s4bq5_v2,read=1 & write=1 -> 1; either =2 -> 0,"education group: Census, EICV, LFS (+ AHS, CFSVA head/woman)",exact,literacy 5+/6+/10+ by round
EICV,EICV5_VUP,EICV_pooled_person_vup.dta,h_lfstatus,s6aq2 | s6aq3_v2 | s6aq4 | s6aq5 | s6aq6 | s6aq9_v2,"any work item = yes -> 1 (employed); EICV5: reason s6aq9 = 1 unemployed/seeking -> 2, 2-7 -> 3","employment group: LFS, Census, EICV (+ AHS where asked)",approximate,12-month reference (EICV3/5) / 7-day reference (EICV7)
EICV,EICV5_VUP,EICV_pooled_person_vup.dta,h_empstat,(not available at person level),,"employment group: LFS, Census, EICV (+ AHS where asked)",missing,"status is recorded per job in the jobs module (EICV3-5), not on the person record"
EICV,EICV5_VUP,EICV_pooled_person_vup.dta,h_isic1,(not available at person level),,"employment group: LFS, Census, EICV (+ AHS where asked)",missing,codes are in the jobs module (EICV3/5)
EICV,EICV5_VUP,EICV_pooled_person_vup.dta,h_isco1,(not available at person level),,"employment group: LFS, Census, EICV (+ AHS where asked)",missing,codes are in the jobs module (EICV3/5)
EICV,EICV7_VUP,EICV_pooled_person_vup.dta,h_relation,s1q2,"1->1; 2->2; 3,4->3; 5,6,7,8,9,10,11->4; 12,13,14->5","all household surveys (LFS, Census, EICV, AHS) + CFSVA head/woman",exact,
EICV,EICV7_VUP,EICV_pooled_person_vup.dta,h_marital,s1q4,"6->1; 1,2,3->2; 4,5->3; 7->4","all household surveys (LFS, Census, EICV, AHS) + CFSVA head/woman",exact,asked of members 12+
EICV,EICV7_VUP,EICV_pooled_person_vup.dta,h_attend,s4aq1,1->1; 2->0,"education group: Census, EICV, LFS (+ AHS, CFSVA head/woman)",exact,"ages 7+ (EICV1), 6+ (EICV2/3), 3+ (EICV4+)"
EICV,EICV7_VUP,EICV_pooled_person_vup.dta,h_educ,s4aq2 + s4aq3 + s4aq1,"s4aq2 1,2->0; 3->1; 4,5,6->2; 7->3; diploma 11-15->3; never attended->0","education group: Census, EICV, LFS (+ AHS, CFSVA head/woman)",exact,
EICV,EICV7_VUP,EICV_pooled_person_vup.dta,h_literacy,s4bq4 & s4bq6,read=1 & write=1 -> 1; either =2 -> 0,"education group: Census, EICV, LFS (+ AHS, CFSVA head/woman)",exact,literacy 5+/6+/10+ by round
EICV,EICV7_VUP,EICV_pooled_person_vup.dta,h_lfstatus,s6aq2 | s6aq4_v2 | s6aq5_v2 | s6aq6_v2 | s6aq7 | s6aq8 | s6aq9 | s6aq10,any work item = yes -> 1 (employed); all work items = no -> 3 (no unemployment item),"employment group: LFS, Census, EICV (+ AHS where asked)",approximate,12-month reference (EICV3/5) / 7-day reference (EICV7)
EICV,EICV7_VUP,EICV_pooled_person_vup.dta,h_empstat,s6bq7,"1,2->1; 3->2; 4->3; 6->4; 5,7,8->5","employment group: LFS, Census, EICV (+ AHS where asked)",exact,"main job, last 7 days"
EICV,EICV7_VUP,EICV_pooled_person_vup.dta,h_isic1,s6bq4,1->1; 2->2; 3->3; 4->4; 5->5; 6->6; 7->7; 8->8; 9->9; 10->10; 11->11; 12->12; 13->13; 14->14; 15->15; 16->16; 17->17; 18->18; 19->19; 20->20; 21->21,"employment group: LFS, Census, EICV (+ AHS where asked)",exact,"ISIC level 1, main job"
EICV,EICV7_VUP,EICV_pooled_person_vup.dta,h_isco1,s6bq3,1->1; 2->2; 3->3; 4->4; 5->5; 6->6; 7->7; 8->8; 9->9,"employment group: LFS, Census, EICV (+ AHS where asked)",exact,"ISCO level 1, main job"
LFS,"2017,2018,2019,2020,2021,2022,2023,2024,2025",LFS_pooled_household.dta,h_head_sex,head_sex,1->1; 2->2,"all household surveys (LFS, Census, EICV, AHS) + CFSVA head/woman",exact,head = relationship code 1 in the roster
LFS,"2017,2018,2019,2020,2021,2022,2023,2024,2025",LFS_pooled_household.dta,h_head_age,head_age,as shipped,"all household surveys (LFS, Census, EICV, AHS) + CFSVA head/woman",exact,
LFS,"2017,2018,2019,2020,2021,2022,2023,2024,2025",LFS_pooled_person.dta,h_sex,sex,1->1; 2->2,"all household surveys (LFS, Census, EICV, AHS) + CFSVA head/woman",exact,
LFS,2017,LFS_pooled_person.dta,h_relation,a02,"1->1; 2->2; 3,4->3; 5,6,7,8,9->4; 10,11->5","all household surveys (LFS, Census, EICV, AHS) + CFSVA head/woman",exact,98/99 don't know/missing -> missing
LFS,2017,LFS_pooled_person.dta,h_marital,a05,"6->1; 1,2,3->2; 4,5->3; 7->4","all household surveys (LFS, Census, EICV, AHS) + CFSVA head/woman",exact,asked of members 12+
LFS,2017,LFS_pooled_person.dta,h_educ,b02a,"1,2->0; 3->1; 4,5->2; 6->3","education group: Census, EICV, LFS (+ AHS, CFSVA head/woman)",exact,asked of members 14+; level attended/attending
LFS,2017,LFS_pooled_person.dta,h_attend,b02a,b02a=1 (none)->0; 2-6->1,"education group: Census, EICV, LFS (+ AHS, CFSVA head/woman)",exact,14+
LFS,2017,LFS_pooled_person.dta,h_literacy,b06,1->1; 2->0,"education group: Census, EICV, LFS (+ AHS, CFSVA head/woman)",exact,asked of members 14+
LFS,2017,LFS_pooled_person.dta,h_lfstatus,status1,1->1; 2->2; 3->3,"employment group: LFS, Census, EICV (+ AHS where asked)",exact,NISR status1; ages 16+ (2017-19) / 14+ (2020+)
LFS,2017,LFS_pooled_person.dta,h_empstat,d05,"1,2->1; 3->2; 4->3; 6->4; 5,7->5","employment group: LFS, Census, EICV (+ AHS where asked)",exact,
LFS,2017,LFS_pooled_person.dta,h_isic1,indd03,1->1; 2->2; 3->3; 4->4; 5->5; 6->6; 7->7; 8->8; 9->9; 10->10; 11->11; 12->12; 13->13; 14->14; 15->15; 16->16; 17->17; 18->18; 19->19; 20->20; 21->21,"employment group: LFS, Census, EICV (+ AHS where asked)",exact,"NISR indd03 (ISIC Rev.4 section, main job)"
LFS,2017,LFS_pooled_person.dta,h_isco1,indd01,1->1; 2->2; 3->3; 4->4; 5->5; 6->6; 7->7; 8->8; 9->9,"employment group: LFS, Census, EICV (+ AHS where asked)",exact,"NISR indd01 (ISCO-08 major group, main job)"
LFS,2018,LFS_pooled_person.dta,h_relation,a02,"1->1; 2->2; 3,4->3; 5,6,7,8,9->4; 10,11->5","all household surveys (LFS, Census, EICV, AHS) + CFSVA head/woman",exact,98/99 don't know/missing -> missing
LFS,2018,LFS_pooled_person.dta,h_marital,a05,"6->1; 1,2,3->2; 4,5->3; 7->4","all household surveys (LFS, Census, EICV, AHS) + CFSVA head/woman",exact,asked of members 12+
LFS,2018,LFS_pooled_person.dta,h_educ,b02a,"1,2->0; 3->1; 4,5->2; 6->3","education group: Census, EICV, LFS (+ AHS, CFSVA head/woman)",exact,asked of members 14+; level attended/attending
LFS,2018,LFS_pooled_person.dta,h_attend,b02a,b02a=1 (none)->0; 2-6->1,"education group: Census, EICV, LFS (+ AHS, CFSVA head/woman)",exact,14+
LFS,2018,LFS_pooled_person.dta,h_literacy,b06,1->1; 2->0,"education group: Census, EICV, LFS (+ AHS, CFSVA head/woman)",exact,asked of members 14+
LFS,2018,LFS_pooled_person.dta,h_lfstatus,status1,1->1; 2->2; 3->3,"employment group: LFS, Census, EICV (+ AHS where asked)",exact,NISR status1; ages 16+ (2017-19) / 14+ (2020+)
LFS,2018,LFS_pooled_person.dta,h_empstat,d05,"1,2->1; 3->2; 4->3; 6->4; 5,7->5","employment group: LFS, Census, EICV (+ AHS where asked)",exact,
LFS,2018,LFS_pooled_person.dta,h_isic1,indd03,1->1; 2->2; 3->3; 4->4; 5->5; 6->6; 7->7; 8->8; 9->9; 10->10; 11->11; 12->12; 13->13; 14->14; 15->15; 16->16; 17->17; 18->18; 19->19; 20->20; 21->21,"employment group: LFS, Census, EICV (+ AHS where asked)",exact,"NISR indd03 (ISIC Rev.4 section, main job)"
LFS,2018,LFS_pooled_person.dta,h_isco1,indd01,1->1; 2->2; 3->3; 4->4; 5->5; 6->6; 7->7; 8->8; 9->9,"employment group: LFS, Census, EICV (+ AHS where asked)",exact,"NISR indd01 (ISCO-08 major group, main job)"
LFS,2019,LFS_pooled_person.dta,h_relation,a02,"1->1; 2->2; 3,4->3; 5,6,7,8,9->4; 10,11->5","all household surveys (LFS, Census, EICV, AHS) + CFSVA head/woman",exact,98/99 don't know/missing -> missing
LFS,2019,LFS_pooled_person.dta,h_marital,a05,"6->1; 1,2,3->2; 4,5->3; 7->4","all household surveys (LFS, Census, EICV, AHS) + CFSVA head/woman",exact,asked of members 12+
LFS,2019,LFS_pooled_person.dta,h_educ,b02a,"1,2->0; 3->1; 4,5->2; 6->3","education group: Census, EICV, LFS (+ AHS, CFSVA head/woman)",exact,asked of members 14+; level attended/attending
LFS,2019,LFS_pooled_person.dta,h_attend,b02a,b02a=1 (none)->0; 2-6->1,"education group: Census, EICV, LFS (+ AHS, CFSVA head/woman)",exact,14+
LFS,2019,LFS_pooled_person.dta,h_literacy,b06,1->1; 2->0,"education group: Census, EICV, LFS (+ AHS, CFSVA head/woman)",exact,asked of members 14+
LFS,2019,LFS_pooled_person.dta,h_lfstatus,status1,1->1; 2->2; 3->3,"employment group: LFS, Census, EICV (+ AHS where asked)",exact,NISR status1; ages 16+ (2017-19) / 14+ (2020+)
LFS,2019,LFS_pooled_person.dta,h_empstat,d05,"1,2->1; 3->2; 4->3; 6->4; 5,7->5","employment group: LFS, Census, EICV (+ AHS where asked)",exact,
LFS,2019,LFS_pooled_person.dta,h_isic1,indd03,1->1; 2->2; 3->3; 4->4; 5->5; 6->6; 7->7; 8->8; 9->9; 10->10; 11->11; 12->12; 13->13; 14->14; 15->15; 16->16; 17->17; 18->18; 19->19; 20->20; 21->21,"employment group: LFS, Census, EICV (+ AHS where asked)",exact,"NISR indd03 (ISIC Rev.4 section, main job)"
LFS,2019,LFS_pooled_person.dta,h_isco1,indd01,1->1; 2->2; 3->3; 4->4; 5->5; 6->6; 7->7; 8->8; 9->9,"employment group: LFS, Census, EICV (+ AHS where asked)",exact,"NISR indd01 (ISCO-08 major group, main job)"
LFS,2020,LFS_pooled_person.dta,h_relation,a02,"1->1; 2->2; 3,4->3; 5,6,7,8,9->4; 10,11->5","all household surveys (LFS, Census, EICV, AHS) + CFSVA head/woman",exact,98/99 don't know/missing -> missing
LFS,2020,LFS_pooled_person.dta,h_marital,(not available),,"all household surveys (LFS, Census, EICV, AHS) + CFSVA head/woman",missing,asked of members 12+
LFS,2020,LFS_pooled_person.dta,h_educ,(not available),,"education group: Census, EICV, LFS (+ AHS, CFSVA head/woman)",missing,asked of members 14+; level attended/attending
LFS,2020,LFS_pooled_person.dta,h_attend,(none),b02a=1 (none)->0; 2-6->1,"education group: Census, EICV, LFS (+ AHS, CFSVA head/woman)",missing,14+
LFS,2020,LFS_pooled_person.dta,h_literacy,(not available),,"education group: Census, EICV, LFS (+ AHS, CFSVA head/woman)",missing,asked of members 14+
LFS,2020,LFS_pooled_person.dta,h_lfstatus,status1,1->1; 2->2; 3->3,"employment group: LFS, Census, EICV (+ AHS where asked)",exact,NISR status1; ages 16+ (2017-19) / 14+ (2020+)
LFS,2020,LFS_pooled_person.dta,h_empstat,d05,"1,2->1; 3->2; 4->3; 6->4; 5,7->5","employment group: LFS, Census, EICV (+ AHS where asked)",exact,
LFS,2020,LFS_pooled_person.dta,h_isic1,indd03,1->1; 2->2; 3->3; 4->4; 5->5; 6->6; 7->7; 8->8; 9->9; 10->10; 11->11; 12->12; 13->13; 14->14; 15->15; 16->16; 17->17; 18->18; 19->19; 20->20; 21->21,"employment group: LFS, Census, EICV (+ AHS where asked)",exact,"NISR indd03 (ISIC Rev.4 section, main job)"
LFS,2020,LFS_pooled_person.dta,h_isco1,(not available),,"employment group: LFS, Census, EICV (+ AHS where asked)",missing,"NISR indd01 (ISCO-08 major group, main job)"
LFS,2021,LFS_pooled_person.dta,h_relation,a02,"1->1; 2->2; 3,4->3; 5,6,7,8,9->4; 10,11->5","all household surveys (LFS, Census, EICV, AHS) + CFSVA head/woman",exact,98/99 don't know/missing -> missing
LFS,2021,LFS_pooled_person.dta,h_marital,a05,"6->1; 1,2,3->2; 4,5->3; 7->4","all household surveys (LFS, Census, EICV, AHS) + CFSVA head/woman",exact,asked of members 12+
LFS,2021,LFS_pooled_person.dta,h_educ,b02a,"1,2->0; 3->1; 4,5->2; 6->3","education group: Census, EICV, LFS (+ AHS, CFSVA head/woman)",exact,asked of members 14+; level attended/attending
LFS,2021,LFS_pooled_person.dta,h_attend,b02a,b02a=1 (none)->0; 2-6->1,"education group: Census, EICV, LFS (+ AHS, CFSVA head/woman)",exact,14+
LFS,2021,LFS_pooled_person.dta,h_literacy,b06,1->1; 2->0,"education group: Census, EICV, LFS (+ AHS, CFSVA head/woman)",exact,asked of members 14+
LFS,2021,LFS_pooled_person.dta,h_lfstatus,status1,1->1; 2->2; 3->3,"employment group: LFS, Census, EICV (+ AHS where asked)",exact,NISR status1; ages 16+ (2017-19) / 14+ (2020+)
LFS,2021,LFS_pooled_person.dta,h_empstat,d05,"1,2->1; 3->2; 4->3; 6->4; 5,7->5","employment group: LFS, Census, EICV (+ AHS where asked)",exact,
LFS,2021,LFS_pooled_person.dta,h_isic1,indd03,1->1; 2->2; 3->3; 4->4; 5->5; 6->6; 7->7; 8->8; 9->9; 10->10; 11->11; 12->12; 13->13; 14->14; 15->15; 16->16; 17->17; 18->18; 19->19; 20->20; 21->21,"employment group: LFS, Census, EICV (+ AHS where asked)",exact,"NISR indd03 (ISIC Rev.4 section, main job)"
LFS,2021,LFS_pooled_person.dta,h_isco1,indd01,1->1; 2->2; 3->3; 4->4; 5->5; 6->6; 7->7; 8->8; 9->9,"employment group: LFS, Census, EICV (+ AHS where asked)",exact,"NISR indd01 (ISCO-08 major group, main job)"
LFS,2022,LFS_pooled_person.dta,h_relation,a02,"1->1; 2->2; 3,4->3; 5,6,7,8,9->4; 10,11->5","all household surveys (LFS, Census, EICV, AHS) + CFSVA head/woman",exact,98/99 don't know/missing -> missing
LFS,2022,LFS_pooled_person.dta,h_marital,a05,"6->1; 1,2,3->2; 4,5->3; 7->4","all household surveys (LFS, Census, EICV, AHS) + CFSVA head/woman",exact,asked of members 12+
LFS,2022,LFS_pooled_person.dta,h_educ,b02a,"1,2->0; 3->1; 4,5->2; 6->3","education group: Census, EICV, LFS (+ AHS, CFSVA head/woman)",exact,asked of members 14+; level attended/attending
LFS,2022,LFS_pooled_person.dta,h_attend,b02a,b02a=1 (none)->0; 2-6->1,"education group: Census, EICV, LFS (+ AHS, CFSVA head/woman)",exact,14+
LFS,2022,LFS_pooled_person.dta,h_literacy,b06,1->1; 2->0,"education group: Census, EICV, LFS (+ AHS, CFSVA head/woman)",exact,asked of members 14+
LFS,2022,LFS_pooled_person.dta,h_lfstatus,status1,1->1; 2->2; 3->3,"employment group: LFS, Census, EICV (+ AHS where asked)",exact,NISR status1; ages 16+ (2017-19) / 14+ (2020+)
LFS,2022,LFS_pooled_person.dta,h_empstat,d05,"1,2->1; 3->2; 4->3; 6->4; 5,7->5","employment group: LFS, Census, EICV (+ AHS where asked)",exact,
LFS,2022,LFS_pooled_person.dta,h_isic1,indd03,1->1; 2->2; 3->3; 4->4; 5->5; 6->6; 7->7; 8->8; 9->9; 10->10; 11->11; 12->12; 13->13; 14->14; 15->15; 16->16; 17->17; 18->18; 19->19; 20->20; 21->21,"employment group: LFS, Census, EICV (+ AHS where asked)",exact,"NISR indd03 (ISIC Rev.4 section, main job)"
LFS,2022,LFS_pooled_person.dta,h_isco1,indd01,1->1; 2->2; 3->3; 4->4; 5->5; 6->6; 7->7; 8->8; 9->9,"employment group: LFS, Census, EICV (+ AHS where asked)",exact,"NISR indd01 (ISCO-08 major group, main job)"
LFS,2023,LFS_pooled_person.dta,h_relation,a02,"1->1; 2->2; 3,4->3; 5,6,7,8,9->4; 10,11->5","all household surveys (LFS, Census, EICV, AHS) + CFSVA head/woman",exact,98/99 don't know/missing -> missing
LFS,2023,LFS_pooled_person.dta,h_marital,a05,"6->1; 1,2,3->2; 4,5->3; 7->4","all household surveys (LFS, Census, EICV, AHS) + CFSVA head/woman",exact,asked of members 12+
LFS,2023,LFS_pooled_person.dta,h_educ,b02a,"1,2->0; 3->1; 4,5->2; 6->3","education group: Census, EICV, LFS (+ AHS, CFSVA head/woman)",exact,asked of members 14+; level attended/attending
LFS,2023,LFS_pooled_person.dta,h_attend,b02a,b02a=1 (none)->0; 2-6->1,"education group: Census, EICV, LFS (+ AHS, CFSVA head/woman)",exact,14+
LFS,2023,LFS_pooled_person.dta,h_literacy,b06,1->1; 2->0,"education group: Census, EICV, LFS (+ AHS, CFSVA head/woman)",exact,asked of members 14+
LFS,2023,LFS_pooled_person.dta,h_lfstatus,status1,1->1; 2->2; 3->3,"employment group: LFS, Census, EICV (+ AHS where asked)",exact,NISR status1; ages 16+ (2017-19) / 14+ (2020+)
LFS,2023,LFS_pooled_person.dta,h_empstat,d05,"1,2->1; 3->2; 4->3; 6->4; 5,7->5","employment group: LFS, Census, EICV (+ AHS where asked)",exact,
LFS,2023,LFS_pooled_person.dta,h_isic1,indd03,1->1; 2->2; 3->3; 4->4; 5->5; 6->6; 7->7; 8->8; 9->9; 10->10; 11->11; 12->12; 13->13; 14->14; 15->15; 16->16; 17->17; 18->18; 19->19; 20->20; 21->21,"employment group: LFS, Census, EICV (+ AHS where asked)",exact,"NISR indd03 (ISIC Rev.4 section, main job)"
LFS,2023,LFS_pooled_person.dta,h_isco1,indd01,1->1; 2->2; 3->3; 4->4; 5->5; 6->6; 7->7; 8->8; 9->9,"employment group: LFS, Census, EICV (+ AHS where asked)",exact,"NISR indd01 (ISCO-08 major group, main job)"
LFS,2024,LFS_pooled_person.dta,h_relation,a02,"1->1; 2->2; 3,4->3; 5,6,7,8,9->4; 10,11->5","all household surveys (LFS, Census, EICV, AHS) + CFSVA head/woman",exact,98/99 don't know/missing -> missing
LFS,2024,LFS_pooled_person.dta,h_marital,a05,"6->1; 1,2,3->2; 4,5->3; 7->4","all household surveys (LFS, Census, EICV, AHS) + CFSVA head/woman",exact,asked of members 12+
LFS,2024,LFS_pooled_person.dta,h_educ,b02a,"1,2->0; 3->1; 4,5->2; 6->3","education group: Census, EICV, LFS (+ AHS, CFSVA head/woman)",exact,asked of members 14+; level attended/attending
LFS,2024,LFS_pooled_person.dta,h_attend,b02a,b02a=1 (none)->0; 2-6->1,"education group: Census, EICV, LFS (+ AHS, CFSVA head/woman)",exact,14+
LFS,2024,LFS_pooled_person.dta,h_literacy,(not available),,"education group: Census, EICV, LFS (+ AHS, CFSVA head/woman)",missing,14+; B06 not asked from 2024
LFS,2024,LFS_pooled_person.dta,h_lfstatus,status1,1->1; 2->2; 3->3,"employment group: LFS, Census, EICV (+ AHS where asked)",exact,NISR status1; ages 16+ (2017-19) / 14+ (2020+)
LFS,2024,LFS_pooled_person.dta,h_empstat,d05,"1,2->1; 3->2; 4->3; 6->4; 5,7->5","employment group: LFS, Census, EICV (+ AHS where asked)",exact,
LFS,2024,LFS_pooled_person.dta,h_isic1,indd03,1->1; 2->2; 3->3; 4->4; 5->5; 6->6; 7->7; 8->8; 9->9; 10->10; 11->11; 12->12; 13->13; 14->14; 15->15; 16->16; 17->17; 18->18; 19->19; 20->20; 21->21,"employment group: LFS, Census, EICV (+ AHS where asked)",exact,"NISR indd03 (ISIC Rev.4 section, main job)"
LFS,2024,LFS_pooled_person.dta,h_isco1,indd01,1->1; 2->2; 3->3; 4->4; 5->5; 6->6; 7->7; 8->8; 9->9,"employment group: LFS, Census, EICV (+ AHS where asked)",exact,"NISR indd01 (ISCO-08 major group, main job)"
LFS,2025,LFS_pooled_person.dta,h_relation,a02,"1->1; 2->2; 3,4->3; 5,6,7,8,9,10,11->4; 12,13,14->5","all household surveys (LFS, Census, EICV, AHS) + CFSVA head/woman",exact,98/99 don't know/missing -> missing
LFS,2025,LFS_pooled_person.dta,h_marital,a05,"6->1; 1,2,3->2; 4,5->3; 7->4","all household surveys (LFS, Census, EICV, AHS) + CFSVA head/woman",exact,asked of members 12+
LFS,2025,LFS_pooled_person.dta,h_educ,b02a,"1,2->0; 3->1; 4,5->2; 6->3","education group: Census, EICV, LFS (+ AHS, CFSVA head/woman)",exact,asked of members 14+; level attended/attending
LFS,2025,LFS_pooled_person.dta,h_attend,b02a,b02a=1 (none)->0; 2-6->1,"education group: Census, EICV, LFS (+ AHS, CFSVA head/woman)",exact,14+
LFS,2025,LFS_pooled_person.dta,h_literacy,(not available),,"education group: Census, EICV, LFS (+ AHS, CFSVA head/woman)",missing,14+; B06 not asked from 2024
LFS,2025,LFS_pooled_person.dta,h_lfstatus,status1,1->1; 2->2; 3->3,"employment group: LFS, Census, EICV (+ AHS where asked)",exact,NISR status1; ages 16+ (2017-19) / 14+ (2020+)
LFS,2025,LFS_pooled_person.dta,h_empstat,d05_v2,1->1; 3->2; 4->3; 6->4; 5->5,"employment group: LFS, Census, EICV (+ AHS where asked)",exact,2025 ICSE-93 recode d05_v2
LFS,2025,LFS_pooled_person.dta,h_isic1,indd03,1->1; 2->2; 3->3; 4->4; 5->5; 6->6; 7->7; 8->8; 9->9; 10->10; 11->11; 12->12; 13->13; 14->14; 15->15; 16->16; 17->17; 18->18; 19->19; 20->20; 21->21,"employment group: LFS, Census, EICV (+ AHS where asked)",exact,"NISR indd03 (ISIC Rev.4 section, main job)"
LFS,2025,LFS_pooled_person.dta,h_isco1,indd01,1->1; 2->2; 3->3; 4->4; 5->5; 6->6; 7->7; 8->8; 9->9,"employment group: LFS, Census, EICV (+ AHS where asked)",exact,"NISR indd01 (ISCO-08 major group, main job)"
