variable,label,type,value_labels,n_value_labels,n_2013_A,n_2014_A,n_2014_B,n_2014_C,n_2015_A,n_2015_B,n_2016_A,n_2016_B,n_2016_C,source,versions,label_variants,value_label_conflicts
survey,Source survey,string,,0,117537,125869,25316,1283,27490,25648,138100,133947,2361,,,,
year,Agricultural year of the season (as in the NISR release),int16,,0,117537,125869,25316,1283,27490,25648,138100,133947,2361,,,,
season,"Season (A, B, C)",string,,0,117537,125869,25316,1283,27490,25648,138100,133947,2361,,,,
wave,Wave id: <year>_<season>,string,,0,597551,597551,597551,597551,597551,597551,597551,597551,597551,,,,
farm_type,"1 small-scale farmer (area frame), 2 large-scale farmer (list frame)",int8,,0,3738,1169,1754,0,0,0,7391,1914,0,,,,
prov,"Province (1-5, NISR codes)",int8,"1=City of Kigali, 2=Southern Province, 3=Western Province, 4=Northern Province, 5=Eastern Province",5,117537,1169,1754,0,0,0,7391,1914,0,,,,
stratum,Sampling stratum (as shipped),int8,,0,113799,124700,23562,1283,27490,25648,130709,132033,2361,,,,
segment,"Segment id (area frame) or LSF id (list frame), as shipped",double,,0,113799,0,0,0,0,0,0,0,0,,,,
holder,Holder / questionnaire id (as shipped),double,,0,116025,125869,25316,1283,27490,25648,138100,133947,2361,,,,
plot,Plot number within segment/holder,int16,,0,53172,125869,25316,1283,27490,25648,138100,133947,2361,,,,
crop,Crop code (native list of the wave; see codebook),int16,"1=Maize, 2=Paddy rice, 3=Sorghum, 4=Wheat, 5=Other cereals …",83,117537,110000,25293,1283,27490,25648,138085,133947,2361,,,,"{""98"": [""Fallow"", ""Fallow land"", ""Fallow-land"", ""Urajwe"", ""fallow"", ""fallow-land""], ""9"": [""Other legumes & pulses"", ""other legumes"", ""other legumes & pulses"", ""other pulses""], ""16"": [""Flower cabbage"", ""cauliflowers"", ""flower cabage""], ""22"": [""Banana Fruit"", ""dessert banana""], ""17"": [""onion"", ""onions""], ""18"": [""carrot"", ""carrots""], ""44"": [""african cabbage"", ""small eggplants/isogi""], ""48"": [""broccoli"", ""broccolli"", ""brocolli""], ""49"": [""napia grass"", ""napier glass""], ""51"": [""fodder crop"", ""fodder crops""], ""53"": [""olive crop"", ""olive tree""], ""61"": [""mulberry"", ""white mulberry""], ""69"": [""pumpkin"", ""pumpkins""], ""14"": [""tomatoes"", ""tomotoes""], ""15"": [""cabbage"", ""white cabbage""], ""71"": [""palm"", ""palm tree""], ""21"": [""Cooking Banana"", ""Cooking bananas"", ""cooking banana""], ""99"": [""Non-Agri"", ""Uncultivated""]}"
wt,"Weight (plot weight where shipped, else segment/stratum weight; missing where no",double,,0,113799,124700,0,0,0,0,130709,102381,0,,,,
crop_area_ha,Crop area on the plot (ha) -- CORE map [not in this record type],double,,0,66591,100661,0,0,0,0,0,0,0,,,2013_A_area_a: Crop area on the plot (ha) -- CORE map [from area_; 2013_A_big_farmer_a: Crop area on the plot (ha) -- CORE map [from area_; 2014_A_farmq_screening: Crop area on the plot (ha) -- CORE map [from ha],
id2a,An_District,int8,"1=District1, 2=District2, 3=District3, 4=District4, 5=District5 …",30,116025,0,0,0,0,0,0,0,0,,,,
id7,0.5B Tract number,int16,,0,65877,0,0,0,0,0,0,0,0,,,,
area_ha,Area Hectare,double,,0,66591,0,0,0,0,0,0,0,0,,,2013_A_area_a: Area in Hectare,
association,Pure and mixed cropping,int8,"1=pure crop, 2=mixed crop",2,66591,0,0,0,0,0,110750,0,0,,,2013_A_area_a: Pure and Mixed cropping; 2013_A_big_farmer_a: Pure and mixed cropping,"{""1"": [""Pure Crop Land"", ""Pure crop""], ""2"": [""Mixed Crop Land"", ""Mixed crop""]}"
source_module,Record type of the shipped file this row comes from,string,,0,117537,125869,25316,1283,27490,25648,138100,133947,2361,,,,
c03b,1.3B Specify the crop planted - Crop Name,string,,0,117537,125869,25316,1283,27490,25648,138100,133947,2361,,,,
c05,1.5 Starting date for sowing ? Code,int8,"1=Before 30/4, 2=1-31/5, 3=1-30/6, 4=1-31/7, 5=After 31/07 …",7,50713,22399,22088,816,24436,22689,23492,26929,1662,,,2013_A_date_sowing_production_harvest: Starting date for sowing; 2014_A_farmq_part1: 1.6 starting date for sowing ? code; 2014_A_lsf_farmq_part1: 1.6 starting date for sowing ? code; 2014_B_farmq_part1: 1.3 starting date for sowing ? code; 2014_B_lsf_farmq_part1: 1.3 starting date for sowing ? code; 2014_C_farmq_part1: 1.5 starting date for sowing ? code; 2015_A_farmq_part1: starting date for sowing; 2015_B_farmq_part1: starting date for sowing,"{""1"": [""Before 01/09/12"", ""Before 01/09/2015"", ""Before 30/4"", ""Before 31/12/2015"", ""before 01/09/2013"", ""before 01/09/2014"", ""before 30/04/2014"", ""before 31/12/2013"", ""before 31/12/2014""], ""2"": [""01 to15/09/12"", ""01-15 /09/2013"", ""01-15/09/2014"", ""01-15/09/2015"", ""01-31 /01/2014"", ""01-31 /05/2014"", ""01-31/01/2015"", ""01-31/01/2016"", ""1-31/5""], ""3"": [""01- 28/02/2014"", ""01- 28/02/2015"", ""01- 28/02/2016"", ""01- 30/06/2014"", ""1-30/6"", ""16 to 30/09/12"", ""16- 30/09/2013"", ""16- 30/09/2014"", ""16- 30/09/2015""], ""4"": [""01-15/03/2014"", ""01-15/03/2015"", ""01-15/03/2016"", ""01-15/10/2013"", ""01-15/10/2014"", ""01-15/10/2015"", ""01-31/07/2014"", ""1-31/7"", ""After 30/09/12""], ""5"": [""16- 31/03/2014"", ""16- 31/10/2013"", ""16-31/03/2015"", ""16-31/03/2016"", ""16-31/10/2014"", ""16-31/10/2015"", ""After 31/07"", ""Not applicable"", ""after  31/07/2014""], ""6"": [""After 31/03/2016"", ""After 31/10/2015"", ""No response"", ""after  31/03/2014"", ""after  31/10/2013"", ""after 31/03/2015"", ""after 31/10/2014""]}"
c12,1.12  Do you expect any production on this crop by 28th February 2013?,int8,"1=Yes, 2=No, 3=N/A",3,50634,0,0,0,0,0,0,0,0,,,2013_A_date_sowing_production_harvest: Production expectation by 28th February 2013,
c13,1.13 What is the expected date for harvesting?,int8,"1=Before 01/12/12, 2=01 to 31/12/12, 3=1 to 31/01/13, 4=1 to 28/02/13, 5=After 28/02/13 …",6,50552,0,0,0,0,0,0,0,0,,,2013_A_date_sowing_production_harvest: Expected date for harvesting,
id2,0.2 District,int8,,0,1512,0,0,0,0,0,0,0,0,,,,
seeds,1.6 type of seeds sown,int8,"1=traditional seeds, 2=improved seeds, 3=traditional and improved seeds",3,0,20922,20838,0,0,22688,0,0,0,,,2014_A_farmq_part1: 1.8 type of seeds sowed; 2014_B_farmq_part1: 1.4 type of seeds sowed,"{""3"": [""1 and 2"", ""traditional and improved seeds"", ""tradutional and improved seeds""]}"
resident_in_the_segment,2.3.6 Resident in the segment,int8,"1=Yes, 2=No, 3=NA",3,0,100661,0,0,0,0,105526,102381,0,,,2014_A_farmq_screening: 2.3.6 resident in the segment; 2016_A_screening_a_final: 2.3.6 resident in the segment,"{""1"": [""resident"", ""yes""], ""2"": [""no"", ""not resident""], ""3"": [""NA"", ""n/a""]}"
land_use,2.6 Land Use,int8,"96=Agricultural Land, 97=Pasture, 98=Fallow, 99=Non-Agri Land",4,0,100661,0,0,0,0,110750,102381,0,,,2014_A_farmq_screening: 2.6 land use; 2016_A_screening_a_final_big: 2.3 Land Use; 2016_A_screening_a_final: 2.6 land use,
non_agri_land_type,2.7 Non-agri land type,int8,"1=Buildings, 2=Road/Path, 3=Forest/Bush, 4=Bare/Rocky soil, 5=Uncultivated marshlands …",8,0,7249,0,0,0,0,8028,7375,0,,,2014_A_farmq_screening: 2.7 non-agri land type; 2016_A_screening_a_final_big: 2.4 Non-agri land type; 2016_A_screening_a_final: 2.7 non-agri land type,"{""5"": [""Uncultivated marshlands"", ""water""], ""6"": [""Flooded  marshlands"", ""others""]}"
season_a_crop,2.10 season a crop,int8,"1=yes, 2=no",2,0,100661,0,0,0,0,110734,0,0,,,2014_A_farmq_screening: 2.9 season a crop; 2016_A_screening_a_final_big: 2.8 Season A crop,
plot_area,,double,,0,0,100661,0,0,0,0,0,0,0,,,,
ha,Area by crop in hectare,double,,0,0,100661,0,0,0,0,0,0,0,,,,
group_crop,,int8,"1=maize, 2=sorghum, 3=paddy rice, 4=wheat, 5=other cereals …",25,0,84792,0,0,0,0,110735,0,0,,,,"{""1"": [""Maize"", ""sorghum""], ""2"": [""Sorghum"", ""maize""], ""3"": [""Paddy rice"", ""wheat""], ""4"": [""Wheat"", ""paddy rice""], ""5"": [""Other cereals"", ""beans""], ""6"": [""Cassava"", ""peas""], ""7"": [""Sweet Potatoes"", ""ground nuts""], ""8"": [""Irish Potatoes"", ""soya beans""], ""9"": [""Yams & Taro"", ""bananas""], ""10"": [""Cooking Banana"", ""irish potatoes""], ""11"": [""Dessert banana"", ""sweet potatoes""], ""12"": [""Banana for beer"", ""yams & taro""], ""13"": [""Bush beans"", ""cassava""], ""14"": [""Climbing beans"", ""vegetables""], ""15"": [""Peas"", ""fruits""], ""16"": [""Groundnuts"", ""other cereals""], ""17"": [""Soya beans"", ""other crops""], ""99"": [""Non Agriculture"", ""non-agriculture land""]}"
is_this_crop_for_this_agri,1.7 is this crop for this agricultural season?,int8,"1=yes, 2=no",2,0,1169,0,0,0,0,0,0,0,,,,
type_of_seeds_sowed,1.6 type of seeds sowed,int8,"1=traditional seeds, 2=improved seeds, 3=traditional and improved seeds",3,0,1169,1247,816,0,0,0,0,0,,,2014_A_lsf_farmq_part1: 1.8 type of seeds sowed; 2014_B_lsf_farmq_part1: 1.4 type of seeds sowed,"{""3"": [""1 and 2"", ""traditional and improved seeds"", ""tradutional and improved seeds""]}"
type_of_seeds_sown,1.6 Type of seeds sown,int8,"1=Traditional seeds, 2=Improved seeds, 3=Traditional and Improved seeds",3,0,0,0,0,24436,0,23492,26929,1662,,,2015_A_farmq_part1: 1.6 type of seeds sown,
i08a,0.8 Nature of Operator,int8,"1=Individual farmer, 2=Cooperative/ Institution/Company, 3=Individual Big Farmer, 4=Cooperative/ Institution/Company taken as Big Farmer, 5=Settlement",5,0,0,0,0,0,0,27350,0,0,,,,
i09,0.9 Sex,int8,"1=Male, 2=Female",2,0,0,0,0,0,0,26256,0,0,,,,
i10,0.10 Age of the operator,int16,,0,0,0,0,0,0,0,26256,0,0,,,,
i11,0.11 Education level of the operator,int8,"1=Primary, 2=Secondary, 3=Tertiary, 4=No education",4,0,0,0,0,0,0,26256,0,0,,,,
i16,0.16 Agricultural activity,int8,"1=Agriculture, 2=Agriculture & Livestock",2,0,0,0,0,0,0,27341,0,0,,,,
i17,0.17 Are you a member of any Agriculture Cooperative,int8,"1=Yes, 2=No",2,0,0,0,0,0,0,27350,0,0,,,,
age_group,,int8,"1=14-24, 2=25-34, 3=35-44, 4=45-54, 5=55 and Above",5,0,0,0,0,0,0,26256,0,0,,,,
is_this_plot_being_used_bf_h,2.5 Is this plot being used BF him/herself,int8,"1=Yes, 2=No",2,0,0,0,0,0,0,3847,0,0,,,,
anti_erosion_activities,2.6.1 Anti-erosion activities made on this plot?,int8,"1=Yes, 2=No",2,0,0,0,0,0,0,4520,0,0,,,,
anti_erosion_activities_pr,2.6.2 Type of anti-erosion Activities made,int8,"1=Ditches, 2=Trees, 3=Bench terraces, 4=Progressive terraces, 5=Cover plants/Grasses …",9,0,0,0,0,0,0,1987,0,0,,,,
anti_erosion_activities_ps,2.6.2 Type of anti-erosion Activities made,int8,"1=Ditches, 2=Trees, 3=Bench terraces, 4=Progressive terraces, 5=Cover plants/Grasses …",9,0,0,0,0,0,0,498,0,0,,,,
anti_erosion_activities_pt,2.6.2 Type of anti-erosion Activities made,int8,"1=Ditches, 2=Trees, 3=Bench terraces, 4=Progressive terraces, 5=Cover plants/Grasses …",9,0,0,0,0,0,0,44,0,0,,,,
area_crop_v2,crop area,double,,0,0,0,0,0,0,0,5213,0,0,,area_crop (2016_A_screening_a_final),,
anti_erosive_practice,2.8.1 Anti_erosion activities done on this plot?,int8,"1=Yes, 2=No",2,0,0,0,0,0,0,98202,95006,0,,,2016_A_screening_a_final: 2.8.1 anti_erosion activities done on this plot?,
anti_erosive_activity_1,2.8.2 anti erosive activity-1,int8,"1=ditches, 2=trees, 3=bench terraces, 4=progressive terraces, 5=cover plants/grasses …",9,0,0,0,0,0,0,68267,0,0,,,,
anti_erosive_activity_2,2.8.2 anti erosive activity-2,int8,"1=ditches, 2=trees, 3=bench terraces, 4=progressive terraces, 5=cover plants/grasses …",9,0,0,0,0,0,0,18434,0,0,,,,
anti_erosive_activity_3,2.8.2 anti erosive activity-3,int8,"1=ditches, 2=trees, 3=bench terraces, 4=progressive terraces, 5=cover plants/grasses …",9,0,0,0,0,0,0,695,0,0,,,,
area_crop,area3 using perc interv,double,,0,0,0,0,0,0,0,104374,0,0,,area_crop_v2 (2016_A_screening_a_final_big),,
anti_erosive_activities,2.8.2 Anti erosive activity-1,int8,"1=Ditches, 2=Trees, 3=Bench terraces, 4=Progressive terraces, 5=Cover plants/grasses …",9,0,0,0,0,0,0,0,64156,0,,,,
anti_erosive_activitieu,2.8.2 Anti erosive activity-2,int8,"1=Ditches, 2=Trees, 3=Bench terraces, 4=Progressive terraces, 5=Cover plants/grasses …",9,0,0,0,0,0,0,0,17251,0,,,,
anti_erosive_activitiet,2.8.2 Anti erosive activity-3,int8,"1=Ditches, 2=Trees, 3=Bench terraces, 4=Progressive terraces, 5=Cover plants/grasses …",9,0,0,0,0,0,0,0,712,0,,,,
density_percentage,2.9.4 Density%,int16,,0,0,0,0,0,0,0,0,27452,0,,,,
season_b_crop,2.10 Season B crop,int8,"1=Yes, 2=No",2,0,0,0,0,0,0,0,102381,0,,,,
area_sqm,Area_SQm,double,,0,0,0,0,0,0,0,0,102381,0,,,,
ha_p,Physical area in hectare,double,,0,0,0,0,0,0,0,0,102381,0,,,,
ha_d,Developed area in hectare,double,,0,0,0,0,0,0,0,0,102381,0,,,,
