variable,label,type,value_labels,n_value_labels,universe,n_EICV1,n_EICV2,n_EICV3,n_EICV4_CS,n_EICV4_VUP,n_EICV5_CS,n_EICV5_VUP,n_EICV7_CS,n_EICV7_VUP,source,versions,label_variants,value_label_conflicts
survey,Source survey,string,,0,"household (credit, durables, savings)",147637,186300,400624,389313,66420,364350,41100,406458,101817,,,,
year,Survey year (mid-fieldwork),int16,,0,"household (credit, durables, savings)",147637,186300,400624,389313,66420,364350,41100,406458,101817,,,,
wave,Wave / round id,string,,0,"household (credit, durables, savings)",0,0,0,0,0,0,0,0,0,,,,
sample,"CS = national cross-section, VUP = VUP booster, PANEL = EICV3-4 panel link",string,,0,"household (credit, durables, savings)",147637,186300,400624,389313,66420,364350,41100,406458,101817,,,,
prov,"Province (1-5, NISR codes)",int8,"1=City of Kigali, 2=Southern Province, 3=Western Province, 4=Northern Province, 5=Eastern Province",5,"household (credit, durables, savings)",147637,186300,400624,389313,66420,364350,41100,406458,101817,,,,
dist,"District (11-57, NISR current codes)",int8,"11=Nyarugenge, 12=Gasabo, 13=Kicukiro, 21=Nyanza, 22=Gisagara …",30,"household (credit, durables, savings)",147637,186300,400624,389313,66420,364350,41100,406458,101817,,,,
urban,"Area of residence (1 urban, 2 rural)",int8,"1=Urban, 2=Rural",2,"household (credit, durables, savings)",147637,186300,400624,389313,66420,364350,41100,406458,101817,,,,
cluster,Sampling cluster / enumeration area (as shipped),string,,0,"household (credit, durables, savings)",147637,186300,400624,389313,66420,364350,41100,406458,101817,,,,
hhid,Household id (unique within wave),double,,0,"household (credit, durables, savings)",147637,186300,400624,389313,66420,364350,41100,406458,101817,,,,
wt,"Household weight carried by every row (sums to persons in person files, to house",double,,0,"household (credit, durables, savings)",147637,186300,400624,389313,66420,364350,41100,406458,101817,,,,
wt_hh,Household weight (same value as wt; sums to the number of households),double,,0,"household (credit, durables, savings)",147637,186300,400624,389313,66420,364350,41100,406458,101817,,,,
rectype,Record type,string,,0,"household (credit, durables, savings)",147637,186300,400624,389313,66420,364350,41100,406458,101817,,,,
strate,Area,int8,,0,"household (credit, durables, savings)",147637,0,0,0,0,0,0,0,0,,,,
prefect,Province,int8,"1=Butare, 2=Byumba, 3=Cyangugu, 4=Gikongoro, 5=Gisenyi …",12,"household (credit, durables, savings)",147637,0,0,0,0,0,0,0,0,,,,
s12bq1,Asset code,int16,"805=Lounge suite, 808=Refrigerator, 809=Freezer, 810=Radio, 811=Radio-cassette …",22,"household (credit, durables, savings)",147637,0,0,0,0,0,0,0,0,,,,
s12bq2,Does any member own this asset?,int8,"1=Yes, 2=No",2,"household (credit, durables, savings)",147637,0,0,0,0,0,0,0,0,,,,
s12bq3a,Item 1 - how long ago was this item bought/acquired?,int8,98=less than one year,1,"household (credit, durables, savings)",16918,0,0,0,0,0,0,0,0,,,,
s12bq3b,Item 2 - how long ago was this item bought/acquired?,int8,98=less than one year,1,"household (credit, durables, savings)",5676,0,0,0,0,0,0,0,0,,,,
s12bq3c,Item 3 - how long ago was this item bought/acquired?,int8,98=less than one year,1,"household (credit, durables, savings)",2924,0,0,0,0,0,0,0,0,,,,
s12bq4a,Item 1 - purchase price,int32,,0,"household (credit, durables, savings)",16878,0,0,0,0,0,0,0,0,,,,
s12bq4b,Item 2 - purchase price,int32,,0,"household (credit, durables, savings)",5718,0,0,0,0,0,0,0,0,,,,
s12bq4c,Item 3 - purchase price,int32,,0,"household (credit, durables, savings)",2956,0,0,0,0,0,0,0,0,,,,
s12bq5a,Item 1 - Selling price now,int32,,0,"household (credit, durables, savings)",16815,0,0,0,0,0,0,0,0,,,,
s12bq5b,Item 2 - Selling price now,int32,,0,"household (credit, durables, savings)",5686,0,0,0,0,0,0,0,0,,,,
s12bq5c,Item 3 - Selling price now,int32,,0,"household (credit, durables, savings)",2942,0,0,0,0,0,0,0,0,,,,
id6,Household number,int8,,0,"household (credit, durables, savings)",0,186300,0,0,0,0,0,0,0,,,,
id1,Strata,int8,"1=City of Kigali, 2=Other urban, 3=Rural",3,"household (credit, durables, savings)",0,186300,0,0,0,0,0,0,0,,,,
id2,Province,int8,"1=City of Kigali, 2=Kigali Ngali, 3=Gitarama, 4=Butare, 5=Gikongoro …",12,"household (credit, durables, savings)",0,186300,0,0,0,0,0,0,0,,,,
item,Item code,int8,"1=Living room suite, 2=Refrigerator, 3=Freezer, 4=Radio, 5=Cassette radio …",28,"household (credit, durables, savings)",0,186300,400624,0,0,0,0,0,0,,,,"{""1"": [""Living room set"", ""Living room suite""], ""5"": [""Cassette radio"", ""Radio-cassette""], ""6"": [""TV Set"", ""Television""], ""7"": [""Decoder"", ""Satellite antenna""], ""8"": [""Satellite dish"", ""VCR or DVD player""], ""9"": [""Computer"", ""Video or DVD player""], ""10"": [""Cha\u00eene musicale"", ""Computer and accessories""], ""11"": [""Music system"", ""Telephone (land or cell)""], ""12"": [""Stove"", ""Telephone landline""], ""13"": [""Clothes washer/dryer"", ""Mobile telephone""], ""14"": [""Cooker"", ""Fan""], ""15"": [""Air conditioner"", ""Laundry machine""], ""16"": [""Electric fan"", ""Sewing machine""], ""17"": [""Air conditioner"", ""Bed""], ""18"": [""Sewing machine"", ""Wardrobe""], ""19"": [""Bed"", ""Book shelves""], ""20"": [""Cupboard"", ""Tables""], ""21"": [""Bookcase"", ""Chairs""], ""22"": [""Car"", ""Table""], ""23"": [""Chair"", ""Minibus""], ""24"": [""None taxi car"", ""Truck or trailer""], ""25"": [""Motorcycle"", ""None Taxi minibus""], ""26"": ["" None  taxi Motocyle"", ""Canoe""], ""27"": ["" None business Boat"", ""Bicycle""]}"
s11bq2,Number of articles in the household,int8,0=None,1,"household (credit, durables, savings)",0,186300,400624,0,0,0,0,0,0,,,EICV2: Quantity in the household,"{""0"": [""None"", ""Zero""]}"
s11bq3a,Age of item 1,int8,98=Less than one year,1,"household (credit, durables, savings)",0,22545,0,0,0,0,0,0,0,,,,
s11bq3b,Age of item 2,int8,98=Less than one year,1,"household (credit, durables, savings)",0,8932,0,0,0,0,0,0,0,,,,
s11bq3c,Age of item 3,int8,98=Less than one year,1,"household (credit, durables, savings)",0,4713,0,0,0,0,0,0,0,,,,
s11bq4a,Article 1 purchase price,double,,0,"household (credit, durables, savings)",0,21800,56602,0,0,0,0,0,0,,,EICV2: Purchase price of item 1,
s11bq4b,Article 2 purchase price,double,,0,"household (credit, durables, savings)",0,8605,22488,0,0,0,0,0,0,,,EICV2: Purchase price of item 2,
s11bq4c,Article 3 purchase price,double,,0,"household (credit, durables, savings)",0,4554,11488,0,0,0,0,0,0,,,EICV2: Purchase price of item 3,
s11bq5a,Article 1 current value,double,,0,"household (credit, durables, savings)",0,22537,56602,0,0,0,0,0,0,,,EICV2: Current market value of item 1,
s11bq5b,Article 2 current value,double,,0,"household (credit, durables, savings)",0,8936,22488,0,0,0,0,0,0,,,EICV2: Current market value of item 2,
s11bq5c,Article 3 current value,double,,0,"household (credit, durables, savings)",0,4720,11488,0,0,0,0,0,0,,,EICV2: Current market value of item 3,
dstrat,Design strata,int16,"111=Kigali lowest quartile socio-economic strata, 112=Kigali quartile 2 socio-economic strata, 113=Kigali quartile 3 socio-economic strata, 114=Kigali highest quartile socio-economic strata, 119=Kigali (semi-rural) …",32,"household (credit, durables, savings)",0,186300,0,0,0,0,0,0,0,,,,
quintile,Quintile,int8,"1=Q1, 2=Q2, 3=Q3, 4=Q4, 5=Q5",5,"household (credit, durables, savings)",0,0,400624,389313,0,364350,0,0,0,,"quintile_v2 (EICV7_CS, EICV7_VUP)",EICV4_CS: QUINTILE,
poverty_v2,[EICV3..EICV4_CS version] POVERTY,int8,"1=Extremely poor, 2=Poor, 3=Non-poor",3,"household (credit, durables, savings)",0,0,400624,389313,0,0,0,0,0,,"poverty (EICV5_CS, EICV7_CS, EICV7_VUP)",EICV3: Poverty status; EICV4_CS: POVERTY,
s11bq3am,Article 1 purchase month,int8,0=,1,"household (credit, durables, savings)",0,0,56602,0,0,0,0,0,0,,,,
s11bq3ay,Article 1 purchase year,int16,9999=Missing,1,"household (credit, durables, savings)",0,0,56602,0,0,0,0,0,0,,,,
s11bq3bm,Article 2 purchase month,int8,0=Not applicable,1,"household (credit, durables, savings)",0,0,22488,0,0,0,0,0,0,,,,
s11bq3by,Article 2 purchase year,int16,"0=Not applicable, 9999=Missing",2,"household (credit, durables, savings)",0,0,22488,0,0,0,0,0,0,,,,
s11bq3cm,Article 3 purchase month,int8,0=Not applicable,1,"household (credit, durables, savings)",0,0,11488,0,0,0,0,0,0,,,,
s11bq3cy,Article 3 purchase year,int16,"0=Not applicable, 9999=Missing",2,"household (credit, durables, savings)",0,0,11488,0,0,0,0,0,0,,,,
ur2012,Urban/Rural 2012 (4 categories),int8,"1=Urban, 2=Semi urban, 3=Peri urban, 4=Rural",4,"household (credit, durables, savings)",0,0,0,389313,66420,0,0,0,0,,,,
region,Region,int8,"1=Kigali, 2=Other urban, 3=Southern rural, 4=Western rural, 5=Northern rural …",6,"household (credit, durables, savings)",0,0,0,389313,66420,364350,0,0,0,,,,"{""1"": [""Kigali"", ""Kigali City""], ""3"": [""Rural Southern"", ""Southern rural""], ""4"": [""Rural Western"", ""Western rural""], ""5"": [""Northern rural"", ""Rural Northern""], ""6"": [""Eastern rural"", ""Rural Eastern""]}"
s10bq1_v2,[EICV4_CS..EICV4_VUP version] Item code,int8,"1=Bench, 2=Chairs sale a manger, 3=Beds, 4=Table sale a manger, 5=Radio (with or without CD player) …",27,"household (credit, durables, savings)",0,0,0,389313,66420,0,0,0,0,,"s10bq1 (EICV7_CS, EICV7_VUP)",,
s10bq1n,Item name,string,,0,"household (credit, durables, savings)",147637,186300,400624,389313,66420,364350,41100,406458,101817,,,,
s10bq2_v2,[EICV4_CS..EICV4_VUP version] Number of articles owned by HH,int8,"0=None, 99=Missing",2,"household (credit, durables, savings)",0,0,0,389313,66420,0,0,0,0,,"s10bq2 (EICV7_CS, EICV7_VUP)",,
s10bq3ay,Article 1 purchase year,int16,9999=Missing,1,"household (credit, durables, savings)",0,0,0,27920,3214,0,0,0,0,,,,
s10bq3by,Article 2 purchase year,int16,"0=Not applicable, 9999=Missing",2,"household (credit, durables, savings)",0,0,0,5163,596,0,0,0,0,,,,
s10bq3cy,Article 3 purchase year,int16,"0=Not applicable, 9999=Missing",2,"household (credit, durables, savings)",0,0,0,1614,176,0,0,0,0,,,,
s10bq4a,Article 1 purchase price,int32,"9999999=Missing, 99999999=Missing",2,"household (credit, durables, savings)",0,0,0,20696,2668,0,0,0,0,,,,
s10bq4b,Article 2 purchase price,int32,"99999=Missing, 999999=Missing",2,"household (credit, durables, savings)",0,0,0,5205,598,0,0,0,0,,,,
s10bq4c,Article 3 purchase price,int32,"99999=Missing, 999999=Missing",2,"household (credit, durables, savings)",0,0,0,1640,178,0,0,0,0,,,,
s10bq5a,Article 1 current value,int32,"9999999=Missing, 99999999=Missing",2,"household (credit, durables, savings)",0,0,0,27920,3214,0,0,86479,17925,,,,
s10bq5b,Article 2 current value,int32,"999999=Missing, 999999999=Missing",2,"household (credit, durables, savings)",0,0,0,5163,596,0,0,33507,6509,,,,
s10bq5c,Article 3 current value,int32,"999999=Missing, 999999999=Missing",2,"household (credit, durables, savings)",0,0,0,1614,176,0,0,13123,2147,,,,
hhtype,Type of household according to the sample,int8,"1=New sample (cluster>=2000 and cluster<5000), 2=Panel head of households in the same cluster, 3=Panel head of households outside cluster, 4=Panel other relative inside the same cluster, 5=Panel other relative outside cluster …",8,"household (credit, durables, savings)",0,0,0,389313,0,0,0,0,0,,,,
rwanda,All Rwanda,int8,1=All Rwanda,1,"household (credit, durables, savings)",0,0,0,389313,0,0,0,0,0,,,,
surveyh,EICV4 survey sample,int8,"1=New Sample, 2=Panel, 3=VUP",3,"household (credit, durables, savings)",0,0,0,389313,66420,0,0,0,0,,,,
consumption,aggregate consumption/ae in Jan14 Prices,double,,0,"household (credit, durables, savings)",0,0,0,389313,0,0,0,0,0,,,,
s0q19m,Month of interview,int8,,0,"household (credit, durables, savings)",0,0,0,389313,66420,0,0,0,0,,,,
s0q19y,Year of interview,int8,,0,"household (credit, durables, savings)",0,0,0,389313,66420,0,0,0,0,,,,
vup_strata,"VUP stratum (province, component)",int8,,0,"household (credit, durables, savings)",0,0,0,0,66420,0,0,0,0,,,,
poverty,Welfare Categories,int8,"1=Severaly Poor, 2=Moderately poor, 3=Non Poor",3,"household (credit, durables, savings)",0,0,0,0,0,364350,0,406458,101817,,"poverty_v2 (EICV3, EICV4_CS)",EICV5_CS: Welfare categories,"{""1"": [""Severaly Poor"", ""Severely poor""]}"
s10b2q1,Item code,int8,"5=Radio _with or without CD player_, 6=Mobile telephone, 7=TV set, 8=Satellite dish, 9=Video / DVD  player …",25,"household (credit, durables, savings)",0,0,0,0,0,364350,41050,0,0,,,,
s10b2q2,Number of articles in the household,int8,0=None,1,"household (credit, durables, savings)",0,0,0,0,0,364350,41050,0,0,,,,
s10bq5ay,Article 1 purchase year,int16,,0,"household (credit, durables, savings)",0,0,0,0,0,28209,2729,0,0,,,,
s10bq5am,Article 1 purchase month,int8,,0,"household (credit, durables, savings)",0,0,0,0,0,28209,2728,0,0,,,,
s10bq5by,Article 2 purchase year,int16,0=Not applicable,1,"household (credit, durables, savings)",0,0,0,0,0,5995,508,0,0,,,,
s10bq5bm,Article 2 purchase month,int8,,0,"household (credit, durables, savings)",0,0,0,0,0,5700,490,0,0,,,,
s10bq5cy,Article 3 purchase year,int16,0=Not applicable,1,"household (credit, durables, savings)",0,0,0,0,0,1887,152,0,0,,,,
s10bq5cm,Article 3 purchase month,int8,,0,"household (credit, durables, savings)",0,0,0,0,0,1829,151,0,0,,,,
s10bq6b,Article 2 purchase price,int32,,0,"household (credit, durables, savings)",0,0,0,0,0,1995,197,0,0,,,,
s10bq6c,Article 3 purchase price,int32,,0,"household (credit, durables, savings)",0,0,0,0,0,669,68,0,0,,,,
s10bq7a,Article 1 current value,int32,,0,"household (credit, durables, savings)",0,0,0,0,0,28208,2728,0,0,,,,
s10bq7b,Article 2 current value,int32,,0,"household (credit, durables, savings)",0,0,0,0,0,5700,490,0,0,,,,
s10bq7c,Article 3 current value,int32,,0,"household (credit, durables, savings)",0,0,0,0,0,1829,151,0,0,,,,
hhid_eicv4,EICV4 panel household id carried in the EICV5 VUP files (not unique: split house,int32,,0,"household (credit, durables, savings)",0,0,0,0,0,0,41100,0,0,,,,
s10bq6a,Article 1 purchase price,int32,,0,"household (credit, durables, savings)",0,0,0,0,0,0,805,0,0,,,,
s0q18m,Month of interview,int8,,0,"household (credit, durables, savings)",0,0,0,0,0,0,41100,0,0,,,,
s0q18y,Year of interview,int16,,0,"household (credit, durables, savings)",0,0,0,0,0,0,41100,0,0,,,,
s10bq0,Item code,int8,"1=Living room suite (table+chairs), 2=Dining Table (table+chairs), 3=Beds, 4=Matresses, 5=Table …",27,"household (credit, durables, savings)",0,0,0,0,0,0,0,406458,101817,,,,
s10bq1,Coicop,int8,"1=05.1.1.1.1.01, 2=05.1.1.1.3.04, 3=05.1.1.1.3.05, 4=05.1.1.1.1.07, 5=05.1.1.1.1.10 …",28,"household (credit, durables, savings)",0,0,0,0,0,0,0,406458,101817,,"s10bq1_v2 (EICV4_CS, EICV4_VUP)",,
s10bq2,How many does your household own?,int8,,0,"household (credit, durables, savings)",0,0,0,0,0,0,0,406458,101817,,"s10bq2_v2 (EICV4_CS, EICV4_VUP)",,
s10bq3,Status when purchased,int8,"1=New, 2=Second Hand, 3=Don't know",3,"household (credit, durables, savings)",0,0,0,0,0,0,0,86479,17925,,,,
s10bq4,Article 1 purchase year,int16,,0,"household (credit, durables, savings)",0,0,0,0,0,0,0,86479,17925,,,,
strata_id,VUP Strata,int16,"1=Direct Support, 2=Financial Services, 3=NSDS, 4=Classic Public Work, 5=Expanded Public Work …",7,"household (credit, durables, savings)",0,0,0,0,0,0,0,406458,101817,,,EICV7_CS: strata_id,
epov_jan,Extreme Poverty Headcount Ratio,int8,"0=Non Extreme Poor, 100=Extreme Poor",2,"household (credit, durables, savings)",0,0,0,0,0,0,0,406458,101817,,,EICV7_CS: Extreme Poverty,
pov_jan_v2,[EICV7_CS..EICV7_CS version] Poverty Rate,int8,"0=Non Poor, 100=Poor",2,"household (credit, durables, savings)",0,0,0,0,0,0,0,406458,0,,pov_jan (EICV7_VUP),,
quintile_v2,[EICV7_CS..EICV7_VUP version] Quintiles of real consumption per ae,int8,"1=Poor, 2=Poor/mid, 3=Mid, 4=Mid/upper, 5=Upper",5,"household (credit, durables, savings)",0,0,0,0,0,0,0,406458,101817,,"quintile (EICV3, EICV4_CS, EICV5_CS)",,"{""1"": [""Poor"", ""Q1""], ""2"": [""Poor/mid"", ""Q2""], ""3"": [""Mid"", ""Q3""], ""4"": [""Mid/upper"", ""Q4""], ""5"": [""Q5"", ""Upper""]}"
province_2,Province,int8,"1=Kigali City, 2=Southern Province, 3=Western Province, 4=Northern Province, 5=Eastern Province",5,"household (credit, durables, savings)",0,0,0,0,0,0,0,0,101817,,,,
pov_jan,Total Poverty Headcount Ratio,int8,"0=Non Poor, 100=Poor",2,"household (credit, durables, savings)",0,0,0,0,0,0,0,0,101817,,pov_jan_v2 (EICV7_CS),,
