variable,label,type,value_labels,n_value_labels,n_EICV2,n_EICV3,n_EICV4_CS,n_EICV5_CS,n_EICV5_VUP,n_EICV7_CS,n_EICV7_VUP,source,versions,label_variants,value_label_conflicts
survey,Source survey,string,,0,172500,314776,288380,306060,34463,397176,98878,,,,
year,Survey year (mid-fieldwork),int16,,0,172500,314776,288380,306060,34463,397176,98878,,,,
wave,Wave / round id,string,,0,1612233,1612233,1612233,1612233,1612233,1612233,1612233,,,,
sample,"CS = national cross-section, VUP = VUP booster, PANEL = EICV3-4 panel link",string,,0,172500,314776,288380,306060,34463,397176,98878,,,,
prov,"Province (1-5, NISR codes)",int8,"1=City of Kigali, 2=Southern Province, 3=Western Province, 4=Northern Province, 5=Eastern Province",5,172500,314776,288380,306054,34463,397176,98878,,,,
dist,"District (11-57, NISR current codes)",int8,"11=Nyarugenge, 12=Gasabo, 13=Kicukiro, 21=Nyanza, 22=Gisagara …",30,172500,314776,288380,306060,34463,397176,98878,,,,
urban,"Area of residence (1 urban, 2 rural)",int8,"1=Urban, 2=Rural",2,172500,314776,288380,306054,34463,397176,98878,,,,
cluster,Sampling cluster / enumeration area (as shipped),string,,0,172500,314776,288380,306060,34463,397176,98878,,,,
hhid,Household id (unique within wave),int32,,0,172500,314776,288380,306060,34463,397176,98878,,,,
wt,"Household weight carried by every row (sums to persons in person files, to house",double,,0,172500,314776,288380,306054,34463,397176,98878,,,,
wt_hh,Household weight (same value as wt; sums to the number of households),double,,0,172500,314776,288380,306054,34463,397176,98878,,,,
id6,Household number,int8,,0,172500,0,0,0,0,0,0,,,,
id1,Strata,int8,"1=City of Kigali, 2=Other urban, 3=Rural",3,172500,0,0,0,0,0,0,,,,
id2,Province,int8,"1=City of Kigali, 2=Kigali Ngali, 3=Gitarama, 4=Butare, 5=Gikongoro …",12,172500,0,0,0,0,0,0,,,,
item,Item code,int8,"1=Social security, 2=VUP Direct support, 3=Old age grant, 4=FARG, 5=Local government education support …",25,172500,314776,0,0,0,0,0,,,EICV2: Item,"{""1"": [""(income) Social security"", ""Social security""], ""2"": [""(income) Compensation for appropriation or displacement"", ""VUP Direct support""], ""3"": [""(income) State pension"", ""Old age grant""], ""4"": [""(income) Other revenues"", ""FARG""], ""5"": [""(income) Social security (private)"", ""Local government education support""], ""6"": [""(income) Private pension"", ""Educational scholarships""], ""7"": [""(income) Insurance payment"", ""Food relief""], ""8"": [""(income) Inheritance"", ""Termination of emplyment allowance""], ""9"": [""(income) Gambling"", ""Government donations""], ""10"": [""(income) Sale of property"", ""Other benefits""], ""11"": [""(income) Sale of real estate and/or household assets"", ""Pension from private sector""], ""12"": [""(income) Contribution of non-household members"", ""inkunga yo kuzigama""], ""13"": [""(income) Property rental"", ""Insurance dividends""], ""14"": [""(income) Other revenue"", ""Dowry or inheritance""], ""15"": [""(expense) Taxes"", ""Gambling, lottery""], ""16"": [""(expense) Contribution to development projects"", ""Sale of land""], ""17"": [""(expense) Charitable donations"", ""Sale of fixed assets""], ""18"": [""(expense) Gifts (exclude transfers)"", ""Contribution for meals provided""], ""19"": [""(expense) Marriage (dowry)"", ""Property rent""], ""20"": [""(expense) Baptism"", ""NGO or charity""], ""21"": [""(expense) Deceased (funeral)"", ""Private contribution for health treatment""], ""22"": [""(expense) Religious festivals"", ""Other benefits""]}"
s10cq2,Amount,int32,,0,172299,0,0,0,0,0,0,,,,
dstrat,Design strata,int16,"111=Kigali lowest quartile socio-economic strata, 112=Kigali quartile 2 socio-economic strata, 113=Kigali quartile 3 socio-economic strata, 114=Kigali highest quartile socio-economic strata, 119=Kigali (semi-rural) …",32,172500,0,0,0,0,0,0,,,,
quintile,Quintile,int8,"1=Q1, 2=Q2, 3=Q3, 4=Q4, 5=Q5",5,0,314776,288380,306060,0,0,0,,"quintile_v2 (EICV7_CS, EICV7_VUP)",EICV4_CS: QUINTILE,
poverty_v2,[EICV3..EICV4_CS version] POVERTY,int8,"1=Extremely poor, 2=Poor, 3=Non-poor",3,0,314776,288380,0,0,0,0,,"poverty (EICV5_CS, EICV7_CS, EICV7_VUP)",EICV3: Poverty status; EICV4_CS: POVERTY,
s10cq2a,Amount received last 4 weeks,int32,,0,0,314776,0,0,0,0,0,,,,
s10cq2b,Amount received last 12 Months,int32,,0,0,314776,0,0,0,0,0,,,,
ur2012,Urban/Rural 2012 (4 categories),int8,"1=Urban, 2=Semi urban, 3=Peri urban, 4=Rural",4,0,0,288380,0,0,0,0,,,,
region,Region,int8,"1=Kigali, 2=Other urban, 3=Southern rural, 4=Western rural, 5=Northern rural …",6,0,0,288380,306060,0,0,0,,,,"{""1"": [""Kigali"", ""Kigali City""], ""3"": [""Rural Southern"", ""Southern rural""], ""4"": [""Rural Western"", ""Western rural""], ""5"": [""Northern rural"", ""Rural Northern""], ""6"": [""Eastern rural"", ""Rural Eastern""]}"
s9dq0,Income support source,int8,"1=The Rwanda Social Security Board, 2=Payments for medical treatment, 3=Old Age Grant _Exclude VUP_, 4=The Genocide Survivors Support and Assistance Fund _FARG_, 5=Local government education  support …",21,0,0,288380,306054,34463,0,0,,,EICV4_CS: Income support programme code,"{""3"": [""Old Age Grant"", ""Old Age Grant _Exclude VUP_""], ""4"": [""The Genocide Survivors Support and Assistance Fund (FARG)"", ""The Genocide Survivors Support and Assistance Fund _FARG_""], ""6"": [""Educational scholarships (primary, secondary, university, TV"", ""Educational scholarships _primary, secondary, university, TVET_""], ""7"": [""The Rwanda Demobilization and Reintegration Commission (RDRC"", ""The Rwanda Demobilization and Reintegration Commission _RDRC_,""], ""10"": [""Government donations of goods (Telephones, bicycles, mosquit"", ""Government donations of goods _Telephones, bicycles, mosquito nets etc._""], ""11"": [""Other benefits to the household   _Specify_"", ""Other benefits to the household  - e.g. NGOs (Specify)""], ""13"": [""Private savings fund (private sector)"", ""Private savings fund _private sector_""], ""16"": [""Gambling ? Lottery ? Tombola"", ""Gambling \u00c3\u00a2\u00c2\u20ac\u00c2\u201c Lottery \u00c3\u00a2\u00c2\u20ac\u00c2\u201c Tombola""], ""17"": [""Sale of  fixed / non fixed assets"", ""Sale of  fixed / non fixed assets _Property, Non agricultural land, House, Car,......_""], ""18"": [""Property rent (Fixed or non-fixed assets)"", ""Property rent _Fixed or non-fixed assets_""], ""20"": [""Other benefits (specify..)"", ""Royalities _Copyright,..._""]}"
s9dq0d,Income support programme description,string,,0,172500,314776,288380,306060,34463,397176,98878,,,,
s9dq1,Household received any of the following in the last 12 months,int8,"1=Yes, 2=No, 9=Missing",3,0,0,288380,306054,34463,0,0,,,EICV4_CS: Has received income support in last 12 months,
s9dq2,Amount received during the last 4 weeks,int32,9999999=Missing,1,0,0,22744,22901,3173,0,0,,,EICV4_CS: Income support received in last 4 weeks (amount),
s9dq3,Amount reived during the last 12 months,int32,99999999=Missing,1,0,0,22744,22899,3174,0,0,,,EICV4_CS: Income support received in last 12 months (amount),
hhtype,Type of household according to the sample,int8,"1=New sample (cluster>=2000 and cluster<5000), 2=Panel head of households in the same cluster, 3=Panel head of households outside cluster, 4=Panel other relative inside the same cluster, 5=Panel other relative outside cluster …",8,0,0,288380,0,0,0,0,,,,
rwanda,All Rwanda,int8,1=All Rwanda,1,0,0,288380,0,0,0,0,,,,
surveyh,EICV4 survey sample,int8,"1=New Sample, 2=Panel, 3=VUP",3,0,0,288380,0,0,0,0,,,,
consumption,aggregate consumption/ae in Jan14 Prices,double,,0,0,0,288380,0,0,0,0,,,,
s0q19m,Month of interview,int8,,0,0,0,288380,0,0,0,0,,,,
s0q19y,Year of interview,int8,,0,0,0,288380,0,0,0,0,,,,
poverty,Welfare Categories,int8,"1=Severaly Poor, 2=Moderately poor, 3=Non Poor",3,0,0,0,306054,0,397176,98878,,"poverty_v2 (EICV3, EICV4_CS)",EICV5_CS: Welfare categories,"{""1"": [""Severaly Poor"", ""Severely poor""]}"
hhid_eicv4,EICV4 panel household id carried in the EICV5 VUP files (not unique: split house,int32,,0,0,0,0,0,34463,0,0,,,,
s0q18m,Month of interview,int8,,0,0,0,0,0,34463,0,0,,,,
s0q18y,Year of interview,int16,,0,0,0,0,0,34463,0,0,,,,
s9eq1,Item Code,int8,"1=The Rwanda Social Security Board old age, disability and survivors’ pension Social Security/Caisse Sociale du Rwanda, 2=Payments for medical treatment, 3=Old Age Grant, 4=The Genocide Survivors Support and Assistance Fund (FARG/MINUBUMWE), 5=Local government education  support …",26,0,0,0,0,0,397176,98878,,,,
s9eq2,Has your household received any of the following in the last 12 months?,int8,"1=Yes, 2=No",2,0,0,0,0,0,397176,98878,,,,
s9eq3,How much have you received the last 4 weeks,int32,,0,0,0,0,0,0,32557,8299,,,,
s9eq4,How much have you received the last 12 months,int32,,0,0,0,0,0,0,32557,8299,,,,
strata_id,VUP Strata,int16,"1=Direct Support, 2=Financial Services, 3=NSDS, 4=Classic Public Work, 5=Expanded Public Work …",7,0,0,0,0,0,397176,98878,,,EICV7_CS: strata_id,
quintile_v2,[EICV7_CS..EICV7_VUP version] Quintiles of real consumption per ae,int8,"1=Poor, 2=Poor/mid, 3=Mid, 4=Mid/upper, 5=Upper",5,0,0,0,0,0,397176,98878,,"quintile (EICV3, EICV4_CS, EICV5_CS)",,
pov_jan,Total Poverty Headcount Ratio,int8,"0=Non Poor, 100=Poor",2,0,0,0,0,0,397176,98878,,,,
epov_jan,Extreme Poverty Headcount Ratio,int8,"0=Non Extreme Poor, 100=Extreme Poor",2,0,0,0,0,0,397176,98878,,,,
province_2,Province,int8,"1=Kigali City, 2=Southern Province, 3=Western Province, 4=Northern Province, 5=Eastern Province",5,0,0,0,0,0,0,98878,,,,
