variable,label,type,value_labels,n_value_labels,n_EICV5_VUP,n_EICV7_VUP,source,versions,label_variants,value_label_conflicts
survey,Source survey,string,,0,1644,3771,EICV5_VUP: module s0_s5_household; EICV7_VUP: module s01_s5_s7_household,,,
year,Survey year (mid-fieldwork),int16,,0,1644,3771,EICV5_VUP: module s0_s5_household; EICV7_VUP: module s01_s5_s7_household,,,
wave,Wave / round id,string,,0,5415,5415,EICV5_VUP: module s0_s5_household; EICV7_VUP: module s01_s5_s7_household,,,
sample,"CS = national cross-section, VUP = VUP booster, PANEL = EICV3-4 panel link",string,,0,1644,3771,EICV5_VUP: module s0_s5_household; EICV7_VUP: module s01_s5_s7_household,,,
prov,"Province (1-5, NISR codes)",int8,"1=City of Kigali, 2=Southern Province, 3=Western Province, 4=Northern Province, 5=Eastern Province",5,1644,3771,EICV5_VUP: module s0_s5_household; EICV7_VUP: module s01_s5_s7_household,,,
dist,"District (11-57, NISR current codes)",int8,"11=Nyarugenge, 12=Gasabo, 13=Kicukiro, 21=Nyanza, 22=Gisagara …",30,1644,3771,EICV5_VUP: module s0_s5_household; EICV7_VUP: module s01_s5_s7_household,,,
urban,"Area of residence (1 urban, 2 rural)",int8,"1=Urban, 2=Rural",2,1644,3771,EICV5_VUP: module s0_s5_household; EICV7_VUP: module s01_s5_s7_household,,,
cluster,Sampling cluster / enumeration area (as shipped),string,,0,1644,3771,EICV5_VUP: module s0_s5_household; EICV7_VUP: module s01_s5_s7_household,,,
hhid,Household id (unique within wave),int32,,0,1644,3771,EICV5_VUP: module s0_s5_household; EICV7_VUP: module s01_s5_s7_household,,,
wt,"Household weight carried by every row (sums to persons in person files, to house",double,,0,1644,3771,EICV5_VUP: module s0_s5_household; EICV7_VUP: module s01_s5_s7_household,,,
wt_hh,Household weight (same value as wt; sums to the number of households),double,,0,1644,3771,EICV5_VUP: module s0_s5_household; EICV7_VUP: module s01_s5_s7_household,,,
hhid_eicv4,EICV4 panel household id carried in the EICV5 VUP files (not unique: split house,int32,,0,1644,0,EICV5_VUP: module s9c_vup_ubudehe_and_rssp_schemes,,,
s0qb,UBEDEHE category,int8,"1=Category 1, 2=Category 2, 3=Category 3, 4=Category 4, 5=Not found on list",5,1644,0,EICV5_VUP: module s9c3_vup_ubudehe_and_rssp_schemes,,,
s5aq1,Type of habitat,int8,"1=Umudugudu (Planned rural settlement), 2=Integrated Model Village, 3=Dispersed/Isolated housing, 4=Modern planned urban area, 5=Spontaneous/informal/unplanned housing …",7,1644,3771,EICV5_VUP: module s0_s5_household; EICV7_VUP: module s01_s5_s7_household,,,"{""1"": [""Umudugudu"", ""Umudugudu (Planned rural settlement)""], ""2"": [""Integrated Model Village"", ""Unplanned clustered rural housing""], ""3"": [""Dispersed/Isolated housing"", ""Isolated rural housing""], ""4"": [""Aglomeration"", ""Modern planned urban area""], ""5"": [""Spontaneous/informal/unplanned housing"", ""Unplanned urban housing""], ""6"": [""Modern planned area"", ""Other (Specify)""]}"
s5aq2,Type of dwelling,int8,"1=House occupied by one household, 2=House occupied by multiple Households, 3=Multi-storied building occupied by one household, 4=Multi-storied building occupied by many households, 5=Several buildings in a compound occupied by one household …",7,1644,3771,EICV5_VUP: module s0_s5_household; EICV7_VUP: module s01_s5_s7_household,,,"{""1"": [""A single house occupied by one  household dwelling"", ""House occupied by one household""], ""2"": [""A house occupied by multiple Households"", ""House occupied by multiple Households""], ""3"": [""Multi-storied building occupied by one household"", ""Multi-storied building with one household""], ""4"": [""Multi-storied building occupied by many households"", ""Multi-storied building with more households""], ""5"": [""Group of enclosed dwellings: multiple households"", ""Several buildings in a compound occupied by one household""], ""6"": [""Group of enclosed dwellings occupied by a single household"", ""Several buildings in a compound occupied by several households""], ""7"": [""Other (Specify)"", ""Other _Specify_""]}"
s5aq3_v2,[EICV5_VUP..EICV5_VUP version] Many other households share the dwelling,int8,0=None,1,113,0,,s5aq3 (EICV7_VUP),,
s5aq4,Any rooms shared with other households,int8,"1=Yes, 2=No",2,113,0,EICV5_VUP: module s0_s5_household,,,
s5aq5_v2,[EICV5_VUP..EICV5_VUP version] Number of rooms occupied by household,int8,,0,1644,0,,s5aq5 (EICV7_VUP),,
s5aq6_v2,[EICV5_VUP..EICV5_VUP version] Many rooms does your household have for sleeping,int8,,0,1644,0,,s5aq6 (EICV7_VUP),,
s5aq7y,Duration household inhabited dwelling _years_,int8,,0,1644,0,EICV5_VUP: module s0_s5_household,,,
s5aq7m,Duration household inhabited dwelling _months_,int8,,0,1644,0,EICV5_VUP: module s0_s5_household,,,
s5aq8_v2,[EICV5_VUP..EICV5_VUP version] Household lived in other dwellings before occupyi,int8,"1=Yes, 2=No",2,1644,0,,s5aq8 (EICV7_VUP),,
s5aq9,Main reason for moving to current dwelling,int8,"1=Resettlement- policy, 2=Evacuated-disaster, 3=Get a better house, 4=Build/buy own house, 5=Renting cost …",10,1321,0,EICV5_VUP: module s0_s5_household,,,
s5aq10,Owner of the dwelling,int8,"1=Head, 2=Spouse, 3=Spouse with head, 4=Other household member, 5=Relative …",9,1644,0,EICV5_VUP: module s0_s5_household,,,
s5aq11,Current occupancy status,int8,"1=Owner occupied, 2=Tenancy _renting_, 3=Dwelling provided by employer, 4=Dwelling provided free of charge, 5=Appropriation …",7,1644,0,EICV5_VUP: module s0_s5_household,,,
s5bq1_v2,[EICV5_VUP..EICV5_VUP version] Year built or purchased,int16,,0,1363,0,,s5bq1 (EICV7_VUP),,
s5bq2,The current value of your dwelling if you were to sell it,int32,,0,1363,0,EICV5_VUP: module s0_s5_household,,,
s5bq3a_v2,[EICV5_VUP..EICV5_VUP version] Estimated rent for dwelling,int32,,0,1501,0,,s5bq3a (EICV7_VUP),,
s5bq3b,Time period,int8,"1=Month, 2=Quarterly, 3=Annually",3,1499,230,EICV5_VUP: module s0_s5_household; EICV7_VUP: module s01_s5_s7_household,,EICV5_VUP: Time unit,
s5bq4a,Actual amount of rent paid in cash,int32,,0,139,0,EICV5_VUP: module s0_s5_household,,,
s5bq4b,Time unit,int8,"1=Month, 2=Quarterly, 3=Annually",3,133,0,EICV5_VUP: module s0_s5_household,,,
s5bq5,Household provide servie/payments in kind,int8,"1=Yes, 2=No",2,139,0,EICV5_VUP: module s0_s5_household,,,
s5bq6a,Amount of services/payment in kind,int16,,0,7,0,EICV5_VUP: module s0_s5_household,,,
s5bq6b,Time unit,int8,"1=Month, 2=Quarterly, 3=Annually",3,7,0,EICV5_VUP: module s0_s5_household,,,
s5bq7_v2,[EICV5_VUP..EICV5_VUP version] Anybody outside household paying rent,int8,"1=Yes, 2=No",2,139,0,,s5bq7 (EICV7_VUP),,
s5bq8_v2,[EICV5_VUP..EICV5_VUP version] Who is paying rent,int8,"1=Relative of the head of household, 2=Non relative, 3=State, 4=Private company, 5=Association payment …",6,10,0,,s5bq8 (EICV7_VUP),,
s5bq9a,Amount of rent paid for you,int32,,0,10,0,EICV5_VUP: module s0_s5_household,,,
s5bq9b,Time unit,int8,"1=Month, 2=Quarterly, 3=Annually",3,10,0,EICV5_VUP: module s0_s5_household,,,
s5cq1,Main source of water used for your household?,int8,"1=Piped into Dwelling, 2=Piped into compound, yard/pot, 3=Piped to neighbor HH, 4=Public tap/standpipe, 5=Tube Well/Borehole …",14,1644,3771,EICV5_VUP: module s0_s5_household; EICV7_VUP: module s01_s5_s7_household,,EICV5_VUP: Main source of drinking water,"{""2"": [""Piped into compound, yard/pot"", ""Piped to Yard/Plot""], ""3"": [""Piped to neighbor HH"", ""Public stand/pipe""], ""4"": [""Public tap/standpipe"", ""Tube Well /Borehole""], ""5"": [""Protected well"", ""Tube Well/Borehole""], ""6"": [""Protected spring"", ""Unprotected well""], ""7"": [""Protected spring"", ""Unprotected spring""], ""8"": [""Protected well"", ""Unprotected spring""], ""9"": [""Rain water"", ""Unprotected well""], ""10"": [""Rain water"", ""Tanker truck""], ""11"": [""Surface water _river or lake_"", ""Tanker Truck""], ""12"": [""Other _specify_"", ""River/Stream/Irrigation Channel""]}"
s5cq2,Distance in meters between your dwelling and this source,int16,,0,1566,0,EICV5_VUP: module s0_s5_household,,,
s5cq3,Main Source of drinking water for members of your household?,int8,"1=Piped into Dwelling, 2=Piped into compound, yard/pot, 3=Piped to neighbor HH3, 4=Public tap/standpipe, 5=Tube Well/Borehole …",15,1566,3771,EICV5_VUP: module s0_s5_household; EICV7_VUP: module s01_s5_s7_household,,EICV5_VUP: Type of  nearest drinking water source code,"{""3"": [""Piped to neighbor HH3"", ""Public stand/pipe""], ""4"": [""Public tap/standpipe"", ""Tube Well /Borehole""], ""5"": [""Protected well"", ""Tube Well/Borehole""], ""6"": [""Protected spring"", ""Unprotected well""], ""7"": [""Protected spring"", ""Unprotected spring""], ""8"": [""Protected well"", ""Unprotected spring""], ""9"": [""Rain water"", ""Unprotected well""], ""10"": [""Rain water"", ""Tanker truck""], ""11"": [""Surface water _river or lake_"", ""Tanker Truck""], ""12"": [""Other _specify_"", ""River/Stream/Irrigation Channel""]}"
s5cq4,Distance to the nearest drinking water source _meters,int16,,0,1566,0,EICV5_VUP: module s0_s5_household,,,
s5cq5,Is this source the nearest to you dwelling?,int8,"1=Yes, 2=No",2,1566,3546,EICV5_VUP: module s0_s5_household; EICV7_VUP: module s01_s5_s7_household,,EICV5_VUP: Household use the nearest drinking water source,
s5cq6,Main reason preventing,int8,"1=Too expensive, 2=Not safe, 3=Difficult terrain, 4=Too far, 5=Does not function …",6,262,0,EICV5_VUP: module s0_s5_household,,,
s5cq7,Main reason preventing your HH to use the nearest drinking water source?,int8,"1=Too expensive, 2=Not safe, 3=Difficult terrain, 4=Does not function, 5=Doesn?t work properly …",12,262,667,EICV5_VUP: module s0_s5_household; EICV7_VUP: module s01_s5_s7_household,,EICV5_VUP: Type of source drinking water used by HH,"{""3"": [""Difficult terrain"", ""Public standpipe""], ""4"": [""Borehole"", ""Does not function""], ""5"": [""Doesn?t work properly"", ""Protected well""], ""6"": [""Long queue"", ""Unprotected well""], ""7"": [""Other (specify)"", ""Protected spring""]}"
s5cq8_v2,[EICV5_VUP..EICV5_VUP version] Distance in meters to the source used,int16,,0,262,0,,s5cq8 (EICV7_VUP),,
s5cq9a,Amount of last water bill from WASAC or other distributors (month),int8,,0,78,234,EICV5_VUP: module s0_s5_household; EICV7_VUP: module s01_s5_s7_household,,EICV5_VUP: Amount of last water bill from WASAC or other dist,
s5cq9b,Amount of last water bill from WASAC or other distributors-amount,int32,,0,78,234,EICV5_VUP: module s0_s5_household; EICV7_VUP: module s01_s5_s7_household,,,
s5cq10,Did you buy water from a private vendor/neighbour during the last 7 days,int8,"1=Yes, 2=No",2,1644,3771,EICV5_VUP: module s0_s5_household; EICV7_VUP: module s01_s5_s7_household,,EICV5_VUP: Buy water from a private vendor/neighbour during t,
s5cq11,Amount paid to private water vendor last 7 days,int16,,0,430,1159,EICV5_VUP: module s0_s5_household; EICV7_VUP: module s01_s5_s7_household,,,
s5cq12_v2,[EICV5_VUP..EICV5_VUP version] Sell water in the last 7 days,int8,"1=Yes, 2=No",2,1644,0,,s5cq12 (EICV7_VUP),,
s5cq13_v2,[EICV5_VUP..EICV5_VUP version] Household earn from the water sold during the las,int32,,0,21,0,,s5cq13 (EICV7_VUP),,
s5cq14_v2,[EICV5_VUP..EICV5_VUP version] Amount contribute to maintain the water source du,int16,,0,1644,0,,s5cq14 (EICV7_VUP),,
s5cq15_v2,[EICV5_VUP..EICV5_VUP version] Household manage the rainwater,int8,"1=No measures, 2=Rainwater tank from roof, 3=Ditch, 4=Piped away, 5=Other",5,1644,0,,s5cq15 (EICV7_VUP),,
s5cq16,Main source energy for home lighting,int8,"1=Electricity from National Grid (EUCL), 2=Electricity from Mini Grid (Other distributors), 3=Private Solar Mini Grid, 4=Standalone solar system, 5=Solar lantern …",16,1644,3771,EICV5_VUP: module s0_s5_household; EICV7_VUP: module s01_s5_s7_household,,EICV5_VUP: Main source of home lighting,"{""1"": [""Electricity from EUCL"", ""Electricity from National Grid (EUCL)""], ""2"": [""Electricity from Mini Grid (Other distributors)"", ""Other electricity distributors""], ""3"": [""Bio Gas"", ""Private Solar Mini Grid""], ""4"": [""Generator"", ""Standalone solar system""], ""5"": [""Oil Lamp"", ""Solar lantern""], ""6"": [""Firewood"", ""Rechargeable lantern""], ""7"": [""Biogas"", ""Candle""], ""8"": [""Generator (Own, Neighbor, Community)"", ""Lantern _Agatadowa_""], ""9"": [""Kerosene/paraffin Lamp"", ""Solar panel""], ""10"": [""Batteries+ Bulb"", ""Firewood""], ""11"": [""Candle"", ""Torch/Phone""], ""12"": [""Rechargeable battery"", ""Traditional Lantern""], ""13"": [""Batteries+ bulb"", ""Other _specify_""]}"
s5cq16a1,Source of electricity that you mostly used in your household,int8,"1=National Grid Connection, 2=Local Mini Grid, 3=Diesel Generator, 4=Solar Home System, 5=Solar Lantern …",8,1644,0,EICV5_VUP: module s0_s5_household,,,
s5cq16a21,The supplier of this solar Home system/solar lantern,int8,"1=Mobisol Rwanda Ltd, 2=Nots Impact Enterprise, 3=Ignite power limited, 4=Waka waka Rwanda, 5=Solar Kiosk …",22,107,0,EICV5_VUP: module s0_s5_household,,,
s5cq16a22,Model of this solar Home system/solar lantern,int8,"1=AEG International GoSol Firefly 12, 2=Anji Da Sol SSL 200, 3=Azuri Indigo Duo Solar Home System, 4=Barefoot Firefly Mobile Lamp _Gen. 2.5_, 5=Barefoot Connect 600 …",68,107,0,EICV5_VUP: module s0_s5_household,,,
s5cq16a3,charge mobile phones everyday with electricity,int8,"1=Yes, partial charge, 2=Yes,  full charge, 3=No, 4=No mobile phones",4,460,0,EICV5_VUP: module s0_s5_household,,,
s5cq16a4,Pay electricity for system said,int8,"1=EUCL, 2=IPP, 3=No one, 4=Other, specify",4,460,0,EICV5_VUP: module s0_s5_household,,,
s5cq16a5,Electricity availability each day and night during last 7 days,double,888=Don't know,1,349,0,EICV5_VUP: module s0_s5_household,,,
s5cq16a6,Electricity availability each evening during last 7 days,double,"1=1 Hour, 2=2 hours, 3=3 hours, 4=4 hours, 888=Don't know",5,349,0,EICV5_VUP: module s0_s5_household,,,
s5cq16a7,Are the hours of supply in 16.A5 more than 16 hours and are the hours of supply,int8,"1=Yes, 2=No",2,349,0,EICV5_VUP: module s0_s5_household,,,
s5cq16a8,many outages/ blackouts of National Grid Connection / Local Mini Grid happen,int16,888=Don't know,1,214,0,EICV5_VUP: module s0_s5_household,,,
s5cq16a9,Total duration of all the outages/ blackouts,int16,"801=More than 800, 888=Don't know",2,214,0,EICV5_VUP: module s0_s5_household,,,
s5cq16a10,Are any appliances get damaded during last 12 months ?,int8,"1=Yes, 2=No",2,349,0,EICV5_VUP: module s0_s5_household,,,
s5cq16a11,did any household members died because of electricity ?,int8,"1=Yes, 2=No",2,349,0,EICV5_VUP: module s0_s5_household,,,
s5cq17_v2,[EICV5_VUP..EICV5_VUP version] Amount paid on electricity in last 4 weeks,int16,,0,371,0,,s5cq17 (EICV7_VUP),,
s5cq18b1,Respondent ID,int8,,0,1644,0,EICV5_VUP: module s0_s5_household,,,
s5cq18_v2,[EICV5_VUP..EICV5_VUP version] Primary source of cooking fuel,int8,"1=Firewood, 2=Charcoal, 3=Gas, 4=Biogaz, 5=Solar power …",10,1644,0,,s5cq18 (EICV7_VUP),,
s5cq18b2,Type of cooking stove,int8,"1=Three stone / fire stove, 2=Other Self-Built   Stove, 3=Manufactured Stove, 4=Charcoal/fire stove, 5=Efficient cookstove _Rondereza_ …",6,1644,0,EICV5_VUP: module s0_s5_household,,,
s5cq18b32,Model of  cooking stove,int8,"1=Fixed improved mud stove, 2= Improved wood stove, 3=Single pot metal charcoal stove, 4=Mud stove, 5=Multi pot metal charcoal stove …",16,418,0,EICV5_VUP: module s0_s5_household,,,
s5cq18b4,Value of cooking stove,int32,88888888=Don't know,1,734,0,EICV5_VUP: module s0_s5_household,,,
s5cq18b5,Cooking stove installed area,int8,"1=In dwelling, NOT in sleeping are, 2=In dwelling, in a sleeping area, 3=In a separate Dwelling, 4=In a veranda _roofed platform with at least two open sides, 5=Outdoors …",6,1644,0,EICV5_VUP: module s0_s5_household,,,
s5cq18b6,"Use a chimney, hood or other exhaust system while using stove",int8,"1=Yes, 2=No",2,1252,0,EICV5_VUP: module s0_s5_household,,,
s5cq18b71,Two main fuels you used on this cook stove during last 12 months_most used,int8,"1=Kerosene, 2=Charcoal, 3=Wood, 4=Solar, 5=Animal Waste/ Dung …",13,1644,0,EICV5_VUP: module s0_s5_household,,,
s5cq18b72,Two main fuels you used on this cook stove during last 12 months_second most use,int8,"1=Kerosene, 2=Charcoal, 3=Wood, 4=Solar, 5=Animal Waste/ Dung …",14,1644,0,EICV5_VUP: module s0_s5_household,,,
s5cq18b8a,Amount spend for cooking fuel during last month,int32,888888=Don't kwon,1,1644,0,EICV5_VUP: module s0_s5_household,,,
s5cq18b8b,Amount spend for cooking fuel during last month,int32,888888=Don't kwon,1,251,0,EICV5_VUP: module s0_s5_household,,,
s5cq18b91,Two main harm / injury happened from cooking stove_Most_,int8,"1=Death, 2=Permanent physical damage to any person in the household, 3=Burns/fire/poisoning, 4=Severe cough/respiratory problem, 5=Fire with no injury …",7,1644,0,EICV5_VUP: module s0_s5_household,,,
s5cq18b92,Two main harm / injury happened from cooking stove _second most_,int8,"1=Death, 2=Permanent physical damage to any person in the household, 3=Burns/fire/poisoning, 4=Severe cough/respiratory problem, 5=Fire with no injury …",7,238,0,EICV5_VUP: module s0_s5_household,,,
s5cq19_v2,[EICV5_VUP..EICV5_VUP version] Mode of rubbish/garbage disposal,int8,"1=Publicly managed refuse area, 2=Rubbish collection service, 3=Thrown in bushes or fields, 4=Dumped in reiver or lake, 5=Burnt …",7,1644,0,,s5cq19 (EICV7_VUP),,
s5cq20_v2,[EICV5_VUP..EICV5_VUP version] Type of toilet household use,int8,"1=Flush toilet, 2=Pit latrine with solid slab, 3=Pit latrine without slab, 4=Other, 5=No toilet whatsever",5,1644,0,,s5cq20 (EICV7_VUP),,
s5cq21_v2,[EICV5_VUP..EICV5_VUP version] The toilet facility shared with another household,int8,"1=Yes, 2=No",2,1644,0,,s5cq21 (EICV7_VUP),,
s5cq22,Problems of environmental destruction in the previous 12 months,int8,"1=Yes, 2=No",2,1644,0,EICV5_VUP: module s0_s5_household,,,
s5cq23_v2,[EICV5_VUP..EICV5_VUP version] Major environmental destruction related problems,int8,"1=Floods, 2=Mountain slides, 3=Destructive rains, 4=Other",4,226,0,,s5cq23 (EICV7_VUP),,
s5cq24_v2,[EICV5_VUP..EICV5_VUP version] Received any environmental information in the las,int8,"1=Yes, 2=No",2,1644,0,,s5cq24 (EICV7_VUP),,
s5cq25_v2,[EICV5_VUP..EICV5_VUP version] Main source of information on environmental issue,int8,"1=Meetings/Trainings, 2=School, 3=Radio/tv, 4=Other type of media, 5=Others _Specify_",5,1313,0,,s5cq25 (EICV7_VUP),,
s5cq26_v2,[EICV5_VUP..EICV5_VUP version] Internet connection _including on a mobile phone/,int8,"1=Yes, 2=No",2,1644,0,,s5cq26 (EICV7_VUP),,
s5cq27_v2,[EICV5_VUP..EICV5_VUP version] Main kind of internet connection used by househol,int8,"1=Landline/LAN, 2=Modem, 3=Mobile phone, 4=Wireless, 5=Other",5,197,0,,s5cq27 (EICV7_VUP),,
s5dq1,Main construction material of exterior wall,int8,"1=Mud bricks, 2=Mud bricks with cement, 3=Oven fired bricks with mud, 4=Oven fired bricks with cement, 5=Cement blocks …",12,1644,3771,EICV5_VUP: module s0_s5_household; EICV7_VUP: module s01_s5_s7_household,,,"{""2"": [""Mud bricks covered with cement"", ""Mud bricks with cement""], ""3"": [""OVen fired bricks"", ""Oven fired bricks with mud""], ""4"": [""Cement bricks"", ""Oven fired bricks with cement""], ""5"": [""Cement blocks"", ""Wooden planks""], ""6"": [""Stones"", ""Wooden planks""], ""7"": [""Stones with mud"", ""Tree trunks with mud""], ""8"": [""Stones with cement"", ""Tree trunks with mud and cement""], ""9"": [""Plastic sheeting"", ""Tree trunks with mud""], ""10"": [""Other"", ""Tree trunks with  mud and cement""]}"
s5dq2,Main roofing material for dwelling,int8,"1=Metal sheets/corrugated iron, 2=Local clay tiles, 3=Concrete, 4=Plastic/plywood/impermanent materials, 5=Industrial tiles …",7,1644,3771,EICV5_VUP: module s0_s5_household; EICV7_VUP: module s01_s5_s7_household,,,"{""1"": [""Metal sheets/corrugated iron"", ""Thatch / leaves/grass""], ""2"": [""Local clay tiles"", ""Metal sheets/ corrugated iron""], ""3"": [""Concrete"", ""Local clay tiles""], ""4"": [""Concrete"", ""Plastic/plywood/impermanent materials""], ""5"": [""Industrial tiles"", ""Plastic/plywood/impermanent materials""], ""6"": [""Industrial tiles"", ""Other (specify)""]}"
s5dq3,Main floor material for dwelling,int8,"1=Beaten earth, 2=Dung hardened, 3=Wooden floor, 4=Clay tiles, 5=Cement …",8,1644,3771,EICV5_VUP: module s0_s5_household; EICV7_VUP: module s01_s5_s7_household,,,"{""2"": [""Dung hardened"", ""Hardened dung""], ""7"": [""Carpet/Moquette"", ""Other""]}"
s5dq4,Area of the floor for dwelling-outside,double,901=Greater than 900 meters squared,1,1644,3771,EICV5_VUP: module s0_s5_household; EICV7_VUP: module s01_s5_s7_household,,,
s5eq1,Unsual negative situation  affected household,int8,"1=Yes, 2=No",2,1644,3771,EICV5_VUP: module s0_s5_household; EICV7_VUP: module s01_s5_s7_household,,EICV5_VUP: Unsual situation  affected household,
s5eq21,Main problems affecting your household during the last 12 months_1st  severe sho,int8,"1=Drought/irregular rains, prolonged dry spell, 2=Floods, 3=LandslidesÂ andÂ Mudslides, 4=UnusuallyÂ highÂ level of crop pests & disease, 5=Unusually high level of Livestock diseases …",13,613,0,EICV5_VUP: module s0_s5_household,,,
s5eq22,Main problems affecting your household during the last 12 months_2nd  severe sho,int8,"0=None, 1=Drought/irregular rains, prolonged dry spell, 2=Floods, 3=LandslidesÂ andÂ Mudslides, 4=UnusuallyÂ highÂ level of crop pests & disease …",14,613,0,EICV5_VUP: module s0_s5_household,,,
s5eq3a,What did the household do to compensate for the consequences of the chock in the,int8,"1=Sold household goods (radio, furniture, refrigerator, television, jewellery), 2=Reduced expenditure on food, 3=Reduced necessary expenditure on health and education, 4=Sold productive assets or means of transport (sewing machine, wheelbarrow, bicycle, car, 5=Used up savings) …",22,613,2204,EICV5_VUP: module s0_s5_household; EICV7_VUP: module s01_s5_s7_household,,EICV5_VUP: Compensate for the consequences of the chock in th,"{""1"": [""Sold household goods (radio, furniture, refrigerator, television, jewellery)"", ""Sold household goods _radio, furniture, refrigerator, television, jewellery""], ""4"": [""Sold productive assets or means of transport (sewing machine, wheelbarrow, bicycle, car"", ""Sold productive assets or means of transport _sewing machine, wheelbarrow, bicycle, car""], ""5"": [""Used up savings"", ""Used up savings)""], ""10"": [""Sold more animals (non - productive) than usual"", ""Sold more animals _non - productive_ than usual""], ""15"": [""Other_specify_"", ""Received help from religious institution""]}"
s5eq3b,What did the household do to compensate for the consequences of the chock in the,int8,"1=Sold household goods (radio, furniture, refrigerator, television, jewellery), 2=Reduced expenditure on food, 3=Reduced necessary expenditure on health and education, 4=Sold productive assets or means of transport (sewing machine, wheelbarrow, bicycle, car, 5=Used up savings) …",22,137,1097,EICV5_VUP: module s0_s5_household; EICV7_VUP: module s01_s5_s7_household,,EICV5_VUP: Compensate for the consequences of the chock in th,"{""1"": [""Sold household goods (radio, furniture, refrigerator, television, jewellery)"", ""Sold household goods _radio, furniture, refrigerator, television, jewellery""], ""4"": [""Sold productive assets or means of transport (sewing machine, wheelbarrow, bicycle, car"", ""Sold productive assets or means of transport _sewing machine, wheelbarrow, bicycle, car""], ""5"": [""Used up savings"", ""Used up savings)""], ""10"": [""Sold more animals (non - productive) than usual"", ""Sold more animals _non - productive_ than usual""], ""15"": [""Other_specify_"", ""Received help from religious institution""]}"
s0q18m,Month of interview,int8,,0,1644,0,EICV5_VUP: module s9c_vup_ubudehe_and_rssp_schemes,,,
s0q18y,Year of interview,int16,,0,1644,0,EICV5_VUP: module s9c_vup_ubudehe_and_rssp_schemes,,,
s10aq1,Household member tried to obtain a loan,int8,"1=Yes, 2=No",2,1643,0,EICV5_VUP: module s10a1_credits,,,
s10aq2,Reason why loan was denied,int8,"1=Insuffivient income, 2=Insufficient collateral, 3=Problems related to debts history, 4=Unclear purpose of the loan, 5=Other reasons",5,84,0,EICV5_VUP: module s10a1_credits,,,
s10aq3,Household members owe money,int8,"1=Yes, 2=No",2,1643,0,EICV5_VUP: module s10a1_credits,,,
s7a2q1,Have you ever received a cow from the Governments ?one cow per poor family polic,int8,"1=Yes, 2=No",2,1136,3771,EICV5_VUP: module s7a2_livestock; EICV7_VUP: module s01_s5_s7_household,,EICV5_VUP: Household ever received animal from Govt one-cow p,
s7a2q2_v2,[EICV5_VUP..EICV5_VUP version] Animal still with household,int8,"1=Yes, 2=No",2,206,0,,s7a2q2 (EICV7_VUP),,
s7a2q3_v2,[EICV5_VUP..EICV5_VUP version] Household ever receiced animal from NGO or social,int8,"1=Yes, 2=No",2,1136,0,,s7a2q3 (EICV7_VUP),,
s7a2q4a,Kind of animal 1st,int8,"1=Cattle, 2=Sheep, 3=Goat, 4=Poultry, 5=Pig …",7,208,0,EICV5_VUP: module s7a2_livestock,,,
s7a2q4b,Kind of animal 2nd,int8,"0=None, 1=Cattle, 2=Sheep, 3=Goat, 4=Poultry …",8,208,0,EICV5_VUP: module s7a2_livestock,,,
s7a2q5,Has the number of animals changed,int8,"1=Yes, increased, 2=Yes, reduced, 3=No, the same",3,375,0,EICV5_VUP: module s7a2_livestock,,,
s7a2q6,Household uses a maintained pasture,int8,"1=Yes, 2=No",2,1136,0,EICV5_VUP: module s7a2_livestock,,,
s7a2q7_v2,[EICV5_VUP..EICV5_VUP version] Owner of pasture,int8,"1=Household ownership, 2=Other person/priate company, 3=State owned, 4=District land",4,7,0,,s7a2q7 (EICV7_VUP),,
s7a2q8,Cost of using the pasture,int32,0=Not applicable,1,7,0,EICV5_VUP: module s7a2_livestock,,,
s7a2q9,Number of months in the past 12 in which pasture was utilized,int8,,0,7,0,EICV5_VUP: module s7a2_livestock,,,
s7b1q1,Household member currently own any agricultural land,int8,"1=Yes, 2=No",2,1644,0,EICV5_VUP: module s7b1_land_agriculture,,,
s7b1q2,Any member of the household owned land over the last 12 months,int8,"1=Yes, 2=No",2,251,0,EICV5_VUP: module s7b1_land_agriculture,,,
s7b1q3,Household bought land over the last 12 months,int8,"1=Yes, 2=No",2,1411,0,EICV5_VUP: module s7b1_land_agriculture,,,
s7b1q4,Amount paid to acquire land,int32,,0,126,0,EICV5_VUP: module s7b1_land_agriculture,,,
s7b1q5,Household sold land in the last 12 months,int8,"1=Yes, 2=No",2,1411,0,EICV5_VUP: module s7b1_land_agriculture,,,
s7b1q6,Amount received from the sale in the last 12 months,int32,,0,145,0,EICV5_VUP: module s7b1_land_agriculture,,,
s7b1q7,Household rented out any land over the last 12 months,int8,"1=Yes, 2=No",2,1411,0,EICV5_VUP: module s7b1_land_agriculture,,,
s7b1q8,Amount reiceveid from the rent of land,int32,,0,155,0,EICV5_VUP: module s7b1_land_agriculture,,,
s7b1q9,Household sharecropped land in the last 12 months,int8,"1=Yes, 2=No",2,1411,0,EICV5_VUP: module s7b1_land_agriculture,,,
s7b1q10,Amount received from the sharecropping in the last 12 months,int32,,0,105,0,EICV5_VUP: module s7b1_land_agriculture,,,
s7b1q11,"Household received land gift,inheritance, dowry or otherwise over the last 12 mo",int8,"1=Yes, 2=No",2,1411,0,EICV5_VUP: module s7b1_land_agriculture,,,
s7b1q12,"Given land outside household gift, inheritance, dowry or otherwise over the last",int8,"1=Yes, 2=No",2,1411,0,EICV5_VUP: module s7b1_land_agriculture,,,
s9cq1,Household category in Ubudehe VUP_,int8,"1=Category 1, 2=Category 2, 3=Category 3, 4=Category 4, 8=Don?t know",5,128,0,EICV5_VUP: module s9c_vup_ubudehe_and_rssp_schemes,,,
s9cq2,Household ever received any income /Loan  from VUP,int8,"1=Yes in the past  but not now, 2=Currently VUP beneficiary, 3=Currently Eligible but not yet benefiting, 4=No, never",4,128,0,EICV5_VUP: module s9c_vup_ubudehe_and_rssp_schemes,,,
s9cq4a,Specify the VUP programmes that your HH benefitted  in year 2008,int8,"1=Direct Support only, 2=Public Works only, 3=Financial services only, 4=DS and FS services, 5=Expanded PW …",8,128,0,EICV5_VUP: module s9c_vup_ubudehe_and_rssp_schemes,,,
s9cq4b,Specify the VUP programmes that your HH benefitted  in year 2009,int8,"1=Direct Support only, 2=Public Works only, 3=Financial services only, 4=DS and FS services, 5=Expanded PW …",8,128,0,EICV5_VUP: module s9c_vup_ubudehe_and_rssp_schemes,,,
s9cq4c,Specify the VUP programmes that your HH benefitted  in year 2010,int8,"1=Direct Support only, 2=Public Works only, 3=Financial services only, 4=DS and FS services, 5=Expanded PW …",8,128,0,EICV5_VUP: module s9c_vup_ubudehe_and_rssp_schemes,,,
s9cq4d,Specify the VUP programmes that your HH benefitted  in year 2011,int8,"1=Direct Support only, 2=Public Works only, 3=Financial services only, 4=DS and FS services, 5=Expanded PW …",8,128,0,EICV5_VUP: module s9c_vup_ubudehe_and_rssp_schemes,,,
s9cq4e,Specify the VUP programmes that your HH benefitted  in year 2012,int8,"1=Direct Support only, 2=Public Works only, 3=Financial services only, 4=DS and FS services, 5=Expanded PW …",8,128,0,EICV5_VUP: module s9c_vup_ubudehe_and_rssp_schemes,,,
s9cq4f,Specify the VUP programmes that your HH benefitted  in year 2013,int8,"1=Direct Support only, 2=Public Works only, 3=Financial services only, 4=DS and FS services, 5=Expanded PW …",8,128,0,EICV5_VUP: module s9c_vup_ubudehe_and_rssp_schemes,,,
s9cq4g,Specify the VUP programmes that your HH benefitted  in year 2014,int8,"1=Direct Support only, 2=Public Works only, 3=Financial services only, 4=DS and FS services, 5=Expanded PW …",8,128,0,EICV5_VUP: module s9c_vup_ubudehe_and_rssp_schemes,,,
s9cq4h,Specify the VUP programmes that your HH benefitted  in year 2015,int8,"1=Direct Support only, 2=Public Works only, 3=Financial services only, 4=DS and FS services, 5=Expanded PW …",8,128,0,EICV5_VUP: module s9c_vup_ubudehe_and_rssp_schemes,,,
s9cq4i,Specify the VUP programmes that your HH benefitted  in year 2016,int8,"1=Direct Support only, 2=Public Works only, 3=Financial services only, 4=DS and FS services, 5=Expanded PW …",8,128,0,EICV5_VUP: module s9c_vup_ubudehe_and_rssp_schemes,,,
s9cq4j,Specify the VUP programmes that your HH benefitted  in year 2017,int8,"1=Direct Support only, 2=Public Works only, 3=Financial services only, 4=DS and FS services, 5=Expanded PW …",8,87,0,EICV5_VUP: module s9c_vup_ubudehe_and_rssp_schemes,,,
s9cq00,ID No. of HH members that participated in PW activities during the last 12 month,int8,,0,128,0,EICV5_VUP: module s9c3_vup_ubudehe_and_rssp_schemes,,,
s9cq14a,Period household involved in public worksMonth_,int8,,0,128,0,EICV5_VUP: module s9c3_vup_ubudehe_and_rssp_schemes,,,
s9cq14b,Period household involved in public worksYear_,int16,,0,128,0,EICV5_VUP: module s9c3_vup_ubudehe_and_rssp_schemes,,,
s9cq15,Average hours per day worked for last participation in Public Works?,int8,,0,128,0,EICV5_VUP: module s9c3_vup_ubudehe_and_rssp_schemes,,,
s9cq16,Daily wage last participation in Public Works,int16,,0,128,0,EICV5_VUP: module s9c3_vup_ubudehe_and_rssp_schemes,,,
s9cq17,Days worked during the last 3 months,int8,,0,128,0,EICV5_VUP: module s9c3_vup_ubudehe_and_rssp_schemes,,,
s9cq18,Type of work during last participation in Public Works,int8,"1=Terracing, 2=Digging ditches, 3=Building roads, 4=Water supply works, 5=Construction/repair of health Center, Market, school …",6,128,0,EICV5_VUP: module s9c3_vup_ubudehe_and_rssp_schemes,,,
s9cq19,Time  spend for  commuting to and from the worksite each day,int16,,0,128,0,EICV5_VUP: module s9c3_vup_ubudehe_and_rssp_schemes,,,
s9cq20,Amount of money normally spend related to VUP PW per day,int16,,0,128,0,EICV5_VUP: module s9c3_vup_ubudehe_and_rssp_schemes,,,
s9cq21,Months household participateed in Public Works over the last 12 months,int8,,0,128,0,EICV5_VUP: module s9c3_vup_ubudehe_and_rssp_schemes,,,
s9cq22,Payment received for all the work performed during the last 12 months,int8,"1=Yes, 2=No",2,128,0,EICV5_VUP: module s9c3_vup_ubudehe_and_rssp_schemes,,,
s9cq23,Public Works payments usually delayed or paid on time?,int8,"1=On time every two weeks, 2=Delayed between one to two weeks, 3=Delayed more than two weeks, 4=On time every month, 5=Delayed after month",5,128,0,EICV5_VUP: module s9c3_vup_ubudehe_and_rssp_schemes,,,
s9cq24,How do you usually receive your Public Works payment,int8,"1=SACCO, 2=MFI, 3=Cash, 4=Other specify",4,124,0,EICV5_VUP: module s9c3_vup_ubudehe_and_rssp_schemes,,,
s9cq25a,Last Public Works payment received_Month,int8,,0,124,0,EICV5_VUP: module s9c3_vup_ubudehe_and_rssp_schemes,,,
s9cq25b,Last Public Works payment received_year,int16,,0,124,0,EICV5_VUP: module s9c3_vup_ubudehe_and_rssp_schemes,,,
s9cq26,Amount household received in the last Public Works payment,int32,,0,124,0,EICV5_VUP: module s9c3_vup_ubudehe_and_rssp_schemes,,,
s9cq27,The total Public Works payment over the last 12 months,int32,,0,124,0,EICV5_VUP: module s9c3_vup_ubudehe_and_rssp_schemes,,,
s9c3q99,More PW for other HH member,int8,"1=Yes, 2=No",2,128,0,EICV5_VUP: module s9c3_vup_ubudehe_and_rssp_schemes,,,
s9cq28,Has your HH ever benefited from VUP asset grant?,int8,"1=Yes, 2=No",2,128,0,EICV5_VUP: module s9c3_vup_ubudehe_and_rssp_schemes,,,
s9cq29a,Use your public works payment:- to buy food,int8,"1=Yes, 2=No",2,128,0,EICV5_VUP: module s9c3_vup_ubudehe_and_rssp_schemes,,,
s9cq29b,Use your public works payment:- Clothes,int8,"1=Yes, 2=No",2,128,0,EICV5_VUP: module s9c3_vup_ubudehe_and_rssp_schemes,,,
s9cq29c,Use your public works payment:- to buy home utensils,int8,"1=Yes, 2=No",2,128,0,EICV5_VUP: module s9c3_vup_ubudehe_and_rssp_schemes,,,
s9cq29d,Use your public works payment:- Durable asset,int8,"1=Yes, 2=No",2,128,0,EICV5_VUP: module s9c3_vup_ubudehe_and_rssp_schemes,,,
s9cq29e,Use your public works payment:- Education,int8,"1=Yes, 2=No",2,128,0,EICV5_VUP: module s9c3_vup_ubudehe_and_rssp_schemes,,,
s9cq29f,Use your public works payment:- Health/medical,int8,"1=Yes, 2=No",2,128,0,EICV5_VUP: module s9c3_vup_ubudehe_and_rssp_schemes,,,
s9cq29g,Use your public works payment:- to buy animals,int8,"1=Yes, 2=No",2,128,0,EICV5_VUP: module s9c3_vup_ubudehe_and_rssp_schemes,,,
s9cq29h,Use your public works payment:- Farm,int8,"1=Yes, 2=No",2,128,0,EICV5_VUP: module s9c3_vup_ubudehe_and_rssp_schemes,,,
s9cq29i,Use your public works payment:- Business or income generating activity,int8,"1=Yes, 2=No",2,128,0,EICV5_VUP: module s9c3_vup_ubudehe_and_rssp_schemes,,,
s9cq29j,Use your public works payment:- Improve house,int8,"1=Yes, 2=No",2,128,0,EICV5_VUP: module s9c3_vup_ubudehe_and_rssp_schemes,,,
s9cq29k,Use your public works payment:- Saving,int8,"1=Yes, 2=No",2,128,0,EICV5_VUP: module s9c3_vup_ubudehe_and_rssp_schemes,,,
s9cq29l,Use your public works payment:- Other specify_,int8,"1=Yes, 2=No",2,128,0,EICV5_VUP: module s9c3_vup_ubudehe_and_rssp_schemes,,,
s0qb_s9c_vup_ubudehe_and_rssp_sc,UBEDEHE category,int8,"1=Category 1, 2=Category 2, 3=Category 3, 4=Category 4, 5=Not found on list",5,1642,0,EICV5_VUP: module s9c_vup_ubudehe_and_rssp_schemes,,,
s9cq3,Many months have you been on the eligibility list and waiting to benefit from VU,int8,,0,8,0,EICV5_VUP: module s9c_vup_ubudehe_and_rssp_schemes,,,
s9cq5,Why is your household no longer benefit from the VUP program?,int8,"1=Moved to a higher Ubudehe category, 2=We did not participate in training, 3=We are supported by other organizations/programs, 4=We found other sources of income, 5=The daily wages are too low [PW only] …",13,742,0,EICV5_VUP: module s9c_vup_ubudehe_and_rssp_schemes,,,
s9cq6,How do you usually receive your Direct Support payment?,int8,"1=Umurenge SACCO, 2=Other MFI, 3=Other, specify",3,334,0,EICV5_VUP: module s9c_vup_ubudehe_and_rssp_schemes,,,
s9cq7,Period when received your direct support payments,int8,"1=Yes every month, 2=No, between one and 30 days late, 3=No, more than 30 days late",3,334,0,EICV5_VUP: module s9c_vup_ubudehe_and_rssp_schemes,,,
s9cq8,Average amount household received at the last Direct Support payment,int32,,0,334,0,EICV5_VUP: module s9c_vup_ubudehe_and_rssp_schemes,,,
s9cq9,What you usually receive?,int8,"1=It is more, 2=It is the same, 3=It is less",3,334,0,EICV5_VUP: module s9c_vup_ubudehe_and_rssp_schemes,,,
s9cq10,Average amount  informed to get in every month from VUP Ds?,int32,8=Don't know,1,334,0,EICV5_VUP: module s9c_vup_ubudehe_and_rssp_schemes,,,
s9cq11,Direct Support payments received over the past 12 months,int8,,0,334,0,EICV5_VUP: module s9c_vup_ubudehe_and_rssp_schemes,,,
s9cq12,Why have you not received 12 payments?,int8,"1=New beneficiary, 2=Payment was delayed, 3=Other, Specify",3,262,0,EICV5_VUP: module s9c_vup_ubudehe_and_rssp_schemes,,,
s9cq13a,Invest your direct support benefits in some assets:- to buy food,int8,"1=Yes, 2=No",2,334,0,EICV5_VUP: module s9c_vup_ubudehe_and_rssp_schemes,,,
s9cq13b,Invest your direct support benefits in some assets:- Clothes,int8,"1=Yes, 2=No",2,334,0,EICV5_VUP: module s9c_vup_ubudehe_and_rssp_schemes,,,
s9cq13c,Invest your direct support benefits in some assets:- to buy home utensils,int8,"1=Yes, 2=No",2,334,0,EICV5_VUP: module s9c_vup_ubudehe_and_rssp_schemes,,,
s9cq13d,Invest your direct support benefits in some assets:- Durable asset,int8,"1=Yes, 2=No",2,334,0,EICV5_VUP: module s9c_vup_ubudehe_and_rssp_schemes,,,
s9cq13e,Invest your direct support benefits in some assets:- Education,int8,"1=Yes, 2=No",2,334,0,EICV5_VUP: module s9c_vup_ubudehe_and_rssp_schemes,,,
s9cq13f,Invest your direct support benefits in some assets:- Health/medical,int8,"1=Yes, 2=No",2,334,0,EICV5_VUP: module s9c_vup_ubudehe_and_rssp_schemes,,,
s9cq13g,Invest your direct support benefits in some assets:- to buy animals,int8,"1=Yes, 2=No",2,334,0,EICV5_VUP: module s9c_vup_ubudehe_and_rssp_schemes,,,
s9cq13h,Invest your direct support benefits in some assets:- Farm,int8,"1=Yes, 2=No",2,334,0,EICV5_VUP: module s9c_vup_ubudehe_and_rssp_schemes,,,
s9cq13i,Invest your direct support benefits in some assets:- Business or income generati,int8,"1=Yes, 2=No",2,334,0,EICV5_VUP: module s9c_vup_ubudehe_and_rssp_schemes,,,
s9cq13j,Invest your direct support benefits in some assets:- Improve house,int8,"1=Yes, 2=No",2,334,0,EICV5_VUP: module s9c_vup_ubudehe_and_rssp_schemes,,,
s9cq13k,Invest your direct support benefits in some assets:- Saving,int8,"1=Yes, 2=No",2,334,0,EICV5_VUP: module s9c_vup_ubudehe_and_rssp_schemes,,,
s9cq13l,Invest your direct support benefits in some assets:- Other specify_,int8,"1=Yes, 2=No",2,334,0,EICV5_VUP: module s9c_vup_ubudehe_and_rssp_schemes,,,
s9c5q45,Rural sector support project _RSSP_,int8,"1=yes, 2=No",2,1642,0,EICV5_VUP: module s9c_vup_ubudehe_and_rssp_schemes,,,
s9c5q46a,Forming cooperatives to carry out profit earning projects,int8,"1=Yes, 2=No",2,45,0,EICV5_VUP: module s9c_vup_ubudehe_and_rssp_schemes,,,
s9c5q46b,Access to credit subsidized by RIF,int8,"1=Yes, 2=No",2,45,0,EICV5_VUP: module s9c_vup_ubudehe_and_rssp_schemes,,,
s9c5q46c,Training,int8,"1=Yes, 2=No",2,44,0,EICV5_VUP: module s9c_vup_ubudehe_and_rssp_schemes,,,
s9c5q46d,Swamp or marshland rehabilitation,int8,"1=Yes, 2=No",2,44,0,EICV5_VUP: module s9c_vup_ubudehe_and_rssp_schemes,,,
s9c5q46e,"Construction of markets, crop drying structures and crop barns",int8,"1=Yes, 2=No",2,44,0,EICV5_VUP: module s9c_vup_ubudehe_and_rssp_schemes,,,
s9c5q46f,Others _Specify_,int8,"1=Yes, 2=No",2,44,0,EICV5_VUP: module s9c_vup_ubudehe_and_rssp_schemes,,,
hhsize,Household size (persons in the roster),int8,,0,1644,3771,,,,
head_sex,Sex of household head (s1q2 == 1),int8,"1=Male, 2=Female",2,1644,3771,,,,
head_age,Age of household head (s1q2 == 1),int16,,0,1644,3771,,,,
s5aq3,Number of  rooms does your household have for sleeping,int8,,0,0,3771,EICV7_VUP: module s01_s5_s7_household,s5aq3_v2 (EICV5_VUP),,
s5aq4y,Duration household inhabited dwelling (years),int8,,0,0,3771,EICV7_VUP: module s01_s5_s7_household,,,
s5aq4m,Duration household inhabited dwelling (months),int8,,0,0,3771,EICV7_VUP: module s01_s5_s7_household,,,
s5aq5,Household lived in other dwellings before occupying your current house,int8,"1=Yes, 2=No",2,0,3771,EICV7_VUP: module s01_s5_s7_household,s5aq5_v2 (EICV5_VUP),,
s5aq6,Main reason for moving to current dwelling,int8,"1=Resettlement- policy, 2=Evacuated-disaster, 3=Get a better house, 4=Build/buy own house, 5=Renting cost …",10,0,2820,EICV7_VUP: module s01_s5_s7_household,s5aq6_v2 (EICV5_VUP),,
s5aq7,Owner of the dwelling,int8,"1=Head, 2=Spouse, 3=Spouse with head, 4=Other household member, 5=Relative …",9,0,3771,EICV7_VUP: module s01_s5_s7_household,,,
s5aq8,Current occupancy status,int8,"1=Owner occupied, 2=Tenancy (renting), 3=Dwelling provided by employer, 4=Dwelling provided free of charge, 5=Temporary  settlement …",6,0,3771,EICV7_VUP: module s01_s5_s7_household,s5aq8_v2 (EICV5_VUP),,
s5bq1,The current value of your dwelling if you were to sell it,int32,,0,0,3198,EICV7_VUP: module s01_s5_s7_household,s5bq1_v2 (EICV5_VUP),,
s5bq2a,Estimated rent for dwelling,int32,,0,0,3535,EICV7_VUP: module s01_s5_s7_household,,,
s5bq2b,Time period,int8,"1=Month, 2=Quarterly, 3=Annually",3,0,3535,EICV7_VUP: module s01_s5_s7_household,,,
s5bq3a,Actual amount of rent paid in cash,int32,,0,0,236,EICV7_VUP: module s01_s5_s7_household,s5bq3a_v2 (EICV5_VUP),,
s5bq4,Household provide service/payments in kind,int8,"1=Yes, 2=No",2,0,236,EICV7_VUP: module s01_s5_s7_household,,,
s5bq5a,Amount of services/payment in kind,int16,,0,0,20,EICV7_VUP: module s01_s5_s7_household,,,
s5bq5b,Time period,int8,"1=Month, 2=Quarterly, 3=Annually",3,0,20,EICV7_VUP: module s01_s5_s7_household,,,
s5bq6,Do you own a residential house in this village or elsewhere?,int8,"1=Yes, 2=No",2,0,573,EICV7_VUP: module s01_s5_s7_household,,,
s5bq7,In which year did you acquire that house?,int16,,0,0,3229,EICV7_VUP: module s01_s5_s7_household,s5bq7_v2 (EICV5_VUP),,
s5bq8,What was the value of that house when you acquired it?,int32,,0,0,3229,EICV7_VUP: module s01_s5_s7_household,s5bq8_v2 (EICV5_VUP),,
s5bq9,How did you acquire that house?,int8,"1=Bought, 2=Constructed, 3=Inherited from parents, 4=Received as gift, 5=Bartered …",6,0,3229,EICV7_VUP: module s01_s5_s7_household,,,
s5cq2a,Distance in meters between your dwelling and this source?,int16,,0,0,3537,EICV7_VUP: module s01_s5_s7_household,,,
s5cq2b,"Time in minutes it take to go there, to get water and come back?",int16,,0,0,3537,EICV7_VUP: module s01_s5_s7_household,,,
s5cq4b,"Time in minutes it take to go there, to get water and come back",int16,,0,0,3546,EICV7_VUP: module s01_s5_s7_household,,,
s5cq6a,Unused nearest drinking water source to your dwelling?,int8,"1=Piped into Dwelling, 2=Piped into compound, yard/pot, 3=Piped to neighbor HH3, 4=Public tap/standpipe, 5=Tube Well/Borehole …",14,0,667,EICV7_VUP: module s01_s5_s7_household,,,
s5cq6b,Distance in meters between your dwelling and unused nearest drinking water sourc,int16,,0,0,667,EICV7_VUP: module s01_s5_s7_household,,,
s5cq8,In the last 4 weeks has there been anytime when your hh deed not have sufficient,int8,"1=Yes, at least once, 2=No, always sufficient, 3=Don?t know",3,0,3771,EICV7_VUP: module s01_s5_s7_household,s5cq8_v2 (EICV5_VUP),,
s5cq12,Amount contribute to maintain the water source during the last month,int16,,0,0,3771,EICV7_VUP: module s01_s5_s7_household,s5cq12_v2 (EICV5_VUP),,
s5cq13,Household manage the rainwater,int8,"1=No measures, 2=Rainwater tank from roof, 3=Ditch, 4=Piped away, 5=Other(specify)",5,0,3771,EICV7_VUP: module s01_s5_s7_household,s5cq13_v2 (EICV5_VUP),,
s5cq14,Is this HH connected to the grid (electricity from the grid)?,int8,"1=Yes on grid, 2=Yes from solar, 3=Yes both on grid  and from solar, 4=No",4,0,3771,EICV7_VUP: module s01_s5_s7_household,s5cq14_v2 (EICV5_VUP),,
s5cq15,Main Reason your household is not connected to the electricity grid,int8,"1=Connection fee is high, 2=Dwelling inappropriate for connection, 3=Application pending, 4=Service  unavailable(No grid line in the area), 5=Administrative procedure is complicated …",7,0,1199,EICV7_VUP: module s01_s5_s7_household,s5cq15_v2 (EICV5_VUP),,
s5cq17,Main Source of electricity that you mostly used in your household,int8,"1=National Grid, 2=Local Mini Grid, 3=Solar energy, 4=Generator (Own, Neighbor, Community), 5=Rechargeable Battery …",7,0,3771,EICV7_VUP: module s01_s5_s7_household,s5cq17_v2 (EICV5_VUP),,
s5cq18,Main reason preventing your household to use electricity for lighting,int8,"1=High cost of electricity, 2=Safety concerns, 3=Other, (specify)",3,0,19,EICV7_VUP: module s01_s5_s7_household,s5cq18_v2 (EICV5_VUP),,
s5cq19,Appliances get damaged/electrical system (voltage surges),int8,"1=Yes, 2=No",2,0,1336,EICV7_VUP: module s01_s5_s7_household,s5cq19_v2 (EICV5_VUP),,
s5cq20,Amount your household pay for electricity the last 4 weeks?,int16,,0,0,1336,EICV7_VUP: module s01_s5_s7_household,s5cq20_v2 (EICV5_VUP),,
s5cq20a,Does your household have an internet connection,int8,"1=Yes, 2=No",2,0,3771,EICV7_VUP: module s01_s5_s7_household,,,
s5cq20b,What is the main kind of internet connection used by household members?,int8,"1=Landline/Cable Internet, 2=Modem, 3=Mobile phone, 4=Wireless, 5=Other",5,0,554,EICV7_VUP: module s01_s5_s7_household,,,
s5cq20c,What is the main barrier/reason for not accessing internet at home?,int8,"1=Do not need the interne, 2=Use internet from elsewhere, 3=Cost of the serviceis too high, 4=No internet equipment /signals in the area, 5=Privacy/security concerns …",7,0,3217,EICV7_VUP: module s01_s5_s7_household,,,
s5cq21,Type of your primary cook stove,int8,"1=Cooking gas stove, 2=Electric stove, 3=Biogas stove, 4=Solar cooker, 5=Liquid fuel(kerosene) stove …",11,0,3771,EICV7_VUP: module s01_s5_s7_household,s5cq21_v2 (EICV5_VUP),,
s5cq22a,Three main sources of cooking fuel you used on this cook stove Most used(Primary,int8,"1=Firewood, 2=Charcoal., 3=Gas, 4=Biogas, 5=Solar power …",14,0,3751,EICV7_VUP: module s01_s5_s7_household,,,
s5cq22b,Three main sources of cooking fuel you used on this cook stove Second most used,int8,"1=Firewood, 2=Charcoal., 3=Gas, 4=Biogas, 5=Solar power …",15,0,3751,EICV7_VUP: module s01_s5_s7_household,,,
s5cq22c,Three main sources of cooking fuel you used on this cook stove Most used(third),int8,"1=Firewood, 2=Charcoal., 3=Gas, 4=Biogas, 5=Solar power …",15,0,2442,EICV7_VUP: module s01_s5_s7_household,,,
s5cq23,Where did you normally cook with the cook stove?,int8,"1=In dwelling, not in  sleeping area, 2=In dwelling, in a sleeping area, 3=In a separate dwelling, 4=In a veranda (roofed platform with at least two open sides), 5=Outdoors …",6,0,3751,EICV7_VUP: module s01_s5_s7_household,s5cq23_v2 (EICV5_VUP),,
s5cq24,How does your household dispose of its rubbish/garbage?,int8,"1=Publicly managed refuse area, 2=Rubbish collection Service, 3=Thrown in the household?s fields or bushes, 4=Dumped in river/lakes/ditches, 5=Burnt …",7,0,3771,EICV7_VUP: module s01_s5_s7_household,s5cq24_v2 (EICV5_VUP),,
s5cq25,What type of toilet does your household use?,int8,"1=Flush to piped sewer system, 2=Flush to septic tank, 3=Flush to pit latrine, 4=Ventilated improved pit (VIP) latrine, 5=Pit Latrine with constructed floor slab …",9,0,3771,EICV7_VUP: module s01_s5_s7_household,s5cq25_v2 (EICV5_VUP),,
s5cq26,Is the toilet facility shared with another household?,int8,"1=Yes, 2=No",2,0,3749,EICV7_VUP: module s01_s5_s7_household,s5cq26_v2 (EICV5_VUP),,
s5cq27,"Number of households in total use this toilet facility, including your own house",int8,98=Don?t know,1,0,630,EICV7_VUP: module s01_s5_s7_household,s5cq27_v2 (EICV5_VUP),,
s5cq28,Has your (pit latrine or septic tank) ever been emptied?,int8,"1=Yes emptied, 2=Never emptied, 3=Don?t know",3,0,3749,EICV7_VUP: module s01_s5_s7_household,,,
s5cq29,who removed the content of toilet last time it was empted,int8,"1=Household, 2=Service provider",2,0,649,EICV7_VUP: module s01_s5_s7_household,,,
s5cq30,Where were the contents emptied to?,int8,"1=Treatment plant, 2=Buried in a covered pit, 3=Uncovered pit/open ground/waterbody, 4=Other (specify), 5=Don?t know",5,0,649,EICV7_VUP: module s01_s5_s7_household,,,
s5cq31,faced any problems that resulted from environmental destruction in the previous,int8,"1=Yes, 2=No",2,0,3771,EICV7_VUP: module s01_s5_s7_household,,,
s5cq32,main disaster you have experienced with your dwelling,int8,"1=Floods, 2=Mountain slides, 3=Heavy rain, 4=Heavy Wind, 5=Other (specify)",5,0,763,EICV7_VUP: module s01_s5_s7_household,,,
s5cq33,Have you received any environmental information in the last 12 months,int8,"1=Yes, 2=No",2,0,3771,EICV7_VUP: module s01_s5_s7_household,,,
s5cq34,main source of information on environmental issues,int8,"1=Radio/TV, 2=Social Media, 3=Meetings/trainings, 4=school, 5=Other (specify)",5,0,3270,EICV7_VUP: module s01_s5_s7_household,,,
s5eq2a,Main problems affecting your household during the last 12 months(1st  severe sho,int8,"1=Heavy Rain, 2=Floods, 3=Landslides and Mudslides, 4=Drought/irregular rains, prolonged dry spell, 5=Unusually high level of crop pests & disease …",18,0,2204,EICV7_VUP: module s01_s5_s7_household,,,
s5eq2b,Main problems affecting your household during the last 12 months(2nd  severe sho,int8,"1=Heavy Rain, 2=Floods, 3=Landslides and Mudslides, 4=Drought/irregular rains, prolonged dry spell, 5=Unusually high level of crop pests & disease …",19,0,2204,EICV7_VUP: module s01_s5_s7_household,,,
s5eq2c,Main problems affecting your household during the last 12 months(3rd  severe sho,int8,"1=Heavy Rain, 2=Floods, 3=Landslides and Mudslides, 4=Drought/irregular rains, prolonged dry spell, 5=Unusually high level of crop pests & disease …",19,0,1097,EICV7_VUP: module s01_s5_s7_household,,,
s5eq2aa_m,Main problems affecting your household during the last 12 months(1st  severe sho,int8,,0,0,272,EICV7_VUP: module s01_s5_s7_household,,,
s5eq2ab_m,Main problems affecting your household during the last 12 months(2nd  severe sho,int8,,0,0,65,EICV7_VUP: module s01_s5_s7_household,,,
s5eq2ac_m,Main problems affecting your household during the last 12 months(3rd  severe sho,int8,,0,0,15,EICV7_VUP: module s01_s5_s7_household,,,
s5eq2aa_y,Main problems affecting your household during the last 12 months(1st  severe sho,int16,,0,0,272,EICV7_VUP: module s01_s5_s7_household,,,
s5eq2ab_y,Main problems affecting your household during the last 12 months(2nd  severe sho,int16,,0,0,65,EICV7_VUP: module s01_s5_s7_household,,,
s5eq2ac_y,Main problems affecting your household during the last 12 months(3rd  severe sho,int16,,0,0,15,EICV7_VUP: module s01_s5_s7_household,,,
s5eq3c,What did the household do to compensate for the consequences of the chock in the,int8,"1=Sold household goods (radio, furniture, refrigerator, television, jewellery), 2=Reduced expenditure on food, 3=Reduced necessary expenditure on health and education, 4=Sold productive assets or means of transport (sewing machine, wheelbarrow, bicycle, car, 5=Used up savings) …",22,0,217,EICV7_VUP: module s01_s5_s7_household,,,
s5eq4a,Number of months did it take your HH to recover from the recent shock and get ba,int8,99=HH not recoverd from the shock,1,0,2204,EICV7_VUP: module s01_s5_s7_household,,,
s5eq4b,Number of months did it take your HH to recover from the recent shock and get ba,int8,99=HH not recoverd from the shock,1,0,1097,EICV7_VUP: module s01_s5_s7_household,,,
s5eq4c,Number of months did it take your HH to recover from the recent shock and get ba,int8,99=HH not recoverd from the shock,1,0,217,EICV7_VUP: module s01_s5_s7_household,,,
s7aq4,"Did any member of your household own and/or raise any livestock, herds, other fa",int8,"1=Yes, 2=No",2,0,3771,EICV7_VUP: module s01_s5_s7_household,,,
s7aq4a,How many of the following livestock or poultry does the household own - Cattle,int8,,0,0,2200,EICV7_VUP: module s01_s5_s7_household,,,
s7aq4b,How many of the following livestock or poultry does the household own - Goats,int8,,0,0,2200,EICV7_VUP: module s01_s5_s7_household,,,
s7aq4c,How many of the following livestock or poultry does the household own - Sheep,int8,,0,0,2200,EICV7_VUP: module s01_s5_s7_household,,,
s7aq4d,How many of the following livestock or poultry does the household own - Pigs,int8,,0,0,2200,EICV7_VUP: module s01_s5_s7_household,,,
s7aq4e,How many of the following livestock or poultry does the household own - Poultry,int8,,0,0,2200,EICV7_VUP: module s01_s5_s7_household,,,
s7aq4f,How many of the following livestock or poultry does the household own - Other (s,int8,,0,0,2200,EICV7_VUP: module s01_s5_s7_household,,,
s7a2q2,In what year did you receive this animal?,int16,,0,0,888,EICV7_VUP: module s01_s5_s7_household,s7a2q2_v2 (EICV5_VUP),,
s7a2q3,Do you still keep this animal?,int8,"1=Yes, 2=No",2,0,888,EICV7_VUP: module s01_s5_s7_household,s7a2q3_v2 (EICV5_VUP),,
s7a2q4,Household ever receiced animal from NGO or other social protection scheme,int8,"1=Yes, 2=No",2,0,3771,EICV7_VUP: module s01_s5_s7_household,,,
s7a2q5a,Kind of animal 1st,int8,,0,0,852,EICV7_VUP: module s01_s5_s7_household,,,
s7a2q6a,Has the number of animals changed (Cow poor family),int8,"1=Yes, increased, 2=Yes, reduced, 3=No, the same",3,0,888,EICV7_VUP: module s01_s5_s7_household,,,
s7a2q6b,Has the number of animals changed (1st animal from NGO),int8,"1=Yes, increased, 2=Yes, reduced, 3=No, the same",3,0,852,EICV7_VUP: module s01_s5_s7_household,,,
s7a2q6c,Has the number of animals changed (2nd animal from NGO),int8,"1=Yes, increased, 2=Yes, reduced, 3=No, the same",3,0,55,EICV7_VUP: module s01_s5_s7_household,,,
s7a2q7,Household uses a maintained pasture,int8,"1=Yes,maintained, 2=No,not maintained, 3=No, other place",3,0,2599,EICV7_VUP: module s01_s5_s7_household,s7a2q7_v2 (EICV5_VUP),,
quintile,Quintiles of real consumption per ae,int8,"1=Poor, 2=Poor/mid, 3=Mid, 4=Mid/upper, 5=Upper",5,0,0,EICV7_VUP: module s9d4_nsds,,,
s5cq4a,Distance in meters between your dwelling,string,,0,1644,3771,EICV7_VUP: module s01_s5_s7_household,,,
pop_wt,Population Weight,double,,0,0,3771,EICV7_VUP: module s01_s5_s7_household,,,
pov_jan,Total Poverty Headcount Ratio,int8,"0=Non Poor, 100=Poor",2,0,3771,EICV7_VUP: module s9d4_nsds,,,
poverty,Welfare Categories,int8,"1=Severaly Poor, 2=Moderately poor, 3=Non Poor",3,0,3771,EICV7_VUP: module s9d4_nsds,,,
epov_jan,Extreme Poverty Headcount Ratio,int8,"0=Non Extreme Poor, 100=Extreme Poor",2,0,3771,EICV7_VUP: module s9d4_nsds,,,
strata_id,VUP Strata,int8,"1=Direct Support, 2=Financial Services, 3=NSDS, 4=Classic Public Work, 5=Expanded Public Work …",7,0,3771,EICV7_VUP: module s9d4_nsds,,,
province_2,Province,int8,"1=Kigali City, 2=Southern Province, 3=Western Province, 4=Northern Province, 5=Eastern Province",5,0,674,EICV7_VUP: module s9d4_nsds,,,
s9d1q1,beneficiaries of VUP(any component),int8,"1=Yes, 2=No",2,0,675,EICV7_VUP: module s9d4_nsds,,,
s9d4q1,HH has any Beneficiaries of NUTRITION SENSITIVE DIRECT SUPPORT,int8,"1=Yes, 2=No",2,0,675,EICV7_VUP: module s9d4_nsds,,,
s9d4q1aa_y,Join the NSDS /Year,int16,,0,0,675,EICV7_VUP: module s9d4_nsds,,,
s9d4q1aa_m,Join the NSDS /Month,int8,"1=January, 2=February, 3=March, 4=April, 5=May …",12,0,675,EICV7_VUP: module s9d4_nsds,,,
s9d4q2,status while being enrolled in NSDS,int8,"1=Pregnant but now gave birth, 2=Pregnant and still pregnant, 3=Mother/Carer of a younger child under 2 years",3,0,675,EICV7_VUP: module s9d4_nsds,,,
s9d4q3,number of ANC visits for women having baby while enrolled when they were pregnan,int8,"1=None, 2=One, 3=Two, 4=Three, 5=Four …",6,0,209,EICV7_VUP: module s9d4_nsds,,,
s9d4q4,number of PNC visits in  respect of the child (0-6 weeks old) for which a woman,int8,"1=None, 2=One, 3=Two, 4=More than Two, 5=Not Applicable",5,0,628,EICV7_VUP: module s9d4_nsds,,,
s9d4q5,heights for age measurement visits attended at health facility,int8,"1=None, 2=One, 3=Two, 4=Three, 5=Four …",9,0,628,EICV7_VUP: module s9d4_nsds,,,
s9d4q6,activity by which NSDS benefit used for in the last 12 months,string,,0,1644,3771,EICV7_VUP: module s9d4_nsds,,,
s9d4q6_a,Buy Food,int8,"1=Yes, 2=No",2,0,675,EICV7_VUP: module s9d4_nsds,,,
s9d4q6_b,Buy Cloth,int8,"1=Yes, 2=No",2,0,675,EICV7_VUP: module s9d4_nsds,,,
s9d4q6_c,Buy Home Utensils,int8,"1=Yes, 2=No",2,0,675,EICV7_VUP: module s9d4_nsds,,,
s9d4q6_d,Buy Durables asset,int8,"1=Yes, 2=No",2,0,675,EICV7_VUP: module s9d4_nsds,,,
s9d4q6_e,Pay Education/School Fess,int8,"1=Yes, 2=No",2,0,675,EICV7_VUP: module s9d4_nsds,,,
s9d4q6_f,Pay Health/Medical Expenses,int8,"1=Yes, 2=No",2,0,675,EICV7_VUP: module s9d4_nsds,,,
s9d4q6_g,Buy Animals,int8,"1=Yes, 2=No",2,0,675,EICV7_VUP: module s9d4_nsds,,,
s9d4q6_h,Invest in Farming,int8,"1=Yes, 2=No",2,0,675,EICV7_VUP: module s9d4_nsds,,,
s9d4q6_i,Invest in business Income or income generating activity,int8,"1=Yes, 2=No",2,0,675,EICV7_VUP: module s9d4_nsds,,,
s9d4q6_j,Improve dwelling,int8,"1=Yes, 2=No",2,0,675,EICV7_VUP: module s9d4_nsds,,,
s9d4q6_k,"Savings in SACCO,VSLA or Tontine",int8,"1=Yes, 2=No",2,0,675,EICV7_VUP: module s9d4_nsds,,,
s9d4q6_l,Saving in EJo Heza,int8,"1=Yes, 2=No",2,0,675,EICV7_VUP: module s9d4_nsds,,,
s9d4q6_m,Other,int8,"1=Yes, 2=No",2,0,675,EICV7_VUP: module s9d4_nsds,,,
s9d4q7,number of quarters by which HH received NSDS payment in the past 12 months,int8,,0,0,675,EICV7_VUP: module s9d4_nsds,,,
s9d4q8,Program quarterly benefit,int32,,0,0,675,EICV7_VUP: module s9d4_nsds,,,
s9d4q9a,Number of delayed days of first last payment,int8,,0,0,675,EICV7_VUP: module s9d4_nsds,,,
s9d4q9b,Number of delayed days of second last payment,int8,,0,0,675,EICV7_VUP: module s9d4_nsds,,,
s9d4q9c,Number of delayed days of third last payment,int8,,0,0,675,EICV7_VUP: module s9d4_nsds,,,
s9d4q10,mode of receiving NSDS payment,int8,"1=Umurenge SACCO, 2=Mobile Money/Airtel Money, 3=Not yet paid",3,0,675,EICV7_VUP: module s9d4_nsds,,,
