variable,label,type,value_labels,n_value_labels,universe,n_EICV2,n_EICV3,n_EICV4_CS,n_EICV4_VUP,n_EICV5_CS,n_EICV5_VUP,source,versions,label_variants,value_label_conflicts
survey,Source survey,string,,0,"household / farm (agriculture, livestock)",44385,121882,145711,25271,118099,14136,,,,
year,Survey year (mid-fieldwork),int16,,0,"household / farm (agriculture, livestock)",44385,121882,145711,25271,118099,14136,,,,
wave,Wave / round id,string,,0,"household / farm (agriculture, livestock)",0,0,0,0,0,0,,,,
sample,"CS = national cross-section, VUP = VUP booster, PANEL = EICV3-4 panel link",string,,0,"household / farm (agriculture, livestock)",44385,121882,145711,25271,118099,14136,,,,
prov,"Province (1-5, NISR codes)",int8,"1=City of Kigali, 2=Southern Province, 3=Western Province, 4=Northern Province, 5=Eastern Province",5,"household / farm (agriculture, livestock)",44385,121882,145711,25271,118099,14136,,,,
dist,"District (11-57, NISR current codes)",int8,"11=Nyarugenge, 12=Gasabo, 13=Kicukiro, 21=Nyanza, 22=Gisagara …",30,"household / farm (agriculture, livestock)",44385,121882,145711,25271,118099,14136,,,,
urban,"Area of residence (1 urban, 2 rural)",int8,"1=Urban, 2=Rural",2,"household / farm (agriculture, livestock)",44385,121882,145711,25271,118099,14136,,,,
cluster,Sampling cluster / enumeration area (as shipped),string,,0,"household / farm (agriculture, livestock)",44385,121882,145711,25271,118099,14136,,,,
hhid,Household id (unique within wave),int32,,0,"household / farm (agriculture, livestock)",44385,121882,145711,25271,118099,14136,,,,
pid,Person number within the household,int8,99=Exit code,1,"household / farm (agriculture, livestock)",44385,0,0,0,0,0,,,,
wt,"Household weight carried by every row (sums to persons in person files, to house",double,,0,"household / farm (agriculture, livestock)",44385,121882,145711,25271,118099,14136,,,,
wt_hh,Household weight (same value as wt; sums to the number of households),double,,0,"household / farm (agriculture, livestock)",44385,121882,145711,25271,118099,14136,,,,
id6,Household number,int8,,0,"household / farm (agriculture, livestock)",44385,0,0,0,0,0,,,,
id1,Strata,int8,"1=City of Kigali, 2=Other urban, 3=Rural",3,"household / farm (agriculture, livestock)",44385,0,0,0,0,0,,,,
id2,Province,int8,"1=City of Kigali, 2=Kigali Ngali, 3=Gitarama, 4=Butare, 5=Gikongoro …",12,"household / farm (agriculture, livestock)",44385,0,0,0,0,0,,,,
item,Item code of small scale agricultural production,int8,"1=Rice, 2=Corn, 3=Sorghum, 4=Wheat, 5=Other grains …",64,"household / farm (agriculture, livestock)",42328,0,0,0,0,0,,,,
s8eq3,Unit of measure for small scale crops,int8,"1= bottle of Fanta, 2= Bottle Primus, 3= bottle Wisky, 4= Bottle Martine, 5= Small bucket …",40,"household / farm (agriculture, livestock)",44374,121882,0,0,0,0,,,EICV2: Unit of measure,"{""1"": ["" bottle of Fanta"", ""Fanta bottle""], ""2"": ["" Bottle Primus"", ""Primus bottle""], ""3"": ["" bottle Wisky"", ""Whisky bottle""], ""4"": ["" Bottle Martine"", ""Martini bottle""], ""7"": ["" Jericane"", ""Jerrycan""], ""9"": ["" Crich"", ""Criche""], ""10"": ["" Calebase"", ""Gourd""], ""11"": ["" Caselero"", ""Caserole""], ""12"": ["" Small bucket Sirwa"", ""Small bucket (powdered soap SIRWA)""], ""13"": ["" metallic bucket"", ""Metal bucket""], ""15"": ["" Tumbler"", ""Cup""], ""16"": ["" Pouch"", ""Small sack""], ""17"": ["" bag 100kg"", ""100 kg sack""], ""18"": ["" Cart"", ""Basket""], ""19"": ["" Grand Basket"", ""Large basket""], ""22"": ["" Soup"", ""Bowl (soup)""], ""23"": ["" Plate"", ""Plate (dinner)""], ""26"": ["" Small box empty tomato"", ""Small tomato can""], ""27"": ["" Igicuba large vessel for milk"", ""Large container for milk""], ""28"": ["" Bolet milk"", ""Bolet au lait""], ""30"": ["" Kilogram"", ""Kilos""], ""31"": ["" Gramme"", ""Grams""], ""33"": ["" Room"", ""Piece""], ""34"": ["" Tase"", ""Pile""], ""35"": ["" Fagon Wood"", ""Bunch of wood""], ""36"": ["" graduel1 Tumbler"", ""Graduated measuring bucket""], ""37"": ["" gradu\u00e9l2 Tumbler"", ""Graduated measuring bucket""], ""38"": ["" Lady jane"", ""Dame jeanne""], ""40"": ["" Jaye"", ""Jar""]}"
s8eq4,Kilo per unit,double,"0=Missing, 999=Ne sait pas",2,"household / farm (agriculture, livestock)",44385,121882,0,0,0,0,,,,"{""999"": [""Don't know"", ""Ne sait pas""]}"
s8eq5,Amount harvested in the last 12 months,int16,,0,"household / farm (agriculture, livestock)",44380,0,0,0,0,0,,,,
s8eq6_v2,[EICV2..EICV2 version] All or part of amount sold,int8,"1=Yes, regularly, 2=Yes, occasionally, 3=No",3,"household / farm (agriculture, livestock)",44376,0,0,0,0,0,,s8eq6 (EICV3),,
s8eq7,Portion of the harvest sold,int16,"1=Yes, regularly, 2=Yes, ocasionally, 3=Never",3,"household / farm (agriculture, livestock)",10280,121882,0,0,0,0,,,EICV2: Amount sold,
s8eq7u,Time unit,int8,"1=Day, 2=Week, 3=Month, 4=Year, 5=2 weeks",5,"household / farm (agriculture, livestock)",10248,0,0,0,0,0,,,,
s8eq8,Amount of small scale production sold,int32,,0,"household / farm (agriculture, livestock)",10265,0,0,0,0,0,,,,
c8eq1,Control ID farmer,int8,,0,"household / farm (agriculture, livestock)",44385,0,0,0,0,0,,,,
c8eq2,Control ID Item,int8,,0,"household / farm (agriculture, livestock)",42328,0,0,0,0,0,,,,
s8eq9_v2,[EICV2..EICV2 version] Value of small scale harvest,int32,,0,"household / farm (agriculture, livestock)",44312,0,0,0,0,0,,s8eq9 (EICV3),,
s8eq10_v2,[EICV2..EICV2 version] Use a part of the harvest for processing,int8,"1=Yes, always, 2=Yes, often, 3=No",3,"household / farm (agriculture, livestock)",44350,0,0,0,0,0,,s8eq10 (EICV3),,
s8eq11_v2,[EICV2..EICV2 version] Amount used for processing,int16,,0,"household / farm (agriculture, livestock)",5397,0,0,0,0,0,,s8eq11 (EICV3),,
s8eq11u,Time unit,int8,"1=Day, 2=Week, 3=Month, 4=Year, 5=2 weeks",5,"household / farm (agriculture, livestock)",5387,0,0,0,0,0,,,,
s8eq12_v2,[EICV2..EICV2 version] Consumed part of harvest,int8,"1=Yes, always, 2=Yes, often, 3=No",3,"household / farm (agriculture, livestock)",44259,0,0,0,0,0,,s8eq12 (EICV3),,
s8eq13,Amount used for own consumption,int16,,0,"household / farm (agriculture, livestock)",41567,0,0,0,0,0,,,,
s8eq13u,Time unit,int8,"1=Day, 2=Week, 3=Month, 4=Year, 5=2 weeks",5,"household / farm (agriculture, livestock)",41547,0,0,0,0,0,,,,
dstrat,Design strata,int16,"111=Kigali lowest quartile socio-economic strata, 112=Kigali quartile 2 socio-economic strata, 113=Kigali quartile 3 socio-economic strata, 114=Kigali highest quartile socio-economic strata, 119=Kigali (semi-rural) …",32,"household / farm (agriculture, livestock)",44385,0,0,0,0,0,,,,
quintile,Quintile,int8,"1=Q1, 2=Q2, 3=Q3, 4=Q4, 5=Q5",5,"household / farm (agriculture, livestock)",0,121882,145711,0,118099,0,,,EICV4_CS: QUINTILE,
poverty,POVERTY,int8,"1=Extremely poor, 2=Poor, 3=Non-poor",3,"household / farm (agriculture, livestock)",0,121882,145711,0,0,0,,poverty_v2 (EICV5_CS),EICV3: Poverty status,
crop,Crop code (S8EQ2),int8,"0=Not applicable, 1= Rice, 2= Maize, 3= Sorghum, 4= Wheat …",65,"household / farm (agriculture, livestock)",0,121882,0,0,0,0,,,,
s8eq1,PID of person responsible,int32,99=Exit code,1,"household / farm (agriculture, livestock)",0,121882,0,0,0,0,,,,
s8eq5a,Quantity harvested in the last 12 months,double,0=Missing,1,"household / farm (agriculture, livestock)",0,121882,0,0,0,0,,,,
s8eq5b,Time unit,int8,"1=Week, 2=Month, 3=Quarter, 4=Year",4,"household / farm (agriculture, livestock)",0,121882,0,0,0,0,,,,
s8eq6,Months of the year harvested,int8,,0,"household / farm (agriculture, livestock)",0,121882,0,0,0,0,,s8eq6_v2 (EICV2),,
s8eq8a,Quantity of smal scale crops sold,double,0=Missing,1,"household / farm (agriculture, livestock)",0,26924,0,0,0,0,,,,
s8eq8b,Time unit for the sale,int8,"1=Week, 2=Month, 3=Quarter, 4=Year",4,"household / farm (agriculture, livestock)",0,26924,0,0,0,0,,,,
s8eq9,Amount received from sale of small scale crops,int32,,0,"household / farm (agriculture, livestock)",0,26924,0,0,0,0,,s8eq9_v2 (EICV2),,
s8eq10,Principle market or outlet,int8,"1=Purchase in the field, 2=Trader in the market, 3=Individual consumer, 4=Commercial company, 5=Cooperative …",8,"household / farm (agriculture, livestock)",0,26924,0,0,0,0,,s8eq10_v2 (EICV2),,
s8eq11,Value of the entire harvest,int32,0=,1,"household / farm (agriculture, livestock)",0,121882,0,0,0,0,,s8eq11_v2 (EICV2),,
s8eq12,Consumed own produce small scale crops,int8,"1=Always, 2=Often, 3=No",3,"household / farm (agriculture, livestock)",0,121882,0,0,0,0,,s8eq12_v2 (EICV2),,
s8eq13a,Quantity of small scale crop consumed,double,0=Missing,1,"household / farm (agriculture, livestock)",0,115794,0,0,0,0,,,,
s8eq13b,Unit of time,int8,"1=Day, 2=Week",2,"household / farm (agriculture, livestock)",0,115794,0,0,0,0,,,,
ur2012,Urban/Rural 2012 (4 categories),int8,"1=Urban, 2=Semi urban, 3=Peri urban, 4=Rural",4,"household / farm (agriculture, livestock)",0,0,145711,25271,0,0,,,,
region,Region,int8,"1=Kigali, 2=Other urban, 3=Southern rural, 4=Western rural, 5=Northern rural …",6,"household / farm (agriculture, livestock)",0,0,145711,25271,118099,0,,,,"{""1"": [""Kigali"", ""Kigali City""], ""3"": [""Rural Southern"", ""Southern rural""], ""4"": [""Rural Western"", ""Western rural""], ""5"": [""Northern rural"", ""Rural Northern""], ""6"": [""Eastern rural"", ""Rural Eastern""]}"
s7eq2,Codes for small scale crops,int8,"0=Not applicable, 1=Rice, 2=Maize, 3=Sorghum, 4=Wheat …",72,"household / farm (agriculture, livestock)",0,0,145711,25271,118099,13913,,,EICV4_CS: Codes for small scale crops harvested over last 12; EICV4_VUP: Codes for small scale crops harvested over last 12,"{""53"": [""Mushroom or spinac"", ""Mushroom or spinach""], ""18"": ["" Yam _Amateke_"", ""Yam (Amateke)""], ""33"": [""Strawberriers"", ""Strawberries""], ""35"": [""Others fruits (Ibifenesi)"", ""Others fruits _Ibifenesi_""], ""47"": ["" Carotts"", ""Carrots""], ""58"": [""Green vegetables (Inyabutongo)"", ""Green vegetables _Inyabutongo_""], ""66"": [""Pyretre (Ibireti)"", ""Pyretre _Ibireti_""]}"
s7eq3a,Quantity harvested in the last 12 months_Kg_,double,"9500=More than 9000, 90001=More than 900000",2,"household / farm (agriculture, livestock)",0,0,145711,25271,118099,13913,,,EICV4_CS: Quantity harvested in the last 12 months; EICV4_VUP: Quantity harvested in the last 12 months,
s7eq3b,Time unit,int8,"1=Week, 2=Month, 3=Quarter, 4=Year, 9=Missing",5,"household / farm (agriculture, livestock)",0,0,145711,25271,118099,13913,,,EICV4_CS: Harvest (time unit); EICV4_VUP: Harvest (time unit),
s7eq4,Months of the year harvested,int8,99=Missing,1,"household / farm (agriculture, livestock)",0,0,145711,25271,118099,13913,,,EICV4_CS: Months of the year harvesting this crop; EICV4_VUP: Months of the year harvesting this crop,
s7eq5_v2,[EICV4_CS..EICV4_VUP version] Sell all or part of the harvest,int8,"1=Yes, regularly all, 2=Yes, regularly part of it, 3=Yes, occasionally all, 4=Yes, occasionally part of it, 5=Never …",6,"household / farm (agriculture, livestock)",0,0,145711,25271,0,0,,"s7eq5 (EICV5_CS, EICV5_VUP)",,
s7eq6a_v2,[EICV4_CS..EICV4_VUP version] Quantity sold over last 12 months,double,,0,"household / farm (agriculture, livestock)",0,0,26274,4495,0,0,,"s7eq6a (EICV5_CS, EICV5_VUP)",,
s7eq6b,Time unit for the sale,int8,"1=Week, 2=Month, 3=Quarter, 4=Year, 9=Missing",5,"household / farm (agriculture, livestock)",0,0,26274,4495,18587,2310,,,EICV4_CS: Sale of small crops (time unit); EICV4_VUP: Sale of small crops (time unit),
s7eq7,Amount you received from the sale,int32,"9999999=Missing, 999999999=Missing",2,"household / farm (agriculture, livestock)",0,0,26274,4495,18587,2310,,,EICV4_CS: Amount received from sale; EICV4_VUP: Amount received from sale,
s7eq8_v2,[EICV4_CS..EICV4_VUP version] Principal market or outlet,int8,"1=Purchase in the field, 2=Trader in the market, 3=Individual consumer, 4=Commercial company, 5=Cooperative …",8,"household / farm (agriculture, livestock)",0,0,26274,4495,0,0,,"s7eq8 (EICV5_CS, EICV5_VUP)",,
s7eq9_v2,[EICV4_CS..EICV4_VUP version] Value received for sale of entire harvest,int32,"9999999=Missing, 999999999=Missing",2,"household / farm (agriculture, livestock)",0,0,145711,25271,0,0,,"s7eq9 (EICV5_CS, EICV5_VUP)",,
s7eq10,Consumed own produce small scale crops,int8,"1=Yes, always, 2=Yes, Often, 3=No, 9=Missing",4,"household / farm (agriculture, livestock)",0,0,145711,25271,0,0,,,,
s7eq11a,Quantity consumed by HH over last 7 days,double,,0,"household / farm (agriculture, livestock)",0,0,139066,24042,0,0,,,,
s7eq11b,Own consumption (Unit of time),int8,"1=Day, 2=Week, 9=Missing",3,"household / farm (agriculture, livestock)",0,0,48452,8068,0,0,,,,
s7eq2d,Crop name,string,,0,"household / farm (agriculture, livestock)",44385,121882,145711,25271,118099,14136,,,,
hhtype,Type of household according to the sample,int8,"1=New sample (cluster>=2000 and cluster<5000), 2=Panel head of households in the same cluster, 3=Panel head of households outside cluster, 4=Panel other relative inside the same cluster, 5=Panel other relative outside cluster …",8,"household / farm (agriculture, livestock)",0,0,145711,0,0,0,,,,
rwanda,All Rwanda,int8,1=All Rwanda,1,"household / farm (agriculture, livestock)",0,0,145711,0,0,0,,,,
surveyh,EICV4 survey sample,int8,"1=New Sample, 2=Panel, 3=VUP",3,"household / farm (agriculture, livestock)",0,0,145711,25271,0,0,,,,
consumption,aggregate consumption/ae in Jan14 Prices,double,,0,"household / farm (agriculture, livestock)",0,0,145711,0,0,0,,,,
s0q19m,Month of interview,int8,,0,"household / farm (agriculture, livestock)",0,0,145711,25271,0,0,,,,
s0q19y,Year of interview,int8,,0,"household / farm (agriculture, livestock)",0,0,145711,25271,0,0,,,,
vup_strata,"VUP stratum (province, component)",int8,,0,"household / farm (agriculture, livestock)",0,0,0,25271,0,0,,,,
poverty_v2,[EICV5_CS..EICV5_CS version] Welfare categories,int8,"1=Severely poor, 2= Moderately poor, 3=Non Poor",3,"household / farm (agriculture, livestock)",0,0,0,0,118099,0,,"poverty (EICV3, EICV4_CS)",,
s7eq5,Portion of the harvest sold,int8,"1=Yes, regularly all, 2=Yes, regularly part of it, 3=Yes, ocasionally all, 4=Yes, ocasionally part of it, 5=Never",5,"household / farm (agriculture, livestock)",0,0,0,0,118099,13913,,"s7eq5_v2 (EICV4_CS, EICV4_VUP)",,
s7eq6a,Quantity of smal scale crops sold,double,,0,"household / farm (agriculture, livestock)",0,0,0,0,18587,2310,,"s7eq6a_v2 (EICV4_CS, EICV4_VUP)",,
s7eq8,Amount received for entire havest sold over last 12 months,int32,,0,"household / farm (agriculture, livestock)",0,0,0,0,118099,13913,,"s7eq8_v2 (EICV4_CS, EICV4_VUP)",,
s7eq9,Havest consumed over last 12 months,int8,"1=Yes, always, 2=Yes, Often, 3=No",3,"household / farm (agriculture, livestock)",0,0,0,0,118099,13913,,"s7eq9_v2 (EICV4_CS, EICV4_VUP)",,
s7eq10a,Quantity of small scale crop consumed over last 7 days,double,,0,"household / farm (agriculture, livestock)",0,0,0,0,113403,13185,,,,
s7eq10b,Unit of time,int8,"1=Day, 2=Week",2,"household / farm (agriculture, livestock)",0,0,0,0,32996,3642,,,,
hhid_eicv4,EICV4 panel household id carried in the EICV5 VUP files (not unique: split house,int32,,0,"household / farm (agriculture, livestock)",0,0,0,0,0,14136,,,,
s7eq1,Engaded in any piecemeal agricultural production over the last 12 months,int8,"1=Yes, 2=No",2,"household / farm (agriculture, livestock)",0,0,0,0,0,14136,,,,
s0q18m,Month of interview,int8,,0,"household / farm (agriculture, livestock)",0,0,0,0,0,14136,,,,
s0q18y,Year of interview,int16,,0,"household / farm (agriculture, livestock)",0,0,0,0,0,14136,,,,
