variable,label,type,value_labels,n_value_labels,n_2017,n_2018,n_2019,n_2020,n_2021,n_2022,n_2023,n_2024,n_2025,source_by_year,version_years,other_versions,label_variants,value_label_conflicts
survey,Source survey,string,,0,77761,76670,81778,70172,71947,70424,71849,102562,100852,,,,,
year,Survey year,int16,,0,77761,76670,81778,70172,71947,70424,71849,102562,100852,,,,,
wave,Wave (survey year),string,,0,77761,76670,81778,70172,71947,70424,71849,102562,100852,,,,,
round,Data-collection round (month+year as labelled by NISR),string,,0,77761,76670,81778,70172,71947,70424,71849,102562,100852,2017: phase; 2018: phase; 2019: pkey % 100 (2020-file numbering); 2020: lfs_round (2020-file numbering); 2021: lfs_round (2021-file numbering); 2022: not shipped; 2023: not shipped; 2024: not shipped; 2025: not shipped,,,,
quarter,"Quarter of the round (1 Feb, 2 May, 3 Aug, 4 Nov)",int8,,0,77761,76670,81778,70172,71947,0,71849,102562,100852,2023: position block in file (PSU_NO restarts) -- see DECISIONS; 2024: position block in file (PSU_NO restarts) -- see DECISIONS; 2025: position block in file (PSU_NO restarts) -- see DECISIONS,,,,
interview,"Interview number of the household within the year (1, 2)",int8,,0,77761,76670,81778,37319,71947,70424,71849,102562,100852,,,,,
prov,"Province (1-5, NISR codes)",int8,"1=City of Kigali, 2=Southern Province, 3=Western Province, 4=Northern Province, 5=Eastern Province",5,77761,76670,81778,70172,71947,70424,71849,102562,100852,2017: province; 2018: province; 2019: province; 2020: derived: dist // 10; 2021: province; 2022: province; 2023: province; 2024: province; 2025: province,,,,
dist,"District (11-57, NISR codes)",int8,"11=Nyarugenge, 12=Gasabo, 13=Kicukiro, 21=Nyanza, 22=Gisagara, 23=Nyaruguru …",30,77761,76670,81778,70172,71947,70424,71849,102562,100852,2017: district; 2018: district; 2019: code_dis; 2020: district; 2021: code_dis; 2022: code_dis; 2023: code_dis; 2024: code_dis; 2025: code_dis,,,,
urban,"Area of residence (1 urban, 2 rural)",int8,"1=Urban, 2=Rural",2,77761,76670,0,70172,71947,70424,71849,102562,100852,2017: ur; 2018: ur; 2019: not shipped; 2020: code_ur; 2021: code_ur; 2022: code_ur; 2023: code_ur; 2024: code_ur; 2025: code_ur,,,,
cluster,Sampling cluster id (year_psu),string,,0,77761,76670,81778,70172,71947,70424,71849,102562,100852,,,,,
psu,Primary sampling unit number (NISR PSU_NO; anonymised),int16,,0,77761,76670,81778,70172,71947,70424,71849,102562,100852,2017: psu_no; 2018: psu_no; 2019: pkey // 1e6; 2020: psu_no; 2021: psu_no; 2022: psu_no; 2023: psu_no; 2024: psu_no; 2025: psu_no,,,,
hhid,Household id = PSU*100 + household number (unique with year + interview),double,,0,77761,76670,81778,37319,71947,70424,71849,102562,100852,"2017: pid // 100; 2018: pid // 100; 2019: pkey // 1e4; 2020: pid // 100 (missing in rounds 10, 12); 2021: HHID (= PSU_NO*100 + QH_NO); 2022: HHID (= PSU_NO*100 + QH_NO); 2023: HHID (= PSU_NO*100 + QH_NO); 2024: HHID (= PSU_NO*100 + QH_NO); 2025: HHID (= PSU_NO*100 + QH_NO)",,,,
pid,Person number within the household,int8,,0,77761,76670,81778,37319,71947,70424,71849,102562,100852,2017: pid % 100; 2018: pid % 100; 2019: (pkey // 100) % 100; 2020: pid % 100; 2021: pid % 100; 2022: pid % 100; 2023: pid % 100; 2024: pid % 100; 2025: row order within household-interview (no pid shipped),,,,
sex,"Sex (1 male, 2 female)",int8,"1=Male, 2=Female",2,77761,76670,81778,70172,71947,70424,71849,102562,100852,2017: a01; 2018: a01; 2019: a01; 2020: a01; 2021: a01; 2022: a01; 2023: a01; 2024: a01; 2025: a01,,,,
age,Age in years,int8,"98=Don't Know, 99=Missing",2,77761,76670,81778,70172,71947,70424,71849,102562,100852,2017: a04; 2018: a04; 2019: a04; 2020: a04; 2021: a04; 2022: a04; 2023: a04; 2024: a04; 2025: a04,,,,
wt,Annual person weight (sums to population),double,,0,77761,76670,81778,70172,71947,70424,71849,102562,100852,2017: weight2; 2018: weight2; 2019: weight; 2020: weight2; 2021: weight2; 2022: weight2; 2023: weight2; 2024: weight2; 2025: weight2,,,,
wt_round,Round weight (where released),double,,0,77761,76670,0,70172,71947,0,0,0,0,2017: weight; 2018: weight; 2019: not shipped; 2020: weight; 2021: weight; 2022: not shipped; 2023: not shipped; 2024: not shipped; 2025: not shipped,,,,
psu_no,Primary Sampling Unit,int16,,0,77761,76670,0,70172,71947,70424,71849,102562,100852,,,,2017: PSU NUMBER; 2018: PSU NUMBER; 2020: PSU NUMBER; 2021: PSU NUMBER; 2022: Primary Sampling Unit-quarterly; 2023: Primary Sampling Unit-quarterly,
phase,Data collection round,int8,"1=February_2018, 2=August_2018",2,77761,76670,0,0,0,0,0,0,0,,,,,"{""1"": [""February_2017"", ""February_2018""], ""2"": [""August_2017"", ""August_2018""]}"
samehh,The same Household Visited last time?,int8,"1=Yes, 2=No",2,77761,76670,0,0,0,0,0,0,0,,,,,
hhrg,Rotation Group,int8,,0,77761,76670,0,0,71947,0,0,0,0,,,,,
ryear,Year,int16,,0,77761,0,0,0,0,0,0,0,0,,,,,
a02,Relationship,int8,"1=Household Head, 2=Spouse (Wife/Husband), 3=Child (Son/daughter), 4=Adopted/Foster/step child, 5=Parent(Father/Mother), 6=Parent-in-law …",16,77761,76670,81778,70172,71947,70424,71849,102562,100852,,,,,"{""1"": [""Head"", ""Household Head""], ""5"": [""Grandchild"", ""Parent(Father/Mother)""], ""6"": [""Parent-in-law"", ""Parent/Parent-in-law""], ""7"": [""Brother or Sister-In law"", ""Brother or Sister/In law""], ""8"": [""Brother or Sister"", ""Son/Daughter-in-law""], ""9"": [""Grand child"", ""Other relative""], ""10"": [""Domestic helper"", ""Son/Daughter in law""], ""11"": [""Non-relative"", ""Other relative""]}"
a03m,Date of birth Month,int8,98=Don't Know,1,77761,76670,0,0,0,70424,71849,102562,100852,,,,,
a03y,date of birth year,int16,9998=Don't Know,1,77761,76670,0,0,0,70424,71849,102562,100852,,,,,
a05,Present marital status,int8,"1=Married monogamously, 2=Married polygamous, 3=Living together, 4=Divorced, 5=Separated, 6=Single …",7,53099,52785,56595,0,50203,49360,50019,71109,70548,,,,,
a06,"Do you have difficulty seeing, even if wearing glasses?",int8,"1=No-no difficulty, 2=Yes-some difficulty, 3=Yes- a lot of difficulty, 4=can not do at all",4,67077,20202,70728,0,62877,61806,62700,89747,88722,,,,,
a07,"Do you have difficulty hearing, even if using a hearing aid?",int8,"1=No-no difficulty, 2=Yes-some difficulty, 3=Yes- a lot of difficulty, 4=can not do at all",4,67077,20256,70728,0,62877,61806,62700,89747,88722,,,,,
a08,Do you have difficulty walking or climbing steps?,int8,"1=No-no difficulty, 2=Yes-some difficulty, 3=Yes- a lot of difficulty, 4=can not do at all",4,67077,20204,70728,0,62877,61806,62700,89747,88722,,,,,
a09,Do you have difficulty remembering or concentrating?,int8,"1=No-no difficulty, 2=Yes-some difficulty, 3=Yes- a lot of difficulty, 4=can not do at all",4,67077,20264,70728,0,62877,61806,62700,89747,88722,,,,,
a10,Do you have difficulty (with self-care such as) washing all over or dressing?,int8,"1=No-no difficulty, 2=Yes-some difficulty, 3=Yes- a lot of difficulty, 4=can not do at all",4,67077,20313,70728,0,62877,61806,62700,89747,88722,,,,,
a11,"Using your usual language, do you have difficulty communicating, mple understand",int8,"1=No-no difficulty, 2=Yes-some difficulty, 3=Yes- a lot of difficulty, 4=can not do at all",4,67077,20306,70728,0,62877,61806,62700,89747,88722,,,,,
a12,What is nationality?,int8,"1=Rwanda, 2=Burundi, 3=Congo-Kinshasa  DRC, 4=Kenya, 5=Tanzania, 6=Uganda …",9,77761,76670,81778,0,71947,70424,71849,102562,100852,,,,,"{""7"": ["" Rest of Africa"", ""South Sudan""], ""8"": [""Other country"", ""Rest of Africa""]}"
a13,Residential Status in Rwanda,int8,"1=Permanent Resident, 2=Temporary Resident",2,77761,76670,81778,0,71947,70424,71849,102562,100852,,,,,"{""2"": [""Temporary Resident"", ""TemporaryResident""]}"
a14a,Country/Area of birth,int8,"1=Rwanda, 2=Burundi, 3=Congo-Kinshasa  DRC, 4=Kenya, 5=Tanzania, 6=Uganda …",9,77761,76670,81778,0,71947,70424,71849,102562,100852,,,,,"{""7"": [""Rest of Africa"", ""South Sudan""], ""8"": [""Other country"", ""Rest of Africa""]}"
a14b,District of birth,int16,"11=Nyarugenge, 12=Gasabo, 13=Kicukiro, 21=Nyanza, 22=Gisagara, 23=Nyaruguru …",30,74211,73373,78652,0,69816,68712,70059,100065,98598,,,,,
a18,Kind of place he/she lived in prior to arriving here?,int8,"1=Capital City, 2=District City, 3=Country Side, 4=Other (Specify), 9=Missing",5,24322,25004,26920,0,20897,18924,20706,0,0,,,,,
a19,How long did he/she live in the previous location prior to arriving here?,int8,,0,24322,25004,26920,0,20897,18924,20706,29713,30747,,,,,
a20,Reason  for moving to the current location,int8,"1=Parents moved, 2=To live with relatives, 3=To attend school, 4=Marriage, 5=Family quarrel, 6=Divorce …",14,24322,25004,26920,0,20897,18924,20706,29713,30747,,,,2017: Reason to move away from previous location; 2018: Reason to move away from previous location; 2019: Reason to move away from previous location; 2021: Reason to move away from previous location; 2022: Reason to move away from previous location; 2023: Reason to move away from previous location; 2024: Reason to move away from previous location,"{""14"": [""Other"", ""Other(specify)"", ""other(specify)""], ""7"": [""Found job"", ""New job""], ""13"": [""Coming back in country"", ""Coming back in country/ building/ Renting"", ""Coming back in country/building/Renting""]}"
a21,Has he/she been away from home in this last 12 months?,int8,"1=Yes, 2=No",2,77761,76670,81778,0,71947,70424,71849,0,0,,,,,
a22,Months during the past 12 months has he/she been away from this HH,int8,,0,7004,6725,5988,0,2506,2656,2915,0,0,,,,,
a23,"While absent, is/was he/she a member of another household?",int8,"1=Yes, 2=No, 9=Missing",3,3573,3441,3019,0,1095,1230,1266,0,0,,,,,
a24,Is he/she household member?,int8,"1=Yes, 2=No, 9=Missing",3,77761,76670,81778,0,71947,70424,71849,0,0,,,,,
a25,Is (NAME) currently studying or working?,int8,"1=Studying only, 2=Studying and working, 3=Working only, 4= Not studying, nor working",4,17969,0,6971,0,0,0,0,0,0,,,,,
a26,What type of work does (NAME) do?,int8,"1=Work for pay, 2=Work without pay in non-agriculture family/ household enterprise, 3=Work without pay in family farm or fishing, 4=Self-employed, 5=Other specify",5,96,0,120,0,0,0,0,0,0,,,,,
a27,How many days per week did [NAME] usually work in these activities?,int8,,0,90,0,119,0,0,0,0,0,0,,,,,
a28,How many hours per day did [NAME] usually work in these activities?,int8,,0,91,0,120,0,0,0,0,0,0,,,,,
a29,"In the last 7 days, how many hours did [NAME] spend collecting firewood for the",int8,,0,17969,0,6971,0,0,0,0,0,0,,,,,
a30,"In the last 7 days, how many hours did [NAME] spend fetching water for the house",int8,,0,17969,0,6971,0,0,0,0,0,0,,,,,
a31,"In the last 7 days, how many hours did [NAME] spend searching for  fodder or gra",int8,,0,17969,0,6971,0,0,0,0,0,0,,,,,
a32,"In the last 7 days, how many hours did [NAME] spend constructing your dwelling,",int8,,0,17969,0,6971,0,0,0,0,0,0,,,,"2017: In the last 7 days ,how many hours did[NAME]spend manifactur",
a33,"In the last 7 days, how many hours did [NAME] spend doing household chores inclu",int8,,0,17969,0,6971,0,0,0,0,0,0,,,,"2017: In the last 7 days, how many hours did [NAME] spend construc",
a34,"In the last 7 days, how many  hours did [NAME] spend looking after children and",int8,,0,17969,0,6971,0,0,0,0,0,0,,,,"2017: In the last 7 days, how many hours did [NAME] spend doing ho",
a35,"In the last 7 days, how many  hours did [NAME] spend looking after children and",int8,,0,17969,0,0,0,0,0,0,0,0,,,,,
b01,IS [NAME] a student(Is he /she attending school or would be attending one if sch,int8,"1=Yes, 2=No, 9=Missing",3,49108,48931,52550,0,46562,45780,46701,66303,65721,,,,2017: IS [NAME] currently studying?; 2018: IS [NAME] currently studying?; 2019: IS [NAME] currently studying?; 2022: IS [NAME] currently studying?; 2023: IS [NAME] currently studying?; 2024: IS [NAME] currently studying?,
b02a,What is the Highest educational level is/ have [NAME] attending / attended?,int8,"1=None, 2=Pre-primary, 3=Primary education, 4=Lower secondary education, 5=Upper secondary education, 6=Tertiary education",6,49108,48931,52550,0,46562,45780,46701,66303,65721,,,,,
b02b,How many years have you completed in that level of education?,int16,,0,49108,48931,52550,0,46562,45780,46701,66303,65721,,,,,
b03,Highest certificate obtained,int8,"1=A3, 2=D4, 3=D5, 4=A2/D6/D7, 5=A1, 6=A0 …",10,10038,10468,11539,0,9373,8998,8889,0,0,,,,,
b04,The place of  the highest qualification attained,int8,"1=Rwanda Public school, 2=Rwanda Private school, 3=Rwanda Parastal School, 4=Burundi, 5=Congo-Kinshasa  DRC, 6=Kenya …",13,7401,7772,8545,0,0,0,0,0,0,,,,,
b05b,ESCED code,int16,"170=General Education, 810=Simple and fuctional literacy, numeracy, 910=behavioural capacities, 920=Life orientation programmes, 930=Mental skills, 940=personal organizational capacities …",316,10038,0,38720,0,9377,0,0,0,0,,,,,
b06,Ability to read and write,int8,"1=Yes, 2=No, 9=Missing",3,32815,32029,34076,0,29902,29679,30406,0,0,,,,,
b07,Currently attending any trade or technical Skills school,int8,"1=Yes, 2=No, 9=Missing",3,49108,48937,52549,0,46562,45780,46698,66303,65721,,,,,
b08,Did you learn any Trade or Technical vocational course (TVET)?,int8,"1=Yes, 2=No, 9=Missing",3,47982,47799,51032,0,45244,44588,45430,64464,63723,,,,,
b09,How long will/did this Training take?,int8,"1=Less than One month, 2=1- 2 months, 3=3-6 Months, 4=One Year, 5=Two Years, 6=Three years or more",6,7465,8111,9147,0,7688,7136,7456,11547,13443,,,,,"{""2"": [""1- 2 months"", ""1-3 months""]}"
b10,Type of technical skills learned?,int8,"1=Masonry, 2=Carpentry, 3=Automotive technology., 4=Culinary arts, 5=Domestic Electricity, 6=Welding …",50,7465,8110,9147,0,7688,7136,7456,11547,13443,,,,,"{""47"": [""Chollegraphy"", ""Other"", ""other (Specify)""], ""22"": [""22. Civil construction"", ""Ubwubatsi buhanitse/Cival Engeeniering""]}"
b11,Where did (NAME) acquire these skills,int8,"1=Vocational School Course, 2=Apprenticeship or on job Training, 3=Learned from a friend or Family, 4=NGO, 5=Community organization, 6=Other (Specify)",6,7465,8111,9147,0,0,0,0,0,0,,,,,"{""1"": [""Vocational School Course"", ""Vocational School Course/IPRC""]}"
b12,Who was the main sponsor for this course?,int8,"1=Government, 2=Employer, 3=Self-financing, 4=Private institutions/agencies/persons, 5=Non-profit organization/charity, 6=International organization …",8,7465,8111,9147,0,0,0,0,0,0,,,,,"{""3"": [""Self-financing"", ""Self-financing/Parents""]}"
b13,Did [NAME] complete the course?,int8,"1=Yes,with certificate, 2=Yes without certificate, 3=Yes with degree/Diploma, 4=No, 9=Missing",5,7465,8111,9147,0,7687,7136,7456,11547,13443,,,,,"{""3"": [""No"", ""Yes with degree/Diploma""]}"
b13a,In which year did (Name) complete this course?,int16,"9998=Do not know, 9999=Missing",2,4651,5093,5272,0,4237,4000,4382,0,0,,,,,
b14,What happened after you completed the course?,int8,"1= Nothing, 2= I was able to get a job, 3= My salary increased, 4= I was promoted at work, 5= My job skills have improved, 6= I got internship/traineeship with a company …",8,4651,4876,5272,0,4237,4000,4382,6441,7540,,,,,"{""2"": ["" I was able to get a job"", ""Starting own business""], ""3"": ["" My salary increased"", ""I was able to get a job""], ""4"": ["" I was promoted at work"", ""My salary increased""], ""5"": ["" My job skills have improved"", ""I was promoted at work""], ""6"": ["" I got internship/traineeship with a company"", ""My job skills have improved""], ""7"": ["" Starting own business"", ""Got internship/traineeship with a company""], ""8"": ["" Other specify_________________"", ""Other (specify)""]}"
b15,At what level could you use of computer?,int8,"1=Very well, 2=Well, 3=Less, 4=Don't know",4,49108,48937,52548,0,46562,0,0,0,0,,"2017,2018,2019,2021",b15_v2 (2025–2025),,
b16a,At what level could (Name) speak English,int8,"1=Very well, 2=Well, 3=Less, 4=Don't know, 9=Missing",5,49108,48937,52548,0,46562,0,0,0,0,,,,,"{""1"": [""Good"", ""Very good"", ""Very well""], ""2"": [""Fair"", ""Good"", ""Well""], ""3"": [""Don't Know"", ""Fair"", ""Less""]}"
b16b,At what level could (Name) speak French,int8,"1=Very well, 2=Well, 3=Less, 4=Don't know, 9=Missing",5,49108,48937,52548,0,46562,0,0,0,0,,,,,"{""1"": [""Good"", ""Very good"", ""Very well""], ""2"": [""Fair"", ""Good"", ""Well""], ""3"": [""Don't Know"", ""Fair"", ""Less""]}"
b16c,At what level could (Name) speak Swahili,int8,"1=Very well, 2=Well, 3=Less, 4=Don't know, 9=Missing",5,49108,48937,52548,0,46562,0,0,0,0,,,,,"{""1"": [""Good"", ""Very good"", ""Very well""], ""2"": [""Fair"", ""Good"", ""Well""], ""3"": [""Don't Know"", ""Fair"", ""Less""]}"
c01,"During the last 7 days,did he/she do any work for wage, salary, commission, tips",int8,"1=Yes, 2=No, 9=Missing",3,49108,48937,52550,0,46562,45773,46701,66303,65721,,,,,
c02,"During the past 7 days, did (NAME) run or do any kind of business activity other",int8,"1=Yes, 2=No, 9=Missing",3,33102,32110,33690,0,30421,28893,28679,41658,41397,,,,"2017: During the past 7 days, did (NAME) run or do any kind of bus; 2018: During the past 7 days, did (NAME) run or do any kind of bus; 2019: During the past 7 days, did (NAME) run or do any kind of bus; 2021: During the past 7 days, did (NAME) run or do any kind of bus; 2022: During the past 7 days, did (NAME) run or do any kind of bus; 2023: During the past 7 days, did (NAME) run or do any kind of bus; 2024: During the past 7 days, did (NAME) run or do any kind of bus",
c03,"During the past 7 days, did (NAME) help unpaid in a business owned by a househol",int8,"1=Yes, 2=No, 9=Missing",3,25209,24497,26904,0,25671,23547,22657,34510,32981,,,,,
c04,"Was this work in agriculture, farming or fishing?",int8,"1=Yes, 2=No, 3=Don't Know, 9=Missing",4,8686,8400,7634,0,5460,5979,6849,0,0,,,,,
c05,"In general, are the products obtained from this activity for sale or for family",int8,"1=Only for sale/barter, 2=Mainly for sale/barter, 3=Mainly for family use, 4=Only for family use, 9=Missing",5,4944,4933,4460,0,3509,3973,4014,4606,14337,,,,,
c06,"During the last 7 days, did (NAME) have a paid job or a business from which he/s",int8,"1=Yes, 2=No, 9=Missing",3,28288,27466,29418,0,27833,26046,24842,33370,31754,,,,,
c07,What was the main reason (NAME) was absent from work during the last 7 days?,int8,"1=Sick leave due to own illness or injury, 2=Public holidays, vacation or annual leave, 3=Maternity or paternity leave as specified by legislation, 4=Parental leave, 5=Educational leave, 6=Care for others and other personal absences …",16,773,679,520,0,565,265,457,768,831,,,,,"{""10"": [""Disorganization or suspension of work (e.g. due to bad weather, mechanical, elec"", ""Disorganization or suspension of work (e.g. due to bad weather, mechanical, electrical or communication breakdown,""], ""11"": [""Business / Gov't closed due to coronavirus legal restrictions"", ""Other Specify""]}"
c08,What is the expected total absence from work for (NAME)?,int8,"1=Less than 3 months, 2=3 months or more, 3=Not sure to return to work, 4=After movement restriction, 5=After recovering from covid-19",5,355,291,191,0,345,97,162,304,360,,,,,
c09,Does (NAME) continue receiving an income from his/her job during absence?,int8,"1=Yes, 2=No, 9=Missing",3,119,69,70,0,114,38,61,75,69,,,,,
c10,Did [NAME] have any other paid job or business or performed any secondary activi,int8,"1=Yes, 2=No, 9=Missing",3,21394,22033,23550,0,19142,19947,22214,33594,34712,,,,,
c11a,How many hours does [NAME] usually work per week?Main job/activity,double,,0,21394,22033,23550,0,19142,19947,22214,33594,34712,,,,,
c11b,How many hours does [NAME] usually work per week?Secondary job/activity,int8,,0,599,510,529,0,229,246,374,1048,1552,,,,,
c12a,"During the past 7 days, how many days did (NAME) actually work in Main job/activ",int8,,0,21394,22033,23550,0,19142,19947,22214,33594,34712,,,,"2017: During the past 7 days, how many days did (NAME) actually wo; 2018: During the past 7 days, how many days did (NAME) actually wo; 2019: During the past 7 days, how many days did (NAME) actually wo; 2021: During the past 7 days, how many days did (NAME) actually wo; 2022: During the past 7 days, how many days did (NAME) actually wo; 2023: During the past 7 days, how many days did (NAME) actually wo; 2024: During the past 7 days, how many days did (NAME) actually wo",
c12b,"During the past 7 days, how many days did (NAME) actually work in all Secondary",int8,,0,599,510,529,0,229,246,374,1048,1552,,,,"2017: During the past 7 days, how many days did (NAME) actually wo; 2018: During the past 7 days, how many days did (NAME) actually wo; 2019: During the past 7 days, how many days did (NAME) actually wo; 2021: During the past 7 days, how many days did (NAME) actually wo; 2022: During the past 7 days, how many days did (NAME) actually wo; 2023: During the past 7 days, how many days did (NAME) actually wo; 2024: During the past 7 days, how many days did (NAME) actually wo",
c13a,"During the past 7 days, how many hours per day did (NAME) actually worked in Mai",int16,,0,21394,22033,23550,0,19142,19947,22214,33594,34712,,,,"2017: During the past 7 days, how many hours per day did (NAME) ac; 2018: During the past 7 days, how many hours per day did (NAME) ac; 2019: During the past 7 days, how many hours per day did (NAME) ac; 2021: During the past 7 days, how many hours per day did (NAME) ac; 2022: During the past 7 days, how many hours per day did (NAME) ac; 2023: During the past 7 days, how many hours per day did (NAME) ac; 2024: During the past 7 days, how many hours per day did (NAME) ac",
c13b,"During the past 7 days, how many hours per day did (NAME) actually worked in all",int8,,0,599,510,529,0,229,246,374,1048,1552,,,,"2017: During the past 7 days, how many hours per day did (NAME) ac; 2018: During the past 7 days, how many hours per day did (NAME) ac; 2019: During the past 7 days, how many hours per day did (NAME) ac; 2021: During the past 7 days, how many hours per day did (NAME) ac; 2022: During the past 7 days, how many hours per day did (NAME) ac; 2023: During the past 7 days, how many hours per day did (NAME) ac; 2024: During the past 7 days, how many hours per day did (NAME) ac",
c14,How many hours did [NAME) usually worked at all jobs combined?,int8,"1=Less than 35 hrs, 2=35 hrs - 48hrs, 3=49 hrs or more",3,21394,22033,23550,0,19142,19947,22214,33594,34712,,,,2017: How many hours did [NAME) usually worked at all jobs combine; 2019: How many hours did [NAME) usually worked at all jobs combine; 2022: How many hours did [NAME) usually worked at all jobs combine; 2023: How many hours did [NAME) usually worked at all jobs combine; 2024: How many hours did [NAME) usually worked at all jobs combine,
c15,What was the main reason (NAME) usually worked long hours per week?,int8,"1=Nature of work, 2=To earn more money, 3=Lack of employees, 4=Meet deadlines, 5=Other specify",5,6660,7300,7163,0,4295,4251,5159,6585,6973,,,,,
c16,"During the last 4 weeks, did (NAME) look for additional or other work?",int8,"1=Yes, 2=No, 9=Missing",3,7286,7304,7456,0,6837,7169,7849,13925,15489,,,,,
c17,Would want to work more hours per week than usualy worked provided the extra hou,int8,"1=Yes, 2=No, 9=Missing",3,5188,5270,5347,0,4125,3686,4751,9678,11802,,,,,
c18,"If an opportunity for additional work became available, could (NAME) start worki",int8,"1=Yes, 2=No, 9=Missing",3,5843,5621,5682,0,5494,5849,6197,11167,12928,,,,,
c19,"During the last 4 weeks, did [NAME] look for any kind of paid job or try to star",int8,"1=Yes, 2=No, 9=Missing",3,27714,26904,29000,0,27420,25826,24487,32709,31009,,,,,
c20,Has [NAME] already found a job or arranged to start a business in the next 4 wee,int8,"1=Yes, 2=No, 9=Missing",3,23114,22737,24749,0,22316,20577,20063,26800,26009,,,,,
c21a_v2,[2017-2019 version] what did [NAME] do  in the last 4 weeks to find a paid job o,int8,"0=N/A, 1=Arranging for financial ressources,applying for permits,licences, 2=Looking for land,premises,machinery,supplies,farming inputs, 3=Seeking the assistance of friends,relatives or other types of intermediaries, 4=Registering with or contacting public or private employment services, 5=Applying to employers directly,checking at worksites,farms,factory gates,markets …",10,2283,0,940,0,0,0,0,0,0,,"2017,2019","c21a (2018–2021), c21a_v3 (2024–2024)",,
c21b_v2,[2017-2019 version] What did [NAME] do in the last 4 weeks to find a paid job or,int8,"0=N/A, 1=Arranging for financial ressources,applying for permits,licences, 2=Looking for land,premises,machinery,supplies,farming inputs, 3=Seeking the assistance of friends,relatives or other types of intermediaries, 4=Registering with or contacting public or private employment services, 5=Applying to employers directly,checking at worksites,farms,factory gates,markets …",10,1063,0,940,0,0,0,0,0,0,,"2017,2019","c21b (2018–2021), c21b_v3 (2024–2024)",,
c21c_v2,[2017-2019 version] What did [NAME] do in the last 4 weeks to find a paid job or,int8,"0=N/A, 1=Arranging for financial ressources,applying for permits,licences, 2=Looking for land,premises,machinery,supplies,farming inputs, 3=Seeking the assistance of friends,relatives or other types of intermediaries, 4=Registering with or contacting public or private employment services, 5=Applying to employers directly,checking at worksites,farms,factory gates,markets …",10,300,0,940,0,0,0,0,0,0,,"2017,2019","c21c (2018–2021), c21c_v3 (2024–2024)",,
c21d_v2,[2017-2019 version] What did [NAME] do in the last 4 weeks to find a paid job or,int8,"0=N/A, 1=Arranging for financial ressources,applying for permits,licences, 2=Looking for land,premises,machinery,supplies,farming inputs, 3=Seeking the assistance of friends,relatives or other types of intermediaries, 4=Registering with or contacting public or private employment services, 5=Applying to employers directly,checking at worksites,farms,factory gates,markets …",10,67,0,940,0,0,0,0,0,0,,"2017,2019",c21d (2018–2024),,
c22,For how long has [NAME] been without work and trying to find a paid job or start,int16,"1=Less than 1month, 2=1-less than 3 months, 3=3-less than 6 months, 4=6-less than 12 months, 5=1-less than 2 years, 6=2 years or more",6,4524,4131,4233,0,5090,5231,4407,5853,4963,,,,,
c23,Would [NAME] want to work if a  paid job or business opportunity became availabl,int8,"1=Yes, 2=No, 9=Missing",3,22920,22482,24538,0,22121,20485,19899,26711,25880,,,,,
c24,What was the main reason (NAME) did not try to find a paid job or start a busine,int8,"1=Own illness, 2=Disability, 3=Studies, 4=Pregnancy, 5=Presence of small children/Elders/sick people, 6=Refusal by family …",17,10062,9138,10680,0,8243,7270,7425,11278,12378,,,,,"{""5"": [""Presence of small children"", ""Presence of small children/Elders/sick people"", ""Presence of small children/adult(Family responsability""], ""14"": [""Other specify"", ""Unable to move due to movements  restrictions  because of Covid-19/own or family quarantine""]}"
c25,"If a paid job or business opportunity become available, could [NAME] have starte",int8,"1=Yes, 2=No, 9=Missing",3,14856,13560,15202,0,13570,12610,11984,17275,17507,,,,,
c26,What is the mean reason why (NAME) could not  start working in the last 7 days o,int8,"1=In Study, training, 2=Maternity leave, child care, 3=Injury, illness,Disability, 4=Family member(s) consider that (NAME) should stay home, 5=In Agriculture/fishing for Family use, 6=Retired or Pensioner …",7,925,950,957,0,844,873,791,1414,1744,,,,,"{""5"": [""In Agriculture/fishing for Family use"", ""Other"", ""Other(specify)""], ""3"": [""Injury, illness"", ""Injury, illness,Disability""], ""6"": [""Retired or Pensioner"", ""Self or quarantine because of covid-19""], ""7"": [""Movements restrictions due to covid-19"", ""Other(specify)""]}"
indd01, ISCO High level,int8,"1=Managers, 2= Professionals, 3=Technicians_and_associate_professionals, 4=Clerical_support_workers, 5=Service_and_sales_workers, 6=Skilled_agricultural,_forestry_and_fishery workers …",9,21394,21836,23351,0,19142,19947,22214,33594,34712,,,,,"{""3"": [""Technicians and associate professionals"", ""Technicians_and_associate_professionals""], ""4"": [""Clerical support workers"", ""Clerical_support_workers""], ""5"": [""Service and sales workers"", ""Service_and_sales_workers""], ""6"": [""Skilled agricultural, forestry and fishery workers"", ""Skilled_agricultural,_forestry_and_fishery workers""], ""7"": ["" Craft and related trades workers"", "" Craft_and_related_trades_workers""], ""8"": [""Plant and machine operators and assemblers"", ""Plant_and_machine_operators_and_assemblers""], ""9"": ["" Elementary occupations"", "" Elementary_occupations""]}"
isco2d,Isco_2digits_mainjob,int8,"1=Commissioned armed forces officers, 2=Non-commissioned armed forces officers, 3=Armed forces occupations, other ranks, 11=Chief executives, senior officials and legislators, 12=Administrative and commercial managers, 13=Production and specialised services managers …",43,21394,22033,0,0,0,0,0,0,0,,,,,
d02,What do you think could be the minimum level of education to carry out the job (,int8,"1=None, 2=Pre-primary education, 3=Primary education, 4= Vocational training, 5= Lower secondary education, 6= Upper secondary education …",7,21394,22033,23550,0,0,0,0,0,0,,,,,"{""4"": [""\u00a0Vocational training"", ""\u00c2\u00a0Vocational training""], ""5"": [""\u00a0Lower secondary education"", ""\u00c2\u00a0Lower secondary education""]}"
indd03, ISIC High level,int8,"1=Agriculture_forestry_and_fishing, 2=Mining_and_quarrying, 3=Manufacturing, 4=Electricity_gas_stream_and_air_conditioning_supply, 5=Water_supply,_gas_and_remediation_services, 6=Construction …",21,21394,22033,23351,20440,19142,19947,22214,33594,34712,,,,,"{""20"": [""Activities of house13holds as employers"", ""Activities_of_house13holds_as_employers"", ""Ativities of house13holds as employers"", ""activities of households as employers""], ""1"": [""Agriculture forestry and fishing"", ""Agriculture_forestry_and_fishing"", ""agriculture forestry and fishing""], ""2"": [""Mining and quarrying"", ""Mining_and_quarrying"", ""mining and quarrying""], ""4"": [""Electricity gas stream and air conditioning supply"", ""Electricity_gas_stream_and_air_conditioning_supply"", ""electricity gas stream and air conditioning supply""], ""5"": [""Water supply, gas and remediation services"", ""Water_supply,_gas_and_remediation_services"", ""water supply, gas and remediation services""], ""7"": [""Whole sale and retail trade; repair of motor vehicles and motorcycles"", ""Whole_sale_and_retail_trade;_repair_of_motor_vehicles_and_motorcycles"", ""whole sale and retail trade; repair of motor vehicles and motorcycles""], ""8"": [""Transportationa and storage"", ""Transportationa_and_storage"", ""transportationa and storage""], ""9"": [""Accommodation and food services activities"", ""Accommodation_and_food_services_activities"", ""accommodation and food service activities""], ""10"": [""Information and communication"", ""Information_and_communication"", ""information and communication""], ""11"": [""Financial and insurance activities"", ""Financial_and_insurance_activities"", ""financial and insurance activities""], ""12"": [""Real estate activities"", ""Real_estate_activities"", ""real estate activities""], ""13"": [""Professional, scientific and technical activities"", ""Professional,_scientific_and_technical_activities"", ""professional, scientific and technical activities""], ""14"": [""Administrative and support activities"", ""Administrative_and_support_activities"", ""administrative and support activities""], ""15"": [""Public administration and defense; compulsory social security"", ""Public_administration_and_defense;_compulsory_social_security"", ""public administration and defense; compulsory social security""], ""17"": [""Human health and social work activities"", ""Human_health_and_social_work_activities"", ""human health and social work activities""], ""18"": [""Arts, entertainment and recreation"", ""Arts,_entertainment_and_recreation"", ""arts, entertainment and recreation""], ""19"": [""Other services"", ""Other_services"", ""other services""], ""21"": [""Activities of extraterritorial organizations and bodies"", ""Activities_of_extraterritorial_organizations_and_bodies"", ""activities of extraterritorial organizations and bodies""]}"
isic2d,Isic_2digits_mainjob,int8,"1=Crop and animal production, hunting and related service activities, 2=Forestry and logging, 3= Fishing and aquaculture, 5=Mining of coal and lignite, 6=Extraction of crude petroleum and natural gas, 7=Mining of metal ores …",89,21394,22033,0,0,0,0,0,0,0,,,,,
d04,Does (Name) work in....,int8,"1=Public  institution/enterprise, 2=Mixed public and private enterprise, 3=Private, 4=International NGO/International organisation, 5=Local NGO/Religious organisation, 6=Cooperative …",9,21394,22045,23550,0,19142,19947,22214,33594,34712,,,,,"{""3"": [""Private"", ""Private/VUP""], ""8"": [""Other"", ""Others(Specify)"", ""VUP/Community based jobs""]}"
d05,"In this job, is  [NAME] working as??",int8,"1=Employee, 2=Paid apprentice/Intern, 3=Employer (with regular employees), 4=Own account worker( without regular employees), 5=Member of cooperative, 6=Contributing family worker …",7,21394,22033,23550,20440,19142,19947,22214,33166,0,,"2017,2018,2019,2020,2021,2022,2023,2024",d05_v2 (2025–2025),,
d06,(Do/does)(You/Name) have a written contract or oral agreement for the work (You/,int8,"1=Yes,Written contract, 2=Yes,Oral agreement",2,14880,15154,15877,0,13731,14022,14714,22170,22465,,,,2017: Have [NAME] been employed on the basis of:; 2018: Have [NAME] been employed on the basis of:; 2019: Have [NAME] been employed on the basis of:; 2021: Have [NAME] been employed on the basis of:; 2022: Have [NAME] been employed on the basis of:; 2023: Have [NAME] been employed on the basis of:; 2024: Have [NAME] been employed on the basis of:,"{""1"": [""Written contract"", ""Yes,Written contract""], ""2"": [""Oral agreement"", ""Yes,Oral agreement""]}"
d07,Is [NAME]'s contract or agreement :,int8,"1=Permanent (without a known limited duration), 2=Temporary  with a specific period of time, 3=Valid until date a task is completed, 4=Ongoing,until further notice",4,14880,15153,15877,0,13731,14022,14714,22170,22465,,,,,"{""2"": [""Temporary  with a specific period of time"", ""Temporary contract:""]}"
d08,The duration of the contract or agreement?,int8,"1=Daily contract/Agreement, 2=Less than one month, 3=One to less than 3 months, 4=3 to less than 6 months, 5=6 to less than 12 months, 6=12 to less than 24 months …",7,9880,9764,9740,0,10440,10520,10382,16481,16027,,,,,"{""1"": [""Daily contract/Agreement"", ""Day""], ""2"": [""Less than one month"", ""Week""], ""3"": [""Month"", ""One to less than 3 months""], ""4"": [""3 to less than 6 months"", ""Less than one year""], ""5"": [""6 to less than 12 months"", ""One year or more""], ""6"": [""12 to less than 24 months"", ""Permenant""]}"
d09a,Does employer pay contributions on [NAME]?s behalf to social security fund(RSSB),int8,"1=Yes, 2=No, 3=Don't Know",3,14880,15153,15877,0,13731,14022,14714,22170,22465,,,,2017: Does employer pay contributions on [NAME]?s behalf to social; 2018: Does employer pay contributions on [NAME]?s behalf to social; 2019: Does employer pay contributions on [NAME]?s behalf to social; 2021: Does employer pay contributions on [NAME]?s behalf to social; 2022: Does employer pay contributions on [NAME]?s behalf to social; 2023: Does employer pay contributions on [NAME]?s behalf to social; 2024: Does employer pay contributions on [NAME]?s behalf to social,
d09b,Does employer pay contributions on [NAME]?s behalf to health insurance fund,int8,"1=Yes, 2=No, 3=Don't Know",3,14880,15153,15877,0,13731,14022,14714,0,0,,,,,
d10a,Is (Name) entitled to paid annual leave benefits from employer?,int8,"1=Yes, 2=No, 3=Don't Know",3,14880,15153,15877,0,13731,14022,14714,22170,22465,,,,2017: Benefits paid for annual leave; 2018: Benefits paid for annual leave; 2019: Benefits paid for annual leave; 2021: Benefits paid for annual leave; 2022: Benefits paid for annual leave; 2023: Benefits paid for annual leave; 2024: Benefits paid for annual leave,
d10b,Is (name) entitled to paid sick leave benefits from employer?,int8,"1=Yes, 2=No, 3=Don't Know",3,14880,15153,15877,0,13731,14022,14714,22170,22465,,,,2017: Benefits  paid for sick leave; 2018: Benefits  paid for sick leave; 2019: Benefits  paid for sick leave; 2021: Benefits  paid for sick leave; 2022: Benefits  paid for sick leave; 2023: Benefits  paid for sick leave; 2024: Benefits  paid for sick leave,
d10c,Is (name) entitled to maternity/paternity leave?,int8,"1=Yes, 2=No, 3=Don't Know",3,14880,15153,15877,0,13731,14022,14714,22170,22465,,,,2017: Benefits  paid for maternity/paternity leave; 2018: Benefits  paid for maternity/paternity leave; 2019: Benefits  paid for maternity/paternity leave; 2021: Benefits  paid for maternity/paternity leave; 2022: Benefits  paid for maternity/paternity leave; 2023: Benefits  paid for maternity/paternity leave; 2024: Benefits  paid for maternity/paternity leave,
d10d,Is (Name)'s salary subjected to deduction of taxe (PAYE),int8,"1=Yes, 2= No, 3=Don't Know, 9=Missing",4,14880,15153,15877,0,13731,14022,14714,22170,22465,,,,,
d11,Does [NAME] belong to any trade union or syndicate,int8,"1=Yes, 2=No, 3=Don't Know",3,14880,15153,15877,0,13731,14022,14714,0,0,,,,,
d12,"How much did he/she  earn at main job last time in cash and in kind, before taxe",int8,"1=Amount(Rwf), 2=Refusal, 3=Don't Know, 4=Not paid because of covid-19",4,14880,0,0,0,13731,14022,14714,22170,0,,,,,
d12a,Amount in Rwandan francs,int32,,0,13624,0,0,0,12844,13154,13728,0,0,,,,,
d13,How long did it cover?,int8,"1=Month, 2=Two weeks, 3=One week, 4=One day, 5=Other(specify)",5,13624,0,0,0,12843,13154,13728,0,0,,,,,"{""5"": [""One year"", ""Other(specify)""]}"
d14,"Does [NAME] receive in-kind payments in main job such as food, agricultural prod",int8,"1=Yes, 2=No",2,13624,0,0,0,12854,13154,13730,0,0,,,,,
d15,What is the value of these in-kind payments?,int8,"1=Amount in Rwf, 2=Refusal, 3=Don't Know",3,650,0,0,0,319,201,311,0,0,,,,,
d15a,Amount in Rwandan francs,int32,,0,603,0,0,0,305,189,281,0,0,,,,,
d16,What period did it cover?,int8,"1=Month, 2=Two weeks, 3=One week, 4=One day, 5=Other(specify)",5,603,0,0,0,305,189,281,0,0,,,,,"{""5"": [""Other(specify)"", ""Year""]}"
d17,"Taking into account both cash and in kind payments,Would you say the monthly amo",int8,"1=Less thanÂ 20,000 RWF, 2=20,000 ? 29,999 RWF, 3=30,000 ? 49,999 RWF, 4=50,000 ? 99,999 RWF, 5=100,000 RWF and above, 6=Refusal …",7,1291,0,0,0,877,869,1004,0,0,,,,,"{""1"": [""Less than\u00a020,000 RWF"", ""Less than\u00c2\u00a020,000 RWF""]}"
d18a_v2,[2017-2017 version] What is the net monthly earnings of (NAME) from his/her busi,int8,"1=Enter Amount, 2=Refusal, 3=Don't Know",3,5680,0,0,0,0,0,0,0,0,,2017,d18a (2025–2025),,
d18a1,What is the net monthly earnings of (NAME) from his/her business Activity?(Amoun,int32,,0,4136,0,0,0,0,0,0,0,0,,,,,
d18b,What is the net monthly earnings of (NAME) from his/her business or activity?,int8,"1=Less thanÂ 20,000 RWF, 2=20,000 ? 29,999 RWF, 3=30,000 ? 49,999 RWF, 4=50,000 ? 99,999 RWF, 5=100,000 RWF and above, 6=Refusal …",7,1544,0,0,0,0,0,0,0,0,,,,,
d19,"Was this below average, above average, or average of monthly earnings during las",int8,"1=Below average, 2=Average, 3=Above average",3,5463,0,0,0,0,0,0,0,0,,,,,
d20,Is the business/establishment where [NAME] works registered with the RRA or  pay,int8,"1=Yes, 2=No, 3=Don't Know",3,21394,22033,23550,0,19142,19947,22214,33594,34712,,,,,
d21,"In order to report to an authority, does the business/establishment where (NAME)",int8,"1=Yes, 2=No, 3=Don't Know",3,21394,22033,23550,0,19142,19947,22214,33594,34712,,,,,
d22a,"How many regular paid or unpaid employees including [NAME], work at [NAME]'s  pl",int8,,0,21394,22033,23550,0,0,0,0,0,0,,,,,
d22b,"How many regular paid or unpaid employees including [NAME], work at [NAME]'s  pl",int8,"1=10 -30 workes, 2=31-50 workers, 3=51-100 workers, 4=101 workers or more",4,4865,5190,5915,0,0,0,0,0,0,,,,,
d23,Where is the business where [NAME] work located?,int8,"1=At  my own home, 2=Structure attached to the home, 3=At the client/employer's home, 4=At an office, shop factory, or other fixed place of work, 5=Fixed stall in market, 6=Non-fixed stall/stand in market …",13,21394,22035,23550,0,19142,19947,22214,33594,34712,,,,2017: In what type of place does [NAME] usually work?; 2018: In what type of place does [NAME] usually work?; 2019: In what type of place does [NAME] usually work?; 2021: In what type of place does [NAME] usually work?; 2022: In what type of place does [NAME] usually work?; 2023: In what type of place does [NAME] usually work?; 2024: In what type of place does [NAME] usually work?,"{""1"": [""At  my own home"", ""At home""], ""7"": [""Street"", ""Street or another public space without a fixed structure""], ""8"": ["" Land, forest, sea, mining site."", ""Land, forest, mining site.""], ""11"": [""In/on a vehicle (without daily work base)"", ""Other (specify):""]}"
d24,How long have [NAME] been working (total experience)-Years?,int8,"1= Less than 3 months, 2=3-less than 6 months, 3=6-less than12 months, 4=1 year -Â Less than 2years, 5=2 years -Â Less than 5years, 6=5 years or  more",6,10926,0,0,0,0,0,0,33594,34712,,,,2017: How long have [NAME] been working (total experience)?; 2019: How long have [NAME] been working (total experience)?; 2020: How long have [NAME] been working (total experience)?; 2024: How long have [NAME] been working (total experience)?,"{""4"": [""1 year -\u00a0Less than 2years"", ""1 year -\u00c2\u00a0Less than 2years""], ""5"": [""2 years -\u00a0Less than 5years"", ""2 years -\u00c2\u00a0Less than 5years""]}"
d25,In day to day work does [NAME] need the computer to perform his/her duties?,int8,"1=Yes, 2=No",2,21394,22033,23550,0,0,0,0,0,0,,,,,
d26,Does (name) use computer in his/her day to day work?,int8,"1=Yes, 2=No",2,2621,2723,3001,0,0,0,0,0,0,,,,,
inde01, ISCO High level_secondary,int8,"1=Managers, 2= Professionals, 3=Technicians and associate professionals, 4=Clerical support workers, 5=Service and sales workers, 6=Skilled agricultural, forestry and fishery workers …",9,599,510,0,0,0,0,0,0,0,,,,,
isco2e,Isco_2digits_secondjob,int8,"1=Commissioned armed forces officers, 2=Non-commissioned armed forces officers, 3=Armed forces occupations, other ranks, 11=Chief executives, senior officials and legislators, 12=Administrative and commercial managers, 13=Production and specialised services managers …",43,599,510,0,0,0,0,0,0,0,,,,,
inde02, ISIC High level_secondary,int8,"1=agriculture forestry and fishing, 2=mining and quarrying, 3=manufacturing, 4=electricity gas stream and air conditioning supply, 5=water supply, gas and remediation services, 6=construction …",21,599,510,0,0,229,246,358,0,0,,,,,"{""20"": [""activities of house13holds as employers"", ""activities of households as employers""]}"
isic2e,Isic_2digits_secondjob,int8,"1=Crop and animal production, hunting and related service activities, 2=Forestry and logging, 3= Fishing and aquaculture, 5=Mining of coal and lignite, 6=Extraction of crude petroleum and natural gas, 7=Mining of metal ores …",89,599,510,0,0,0,0,0,0,0,,,,,
e03,"In his/her secondary job/activity, does (NAME) work in ??",int8,"1=Public  institution/enterprise, 2=Mixed public and private enterprise, 3=Private, 4=International NGO/International organisation, 5=Local NGO/Religious organisation, 6=Cooperative …",8,599,510,530,0,0,0,0,0,0,,,,,
e04,"In his/her secondary job/business, does (NAME) work as ??",int8,"1=Employee, 2=Paid apprentice/Intern, 3=Employer (with regular employees), 4=Own account worker(without regular employees), 5=Member of cooperative, 6=Contributing family worker …",7,599,510,530,0,0,0,0,0,0,,,,,
e05a,Does the employer pay contributions on (Name)'s behalf to social security fund?,int8,"1=Yes, 2=No, 3=Don't Know",3,244,228,209,0,0,0,0,0,0,,,,,
e05b,Does the employer pay contributions on (Name)'sbehalf  to health insurance?,int8,"1=Yes, 2=No, 3=DK",3,244,228,209,0,0,0,0,0,0,,,,,
e06a,Is (Name) paid annual leave,int8,"1=Yes, 2=No, 3=Don't Know",3,244,228,209,0,0,0,0,0,0,,,,,
e06b,Is (Name) paid sick leave.,int8,"1=Yes, 2=No, 3=Don't Know",3,244,228,209,0,0,0,0,0,0,,,,,
e06c,Is (NAME)Paid maternity/paternity leave?,int8,"1=Yes, 2=No, 3=Don't Know",3,244,228,209,0,0,0,0,0,0,,,,,
e07,Is the business/establishment where (Name) works for registered with the RRA or,int8,"1=Yes, 2=No, 3=Don't Know",3,562,491,507,0,0,0,0,0,0,,,,,
e08,Does [NAME]'s employer keep any written records or accounts?,int8,"1=Yes, 2=No, 3=Don't Know",3,562,491,507,0,0,0,0,0,0,,,,,
e09a,Including (Name) how many regular paid or unpaid employees(less than 10),int8,,0,562,491,506,0,0,0,0,0,0,,,,,
e09b,Including (Name) how many regular paid or unpaid employees(More than 10),int8,"1=10-30 workers, 2=31- 50 workers, 3=51-100 workers, 4=100 workers or more",4,69,50,61,0,0,0,0,0,0,,,,,
e10,In what type of place does (Name) usually work?,int8,"1=At home, 2=Structure attached to the home, 3=At the client/employer's home, 4=At an office, shop factory, or other fixed place of work, 5=Fixed stall in market, 6=Non-fixed stall/stand in market …",11,599,510,530,0,0,0,0,0,0,,,,,
e11,Apart from the main job:how many Job did(Name) had in the last 7 days?,int8,,0,599,510,529,0,229,246,358,0,0,,,,,
e12,How much did (Name) earn from other jobs or activities had last week in cash?,int8,"1=Enter Amount FRW, 2=Refusal, 3=Don't Know, 4=No Earnings ,contributing family worker",4,599,0,0,0,229,246,358,0,0,,,,,
e12b,Amount in Rwandan francs,int32,,0,514,0,0,0,211,214,299,0,0,,,,,
e13,How long did it cover?,int8,"1=Month, 2=Two weeks, 3=One week, 4=one day, 5=Year",5,513,0,0,0,211,214,298,0,0,,,,,
indf03, ISCO High level_past,int8,"1=Managers, 2= Professionals, 3=Technicians and associate professionals, 4=Clerical support workers, 5=Service and sales workers, 6=Skilled agricultural, forestry and fishery workers …",9,10241,10356,0,0,0,0,0,0,0,,,,,
isco2f,Isco_2digits_pastjob,int8,"1=Commissioned armed forces officers, 2=Non-commissioned armed forces officers, 3=Armed forces occupations, other ranks, 11=Chief executives, senior officials and legislators, 12=Administrative and commercial managers, 13=Production and specialised services managers …",43,10241,10356,0,0,0,0,0,0,0,,,,,
indf04, ISIC High level_past,int16,"1=agriculture forestry and fishing, 2=mining and quarrying, 3=manufacturing, 4=electricity gas stream and air conditioning supply, 5=water supply, gas and remediation services, 6=construction …",22,10277,10354,0,0,0,0,0,0,0,,,,,
isic2f,Isic_2digits_pastjob,int16,"1=Crop and animal production, hunting and related service activities, 2=Forestry and logging, 3= Fishing and aquaculture, 5=Mining of coal and lignite, 6=Extraction of crude petroleum and natural gas, 7=Mining of metal ores …",89,10277,10357,0,0,0,0,0,0,0,,,,,
f01,"Has [NAME]ever worked previously for a wage, salary or for other income in cash",int8,"1=Yes, 2=No",2,27725,26903,29000,0,24187,23087,24487,0,0,,,,,
f02,The main reason to stop working in his/her last paid job / business?,int8,"1=Dismissal or staff reduction., 2=Breakup of the enterprise, bankruptcy, 3=Place of work closed down, 4=Retirement, 5=Illness, injury or disability, 6=Beginning of studies or preparing for studies …",15,10241,10357,11998,0,9593,8773,8968,14871,15303,,,,,"{""12"": [""Other(specify)"", ""Physical/ social harassment""]}"
f05,What is (Name) main source of income at present?,int8,"1=Parents, 2=Husband/Wife, 3= Child, 4=Other family members, 5=Pension, 6=Own production …",14,27724,26903,29001,0,27430,25827,24445,32711,31009,,,,,
f06,"In your opinion, which of the following best describes your main status at prese",int8,"1=Unemployed, 2=Performing a job such as unpaid work in a family  business or apprenticeship or, 3=Pupil, student, post graduate, 4=Retirement or early retirement or given up business activity, 5=Permanently unable to work due to longstanding  health problems, 6=Compulsory civic services …",9,27724,26903,0,0,0,0,0,0,0,,,,,"{""2"": [""Performing a job such as unpaid work in a family  business or apprenticeship or"", ""Performing a job such as unpaid work in a family  business or apprenticeship or Traineeship""], ""6"": [""Compulsory civic services"", ""In compulsory military or civilian service""], ""8"": [""Finish school,waiting for results"", ""Other status, specify""]}"
f07,What Competencies do you need to increase your employment opportunities?,int8,"1=Technical skills, 2=Soft Skills, 3=Industrial attachment (practical skills), 4=Other (Please specify), 5=None, 9=Not stated",6,10529,9730,21827,0,0,0,0,0,0,,,,,"{""4"": [""None"", ""Other (Please specify)""], ""5"": [""None"", ""Other (Please specify)""]}"
gid,Serian Number for Section G,int8,,0,39051,0,0,0,0,0,0,0,0,,,,,
g01,"In the last 7 days, how many  hours did [NAME] spend collecting firewood for the",int8,,0,47335,47073,50669,0,23242,37344,45581,23755,23805,,,,,
g02,"In the last 7 days, how many hours did [NAME] spend fetching water for the house",int8,,0,47334,47073,50655,0,26972,38480,45581,32156,31712,,,,,
g03,"In the last 7 days, how many hours did [NAME] spend searching for  fodder or gra",int8,,0,47334,47073,50656,0,19464,36308,45581,22104,24809,,,,,
g04,"In the last 7 days, how many hours did [NAME] spend manufacturing household good",int8,,0,47334,47073,50656,0,11502,33585,45581,1134,1434,,,,"2019: In the last 7 days, how many hours did [NAME] spend construc",
g05,"In the last 7 days, how many hours did [NAME] spend constructing your dwelling,",int8,,0,47334,47073,50656,0,11868,33718,45581,2624,3637,,,,"2019: In the last 7 days, how many hours did [NAME] spend manufact",
g06,"In the last 7 days, how many hours did [NAME] spend doing household chores inclu",int8,,0,47334,47073,50656,0,32504,40258,45581,41541,41382,,,,,
g07,"In the last 7 days, how many hours did [NAME] spend looking after children and e",int8,,0,47334,47073,50656,0,20877,36581,45581,22616,24155,,,,,
h01,During the last four weeks did he/she do any of the following  work mainly for o,int8,"1=Yes, 2=No",2,49121,48937,52550,0,46562,45773,46697,66303,65721,,,,,
h02,How many days per week has [NAME] usualy worked in these activities?,int8,,0,20223,19063,19306,0,14630,14430,14675,28181,29676,,,,2017: How many days per week did [NAME] usually worked in these ac; 2018: How many days per week did [NAME] usually worked in these ac; 2019: How many days per week did [NAME] usually worked in these ac; 2021: How many hours per week has [NAME]  worked in these activiti; 2022: How many days per week did [NAME] usually worked in these ac; 2023: How many days per week did [NAME] usually worked in these ac; 2024: How many days per week did [NAME] usually worked in these ac,
h03,How many hours per week does [NAME] usually work in these activities?,int8,,0,20201,19063,19306,0,14630,14430,14675,28181,29676,,,,2017: How many hours per day has [NAME] usually worked in these ac; 2018: How many hours per day has [NAME] usually worked in these ac; 2019: How many hours per day has [NAME] usually worked in these ac; 2022: How many hours per day has [NAME] usually worked in these ac; 2023: How many hours per day has [NAME] usually worked in these ac; 2024: How many hours per day has [NAME] usually worked in these ac,
h04,HAS DONE ANY AGRICULTURAL ACTIVITY ?,int8,"1=Yes, 2=No",2,39051,8936,5231,0,0,70416,17756,0,0,,,,2017: HAS DONE ANY AGRICULTURAL ACTIVITY ?; 2018: HAS DONE ANY AGRICULTURAL ACTIVITY ?; 2019: HAS DONE ANY AGRICULTURAL ACTIVITY ?,
h05,"In general, did the household sell or barter any part of the goods obtained from",int8,"1=No, never sell, 2=Sell excess from  time to time, 3=Yes, regularly",3,49166,47062,48098,0,37397,37448,37837,66990,68736,,,,,
h06,About how much does the household regularly sell?,int8,"1=Â¼ or less, 2=More than Â¼ but  less than half, 3=More than half (>50% )",3,1492,1744,1155,0,914,1318,1510,3118,3651,,,,,"{""1"": [""\u00bc or less"", ""\u00c2\u00bc or less"", ""\u00d1\u02dc or less""], ""2"": [""More than \u00bc but  less than half"", ""More than \u00c2\u00bc but  less than half"", ""More than \u00d1\u02dc but  less than half""]}"
h07,What was the net Value in Frw the household get from agricultural activities dur,int8,"1= 0- 9,999 RWF, 2=10,000 - 39,999, 3=40,000 - 89,999, 4=90,000 - 179,999, 5=180,000 - 239,999, 6=240,000 and above",6,49184,47062,48098,0,0,0,0,0,0,,,,,
h08,Was the previous season below/above average or an average season for your househ,int8,"1=Above average, 2=Average, 3=Below average",3,49169,47062,48098,0,0,0,0,0,0,,,,2017: Compared to  previous season Was the production  below/above; 2018: Compared to  previous season Was the production  below/above,
h09,Do you regularly or sometimes engage paid employee in the farming activity?,int8,"1=Yes regularly, 2=Yes sometimes, 3=No, never",3,49169,47062,48098,0,37560,37448,37837,66990,68736,,,,,
h10,"Excluding family members, how many paid employees do you usually  engage in thes",int8,"1=1 - 3 employees, 2=4 - 5 employees, 3=More than 5",3,15299,17016,16218,0,8799,9084,12522,20653,23160,,,,,
h11a,Did you get access to the land for the agricultural work by leasing (have land t,int8,"1=Yes, 2=No",2,49169,47062,48098,0,0,0,0,0,0,,,,,
h11b,Did you get access to the land for the agricultural work by Renting (share-cropp,int8,"1=Yes, 2=No",2,49169,47062,48098,0,0,0,0,0,0,,,,,
h11c,Did you get access to the land for the agricultural work by renting (fixed rent),int8,"1=Yes, 2=No",2,49169,47062,48098,0,0,0,0,0,0,,,,,
h11d,Did you get access to the land for the agricultural work by renting (free of cha,int8,"1=Yes, 2=No",2,49169,47062,48098,0,0,0,0,0,0,,,,,
h11e,Did you get access to the land for the agricultural work by communal rights/publ,int8,"1=Yes, 2=No",2,49169,47062,48098,0,0,0,0,0,0,,,,,
i01_a,Main material used in building this house for roof,int8,"1=Metal sheets/corrugated iron, 2=Tiles clay, 3=Concrete, 4=Plastic/plywood/impermanent material, 5=Other (specify), 6=Other (specify)",6,77761,0,19323,0,66445,70424,69747,0,0,,,,,"{""4"": [""Bamboo"", ""Plastic/plywood/impermanent material""], ""5"": [""Other (specify)"", ""Plastic/plywood/impermanent material""]}"
i01_b,Main material used in building this house for exterior walls,int8,"1=Mud bricks, 2=Mud bricks with cement (stucco), 3=Oven fire bricks, 4=Cement blocks, 5=Wooden planks, 6=Stones …",10,77761,0,19323,0,66443,70424,69747,0,0,,,,,"{""3"": [""Oven fire bricks"", ""Oven fire brics""], ""8"": [""Tree trunks with cement"", ""Tree trunks with mud and cement""]}"
i01_c,Main material used in building this house for floor,int8,"1=Beaten earth, 2=Dung hardened, 3=Wooden floor, 4=Clay tiles, 5=Cement/pavement, 6=Bricks …",7,77761,0,19323,0,66443,70416,69747,0,0,,,,,"{""5"": [""Cement"", ""Cement/pavement""]}"
i02,How many rooms in your household are used for sleeping?,int8,,0,77761,0,19323,0,66443,70424,69747,0,0,,,,,
i03,What type of toilet does your household have?,int8,"1=Flush toilet, 2=Pit Latrine with constructed floor slab, 3=Pit latrine without constructed, 4=floor slab, 5= No toilet (bush, channeled water,river, etc.), 6=Other (specify)",6,77761,0,19323,0,66443,70424,69747,0,0,,,,,"{""3"": [""Pit latrine without constructed"", ""Pit latrine without constructed floor slab""], ""4"": [""Pit latrine covered by concrete"", ""floor slab""]}"
i04,What is the main source of energy in your household for lighting?,int8,"1=Electricity, 2=Biogas, 3=Generator, 4=Oil lamp/Candle, 5=Firewood, 6=Telephone/Torche …",10,77761,0,19323,0,66445,70424,69747,0,0,,,,,
i05,What is the main source of energy in your household for cooking?,int8,"1=Firewood, 2=Charcoal, 3=Gas, 4=Biogas, 5=Solar power, 6=Electricity …",11,77761,0,19323,0,66443,70424,69747,0,0,,,,,
i06a,What is the main source of water in your household for drinking?,int8,"1=Piped Into Dwelling., 2=Piped To Yard/Plot, 3=Public Tap/Standpipe., 4=Tube Well Or Borehole, 5=Protected Well, 6=Unprotected Well …",13,77761,0,19323,0,66443,70424,69747,0,0,,,,,"{""11"": [""Bottled Water"", ""Surface Water (River/Lake/Pond/Stream/Irrigation Channel)""], ""12"": [""Bottled water"", ""Surface Water (River/Lake/Pond/Stream/Irrigation Channel)""]}"
i06b,What is the main source of water in your household for other uses?,int8,"1=Piped Into Dwelling., 2=Piped To Yard/Plot, 3=Public Tap/Standpipe., 4=Tube Well Or Borehole, 5=Protected Well, 6=Unprotected Well …",13,77761,0,19323,0,66445,70424,69747,0,0,,,,,"{""11"": [""Bottled Water"", ""Surface Water (River/Lake/Pond/Stream/Irrigation Channel)""], ""12"": [""Bottled Water"", ""Surface Water (River/Lake/Pond/Stream/Irrigation Channel)""]}"
i07a,Does this household own Refrigerator/Freezer?,int8,"1=Yes, 2=No",2,77761,0,19323,0,66443,70424,69747,0,0,,,,,
i07b,Does this household own radio?,int8,"1=Yes, 2=No",2,77761,0,19323,0,66445,70424,69747,0,0,,,,,
i07c,Does this household own TV set?,int8,"1=Yes, 2=No",2,77761,0,19323,0,66445,70424,69747,0,0,,,,,
i07d,Does this household own parabolic antena?,int8,"1=Yes, 2=No",2,77761,0,19323,0,66445,70424,69747,0,0,,,,,
i07e,Does this household own Video/DVD player?,int8,"1=Yes, 2=No",2,77761,0,19323,0,66445,70424,69747,0,0,,,,,
i07f,Does this household own Computer and accessories?,int8,"1=Yes, 2=No",2,77761,0,19323,0,66445,70424,69747,0,0,,,,,
i07g,Does this household own Music system?,int8,"1=Yes, 2=No",2,77761,0,19323,0,66445,70424,69747,0,0,,,,,
i07h,Does this household own Cooker?,int8,"1=Yes, 2=No",2,77761,0,19323,0,66445,70424,69747,0,0,,,,,
i07i,Does this household own Sewing machine?,int8,"1=Yes, 2=No",2,77761,0,19323,0,66445,70424,69747,0,0,,,,,
i07j,Does this household own Laundry machine?,int8,"1=Yes, 2=No",2,77761,0,19323,0,66445,70424,69747,0,0,,,,,
i07k,Does this household own Electric fan?,int8,"1=Yes, 2=No",2,77761,0,19323,0,66445,70424,69747,0,0,,,,,
i07l,Does this household own Camera?,int8,"1=Yes, 2=No",2,77761,0,19323,0,66445,70424,69747,0,0,,,,,
i07m,Does this household own Mobile phone?,int8,"1=Yes, 2=No",2,77761,0,19323,0,66443,70424,69747,0,0,,,,,
i07n,Does this household own Car ?,int8,"1=Yes, 2=No",2,77761,0,19323,0,66445,70424,69747,0,0,,,,,
i07o,Does this household own Bicycle  ?,int8,"1=Yes, 2=No",2,77761,0,19323,0,66445,70424,69747,0,0,,,,,
i07p,Does this household own Motorcycle  ?,int8,"1=Yes, 2=No",2,77761,0,81778,0,66442,70424,69747,0,0,,,,,
i07q,Does this household own internet connection ?,int8,"1=Yes, 2=No",2,77761,0,19323,0,66444,70424,69747,0,0,,,,,
indb05,Field of education,int8,"0=General education, 1=Education, 2=Humanity and art, 3=Social Science business and art, 4=Science, 5=engineering, manufacturing and construction …",11,10038,45349,35769,0,9377,45780,46701,66303,65721,,,,,
status1,Labour force status with 14+,int8,"1=Employed, 2=Unemployed, 3=out of labour force",3,45526,45297,48741,45039,46562,45780,46701,66303,65721,,,,2017: Labour force status with 16+; 2018: Labour force status with 16+; 2022: Labour force status with 16+; 2023: Labour force status with 16+; 2024: Labour force status with 16+,
wap16,Working age population,int8,,0,45526,45297,48741,42106,43053,42302,43418,61824,61342,,,,,
employed16,Employment to population ratio,int8,,0,45526,45297,48741,42106,43053,42302,43418,61824,61342,,,,,
ur1,Unemployment rate,int8,,0,25806,26121,27763,24827,24232,25046,26523,38950,39044,,,,,
lfpr,Labour force particiaption rate,int8,,0,45526,45297,48741,42106,43053,42302,43418,61824,61342,,,,,
sub,Subsistance foodstaff producers,int8,"1=Subsistance, 2=Not_subsistance",2,45526,45297,0,42106,43053,42302,43418,61824,61342,,,,2017: Subsistance_foodstaff_producers; 2018: Subsistance_foodstaff_producers; 2021: Dimunished Subsistance foodstaff producers; 2022: Dimunished Subsistance foodstaff producers; 2023: Dimunished Subsistance foodstaff producers; 2024: Dimunished Subsistance foodstaff producers,"{""2"": [""Not subsistance"", ""Not_subsistance""]}"
tru,Time related underemployment,int8,"0=Not time related underemployed, 1=Time related underemployed",2,21151,21836,23351,0,19030,19826,22061,33166,34181,,,,,
plf,Potential labour force,int8,"1= Unvailable jobseekers, 2=Available not jobseekers",2,9096,0,9590,8953,7375,6312,6607,9807,10645,,,,,
luu,Labour underutilization,int8,"1=Unemployed, 2=Time related underemployed, 3=Potential labour force",3,19382,17881,19493,0,17987,17329,17128,26455,27962,,,,2017: Labour underutilisation; 2018: Labour underutilisation; 2019: Labour underutilisation; 2021: Labour underutilisation; 2022: Labour underutilisation; 2023: Labour underutilisation; 2024: Labour underutilisation,
luur, Labour underulilation rate,int8,,0,35194,34257,37353,0,31766,31548,33327,49253,0,,,,2022: Labour underutilization rate; 2023: Labour underutilization rate,
ie,Formal and Informal employment for main job,int8,"1=Formal employment, 2=Informal employment, 3=Don't know",3,21151,0,0,0,0,0,0,0,0,,,,,
cash,Monthly income in cash for employees,double,,0,14685,14781,0,14780,0,13944,14601,22044,22395,,,,,
usualhrs,Usually working hours,int8,"1=1-24 hrs, 2=25-34 hrs, 3=35-40 hrs, 4=41-48 hrs, 5=49-61 hrs, 6=62-79 hrs …",7,21394,0,23351,20440,19142,19947,22214,33594,34712,,,,,
usual_h,Number of usual hours,double,,0,21394,0,23351,20440,19142,19947,22214,33594,34712,,,,,
act_hrs,Number of actual hours worked,int16,,0,20823,0,22868,20051,18699,19681,21773,32955,33983,,,,,
acthrs,Actual hours intervals,int8,"1=1-24 hrs, 2=25-34 hrs, 3=35-40 hrs, 4=41-48 hrs, 5=49-61 hrs, 6=62-79 hrs …",7,20823,0,22868,20051,18699,19681,21773,32955,33983,,,,,
prod_sec,Informal&Formal& household sector employment,int8,"1=Informal sector, 2=Formal sector, 3=household",3,21238,21836,0,0,0,0,0,0,0,,,,2017: Formal_Informal_HH,
pid_nisr,NISR person id as shipped (pid / pkey),double,,0,77761,76670,81778,37319,71947,70424,71849,102562,0,,,,,
b05a,Area of specialization,string,,0,77761,76670,81778,70172,71947,70424,71849,102562,100852,,,,,
c21a,"Arranging for financial ressources,applying for permits,licences",int8,"1=Yes, 2=No",2,0,40347,0,0,9819,0,0,0,0,,"2018,2021","c21a_v2 (2017–2019), c21a_v3 (2024–2024)",,
c21c,"Seeking the assistance of friends,relatives or other types of intermediaries",int8,"1=Yes, 2=No",2,0,40347,0,0,9819,0,0,0,0,,"2018,2021","c21c_v2 (2017–2019), c21c_v3 (2024–2024)",,
c21d,Register with Employment center(Public/private),int8,"1=Yes, 2=No",2,0,40347,0,0,9819,0,0,5909,0,,"2018,2021,2024",c21d_v2 (2017–2019),2018: Registering with or contacting public or private employment ; 2021: Registering with or contacting public or private employment ,
c21e,"Applying to employers directly,checking at worksites,farms,factory gates,markets",int8,"1=Yes, 2=No",2,0,40347,940,0,9819,0,0,0,0,,"2018,2019,2021",c21e_v2 (2024–2024),,
c21f,Placing or answering newspaper or online job advertisements,int8,"1=Yes, 2=No",2,0,40347,940,0,9819,0,0,0,0,,"2018,2019,2021",c21f_v2 (2024–2024),,
c21g,Placing and updating resumes on professional or social networking sites online,int8,"1=Yes, 2=No",2,0,40346,940,0,9819,0,0,0,0,,"2018,2019,2021",c21g_v2 (2024–2024),,
c21h,No method,int8,"1=Yes, 2=No",2,0,40346,940,0,27420,0,0,0,0,,"2018,2019,2021",c21h_v2 (2024–2024),,
c21l,Other,int8,"1=Yes, 2=No",2,0,40346,0,0,9819,0,0,0,0,,"2018,2021",c21l_v2 (2024–2024),,
c21b,"Looking for land,premises,machinery,supplies,farming inputs",int8,"1=Yes, 2=No",2,0,40347,0,0,9819,0,0,0,0,,"2018,2021","c21b_v2 (2017–2019), c21b_v3 (2024–2024)",,
d01b2,Main tasks and duties(ISCO CODE),int16,"110=Commissioned armed forces officers, 210=Non-commissioned armed forces officers, 310=Armed forces occupations, other ranks, 1111=Legislators, 1112=Senior government officials, 1113=Traditional chiefs and heads of village …",436,0,22033,23550,0,19145,0,0,0,0,,,,,
d27,Is a secondary paid job or business/activity reported,int8,"1=Yes, 2=No",2,0,22031,23547,0,1511,4752,5972,0,0,,,,2021: INTERVIEWER: Check on question C10 whether a secondary paid ,
e01b1,Main tasks and duties(ISCO CODE),int16,"110=Commissioned armed forces officers, 210=Non-commissioned armed forces officers, 310=Armed forces occupations, other ranks, 1111=Legislators, 1112=Senior government officials, 1113=Traditional chiefs and heads of village …",436,0,510,529,0,229,0,0,0,0,,,,,
e02,What is the name of (NAME)?s workplace at his/her secondary job/activity?,int8,"1=Workplace, 2=Domestic worker, 3=No name",3,0,510,0,0,0,0,0,0,0,,,,,
f04a,What was the name of (NAME)?s workplace at his/her job/activity?,int8,"1=Valid, 2=Domestic worker, 3=No name",3,0,10357,0,0,0,0,0,0,0,,,,,
jobsearch,Not employed with jobseach,int8,,0,0,76670,0,70172,0,0,0,0,0,,,,,
disable,person with disability,int8,,0,0,76670,48741,0,71947,70424,71849,89747,88722,,,,,
discourage,Discouraged jobseekers,int8,,0,0,5527,6923,0,4555,4095,4508,6384,6907,,,,,
willing,Willing non seeker and not available,int8,,0,0,797,0,0,0,798,700,1277,1558,,,,,
migrant,Recent migration,int8,"1=Internal migrant, 2=International migrant",2,0,11761,9862,0,8923,7641,9150,13856,13994,,,,,
iev2,Formal and Informal employment for main job,int8,"1=Formal employment, 2=Informal employment, 3=Don't know",3,0,21836,23351,0,19030,19826,22061,33166,34181,,,,,
lu2,LU2 - Combined rate of unemployment and time-related underemployment(%),int8,,0,0,26121,13930,0,0,25236,26720,39446,39655,,,,2018: Combined rate of TRU and unempoyment; 2019: Combined rate of TRU and unempoyment,
lu3,LU3 - Combined rate of unemployment and potential labour force(%),int8,,0,0,34257,18681,0,0,31358,33130,48757,49689,,,,2018: Combined rate of unemployment and potential labour force; 2019: Combined rate of unemployment and potential labour force,
trur,Time related underemployment rate(%),int8,,0,0,21836,11755,0,0,19826,22061,33166,34181,,,,2018: Time related underumployment; 2019: Time related underumployment,
work_agr,work in agriculture,int8,"1=Market oriented agriculture_mainjob, 2=Subsistance agriculture, 3=Employed not agri_ andinvolved in sub agr, 4=Market oriented agriculture_secondjob",4,0,20772,21137,0,0,0,0,0,0,,,,,
pkey,identifier,double,,0,0,0,81778,0,0,0,0,0,0,,,,,
a15,Has usual place of residence  always been in this district?,int8,"1=Yes, 2=No",2,0,0,81778,0,0,70424,71849,102562,0,,"2019,2022,2023,2024",a15_v2 (2021–2025),,
a16y,The period of usual place of residence( last move)-Years,int8,,0,0,0,26920,0,20897,18924,20706,29713,30747,,,,,
a17a,In which country(Name) live in prior to arrive here?,int8,"1=Rwanda, 2=Burundi, 3=Congo-Kinshasa  DRC, 4=Kenya, 5=Tanzania, 6=Uganda …",9,0,0,26920,0,20897,18924,20706,29713,30747,,,,2019: District or foreign country did he/she live.; 2021: District or foreign country did he/she live.; 2022: District or foreign country did he/she live.; 2023: District or foreign country did he/she live.; 2024: District or foreign country did he/she live.,"{""7"": [""Rest of Africa"", ""South Sudan""], ""8"": [""Other country"", ""Rest of Africa""]}"
a17b,District code,int8,"11=Nyarugenge, 12=Gasabo, 13=Kicukiro, 21=Nyanza, 22=Gisagara, 23=Nyaruguru …",30,0,0,23686,0,18346,17054,18872,26497,27250,,,,,
b05c,ESCED name,string,,0,77761,76670,81778,70172,71947,70424,71849,102562,100852,,,,,
c09a,"Among the following categories, which correspond to the (NAME)'s situation",int8,"1=Professional agricultural, 2=Subsistence agricultural, 3=Helping without pay in agriculture",3,0,0,1098,0,643,848,1001,1780,2200,,,,,
c21,what did [NAME] do  in the last 4 weeks to find a paid job or start a business?,string,,0,77761,76670,81778,70172,71947,70424,71849,102562,100852,,,,,
d03a,Does the place or business where(you/name) work's have a name?,int8,"1=Name of workplace, 2=Domestic worker, 3=No name",3,0,0,23550,0,19142,19947,22214,33595,34712,,,,2019: What is the name of (NAME)?s workplace?; 2021: What is the name of (NAME)?s workplace?; 2022: What is the name of (NAME)?s workplace?; 2023: What is the name of (NAME)?s workplace?; 2024: What is the name of (NAME)?s workplace?,"{""1"": [""Name of workplace"", ""Valid name""], ""2"": [""Domestic worker"", ""Domestic works""]}"
d03a1,The workplace name,string,,0,77761,76670,81778,70172,71947,70424,71849,102562,100852,,,,,
d03b,What are the main goods or services produced at (NAME)?s place of work or its ma,string,,0,77761,76670,81778,70172,71947,70424,71849,102562,100852,,,,,
d03b1,Main goods and services(ISIC code),int16,"111=Growing of cereals (except rice), leguminous crops and oil seeds, 112=Growing of rice, 113=Growing of vegetables and melons, roots and tubers, 114=Growing of sugar cane, 115=Growing of tobacco, 116=Growing of fibre crops …",420,0,0,23550,20440,19142,0,0,0,0,,,,2020: ISIC code,
d24a,How long have [NAME] been working (total experience)-Years?,int8,,0,0,0,23550,0,19142,19947,22214,0,0,,,,,
e02b1,Main goods or services(ISIC CODE),int16,"111=Growing of cereals (except rice), leguminous crops and oil seeds, 112=Growing of rice, 113=Growing of vegetables and melons, roots and tubers, 114=Growing of sugar cane, 115=Growing of tobacco, 116=Growing of fibre crops …",420,0,0,529,0,229,0,0,0,0,,,,,
f03b,What were (NAME)?s main tasks and duties?,string,,0,77761,76670,81778,70172,71947,70424,71849,102562,100852,,,,,
f03b1,Main tasks and duties(ISCO CODE),int16,"110=Commissioned armed forces officers, 210=Non-commissioned armed forces officers, 310=Armed forces occupations, other ranks, 1111=Legislators, 1112=Senior government officials, 1113=Traditional chiefs and heads of village …",436,0,0,11997,0,10020,0,0,0,0,,,,,
f04b,What were the main goods or services produced at (NAME)?s workplace  in his/her,string,,0,77761,76670,81778,70172,71947,70424,71849,102562,100852,,,,,
f04b1,Main goods and services(ISIC CODE),int16,"111=Growing of cereals (except rice), leguminous crops and oil seeds, 112=Growing of rice, 113=Growing of vegetables and melons, roots and tubers, 114=Growing of sugar cane, 115=Growing of tobacco, 116=Growing of fibre crops …",420,0,0,11998,0,10019,0,0,0,0,,,,,
i08,How many of this household members used internet in the last 12 months?,int8,,0,0,0,81778,0,0,0,0,0,0,,,,,
i09,How many of this household members having mobile phone?,int8,,0,0,0,81778,0,0,0,0,0,0,,,,,
i10,How many of this household members having personal computer?,int8,,0,0,0,19323,0,0,0,0,0,0,,,,,
i11,How many of this household members using social media,int8,,0,0,0,19323,0,0,0,0,0,0,,,,,
i12,How many of this household members aged 10 and above who used a computer in the,int8,,0,0,0,19323,0,0,0,0,0,0,,,,,
i13,How many of this household members aged 10 and above who know to use at least on,int8,,0,0,0,19323,0,0,0,0,0,0,,,,,
neetyoung,NEET 16-30,int8,,0,0,0,22809,0,19604,18841,18981,27213,26290,,,,,
prod_unit,Production sector unit,int8,"1=Informal Sector, 2=Formal sector, 3=Household",3,0,0,23351,0,19044,19850,22108,33242,34258,,,,,
indb1,Years of schooling,int8,,0,0,0,48708,0,46531,45761,46640,66284,65707,,,,,
attained,Level of education completed,int8,"1=None, 2=Primary, 3=Lower secondary, 4=Upper secondary, 5=University",5,0,0,48739,45294,46554,45780,46701,66303,65721,,,,,"{""3"": [""Lower secondary"", ""Lower_secondary""], ""4"": [""Upper secondary"", ""Upper_secondary""]}"
age5,Five years age group,int8,"1=0-4 yrs, 2=5-9 yrs, 3=10-14 yrs, 4=15-19 yrs, 5=20-24 yrs, 6=25-29 yrs …",16,0,0,48741,70172,71947,70424,71849,102562,100852,,,,,
age10,Broader age group,int8,"1=16-24_yrs, 2=25-34_yrs, 3=35-54_yrs, 4=55-64_yrs, 5=65+_yrs",5,0,0,48741,42106,43053,42302,43418,61824,61342,,,,,"{""1"": [""16-24 yrs"", ""16-24_yrs""], ""2"": [""25-34 yrs"", ""25-34_yrs""], ""3"": [""35-54 yrs"", ""35-54_yrs""], ""4"": [""55-64 yrs"", ""55-64_yrs""], ""5"": [""65+ yrs"", ""65+_yrs""]}"
tvt2,General or TVET attainemnt,int8,"1=No level completed, 2=Completed general, 3=Completed TVET",3,0,0,48741,0,46562,45780,46701,66303,65721,,,,,
ud,Unemployment duration,int16,"1=Less than 3 months, 2=Less than 6 months, 3=Less than 12 months, 4=1 year to less than 2 years, 5=2 years and above",5,0,0,4061,0,5090,5228,4338,5722,4792,,,,,
lfs_workforce,LFS_workforce,int8,"1=Work out of agriculture, 2= Work in agriculture(sub or MO)",2,0,0,34489,0,0,0,0,0,0,,,,,
youth,Youth 16 to 24 years old,int8,,0,0,0,0,12685,0,12762,12811,18766,18284,,,,,
young,Young 16 to 30 years old,int8,,0,0,0,0,19817,0,18841,18981,27213,26290,,,,,
main_sect,Economic sector,int8,"1=Agriculture, 2=Industry, 3=Services",3,0,0,0,20440,19142,19947,22214,33594,34712,,,,,
ya,Young/adult,int8,"1=Youth(16-30 yrs), 2=Adult(31+ yrs)",2,0,0,0,42106,43053,42302,43418,61824,61342,,,,,"{""1"": [""16-30"", ""Youth(16-30 yrs)""], ""2"": [""31+"", ""Adult(31+ yrs)""]}"
usualhrsc,Hours worked by child_interval,string,,0,77761,76670,81778,70172,71947,70424,71849,102562,100852,,,,,
usualhc,Hours worked by children,string,,0,77761,76670,81778,70172,71947,70424,71849,102562,100852,,,,,
lfs_round,LFS_rounds,int8,"0=AUG16, 1=FEB17, 2=FEB17, 3=AUG17, 4=FEB18, 5=AUG18 …",18,0,0,0,70172,71947,0,0,0,0,,,,,"{""2"": [""AUG17"", ""FEB17""], ""3"": [""AUG17"", ""FEB18""], ""4"": [""AUG18"", ""FEB18""], ""5"": [""AUG18"", ""FEB19""], ""6"": [""FEB19"", ""MAY19""], ""7"": [""AUG19"", ""MAY19""], ""8"": [""AUG19"", ""NOV19""], ""9"": [""FEB20"", ""NOV19""], ""10"": [""FEB20"", ""MAY20""], ""11"": [""AUG20"", ""MAY20""], ""12"": [""AUG20"", ""NOV20""]}"
tvt,Attended TVT or not,int8,"0=Not attended, 1=Attended TVT",2,0,0,0,32961,0,45780,46701,66303,65721,,,,,
a0a,"Does anyone has difficulty seeing, even if wearing glasses in the HH?",string,,0,77761,76670,81778,70172,71947,70424,71849,102562,100852,,,,,
a0b,"Does anyone has difficulty hearing, even if using a hearing aid?",string,,0,77761,76670,81778,70172,71947,70424,71849,102562,100852,,,,,
a0c,Does anyone has difficulty walking or climbing steps?,string,,0,77761,76670,81778,70172,71947,70424,71849,102562,100852,,,,,
a0d,Does anyone has difficulty remembering or concentrating?,string,,0,77761,76670,81778,70172,71947,70424,71849,102562,100852,,,,,
a1a,Does anyone has difficulty (with self-care such as) washing all over or dressing,string,,0,77761,76670,81778,70172,71947,70424,71849,102562,100852,,,,,
a1b,"Using your usual language, does anyone has difficulty communicating, mple unders",string,,0,77761,76670,81778,70172,71947,70424,71849,102562,100852,,,,,
lfs_year,LFS data collection year,int16,,0,0,0,0,70172,71947,70424,71849,102562,100852,,,,,
psu_id,Primary Sampling Unit,int32,,0,0,0,0,0,71947,0,0,0,0,,,,,
qh_no,QUESTIONNAIRE  NUMBER,int8,,0,0,0,0,0,71947,70424,71849,102562,100852,,,,,
hhgap,Number of Group Appearance,int8,,0,0,0,0,0,71878,0,0,0,0,,,,,
hhgac,Number of Group Acceptance,int8,,0,0,0,0,0,71868,0,0,0,0,,,,,
consent,Consent,int8,"1=Yes, 2=No",2,0,0,0,0,71947,0,0,0,0,,,,,
decode,Data entry code,int16,,0,0,0,0,0,71947,0,0,0,0,,,,,
sihh,Still in the Household,int8,"1=Yes, 2=No, Moved out or dead",2,0,0,0,0,71947,0,0,0,0,,,,,
more_person,More person,int8,"1=Yes, 2=No",2,0,0,0,0,71947,0,0,0,0,,,,,
a15_v2,[2021-2025 version] Did he/she lived outside this district for at least 6 consec,int8,"1=Yes, 2=No",2,0,0,0,0,71947,0,0,0,100852,,"2021,2025",a15 (2019–2024),2021: Since birth Has  ived in another district for 6 consecutive ; 2025: Did he/she lived outside this district for at least 6 consec,
b17,Is [Name] able to apply any of the following ICT skills (Choose all applicable s,string,,0,77761,76670,81778,70172,71947,70424,71849,102562,100852,,,,,
b17_a,Is [Name] able to apply  Copying or moving file or folder,int8,"1=Yes, 2=No",2,0,0,0,0,9086,0,0,0,0,,,,,
b17_b,Is [Name] able to apply Using copy and paste to duplicate or move document,int8,"1=Yes, 2=No",2,0,0,0,0,9086,0,0,0,0,,,,,
b17_c,Is [Name] able to apply Sending email with attached files,int8,"1=Yes, 2=No",2,0,0,0,0,9086,0,0,0,0,,,,,
b17_d,Is [Name] able to apply Using basic arithmetic formulae in a spreadsheet,int8,"1=Yes, 2=No",2,0,0,0,0,9086,0,0,0,0,,,,,
b17_e,"Is [Name] able to apply Connecting and installing new devices (E.g. Modem, print",int8,"1=Yes, 2=No",2,0,0,0,0,9086,0,0,0,0,,,,,
b17_f,Is [Name] able to apply Transferring files between a computer and other devices,int8,"1=Yes, 2=No",2,0,0,0,0,9086,0,0,0,0,,,,,
b17_g,Is [Name] able to apply (NONE),int8,"1=Yes, 2=No",2,0,0,0,0,9086,0,0,0,0,,,,,
b18,"Has [Name] in last three months used any social media (facebook, whatsapp, tweet",int8,"1=Yes, 2=No, 3=Don't Know",3,0,0,0,0,46562,45773,46701,0,0,,,,,
b19,Has [Name] in the last three months used intenet? (for individual use not for of,int8,"1=Yes, 2=No, 3=Don't Know",3,0,0,0,0,46562,45773,46701,0,0,,,,,
d28,"In the past 12 months, has (NAME)  ever been hurt in an accident while working t",int8,"1=Yes, 2=No",2,0,0,0,0,13766,0,0,0,0,,,,,
d29,"Did this injury result in (NAME)  being absent or unable to work, for at least o",int8,"1=Yes, 2=No",2,0,0,0,0,309,0,0,0,0,,,,,
d30a,How long(NAME)  were  away from work (or are likely to be) because of the injury,int8,"1=Days, 2=Weeks, 3=Months, 4=Years",4,0,0,0,0,249,0,0,0,0,,,,,
d30b,How long(NAME)  were  away from work (or are likely to be) because of the injury,int8,,0,0,0,0,0,248,0,0,0,0,,,,,
d31,Did (NAME)  report the injury to the management?,int8,"1=Yes, 2=No, 3=Don't know",3,0,0,0,0,248,0,0,0,0,,,,,
d32,Did you receive any financial compensation for the injury?,int8,"1=Yes, 2=No, 3=Don't know",3,0,0,0,0,248,0,0,0,0,,,,,
g01a,"In the last 7 days,  did [NAME] spend time collecting firewood for the household",int8,"1=Yes, 2=No",2,0,0,0,0,45561,44796,45581,65137,64509,,,,,
g02a,"In the last 7 days, Did [Name] spent time on fetching water for the household?",int8,"1=Yes, 2=No",2,0,0,0,0,45561,44796,45581,65137,64509,,,,,
g03a,"In the last 7 days, Did [Name] spent time on grazing or feeding hiusehold animal",int8,"1=Yes, 2=No",2,0,0,0,0,45561,44796,45581,65137,64509,,,,,
g04a,"In the last 7 days, Did [Name] spent time on manufacturing of goods for family u",int8,"1=Yes, 2=No",2,0,0,0,0,45561,44796,45581,65137,64509,,,,,
g05a,"In the last 7 days, Did [Name] spent time on construction of own building?",int8,"1=Yes, 2=No",2,0,0,0,0,45561,44796,45581,65137,64509,,,,,
g06a,"In the last 7 days, Did [Name] spent time on doing household chores?",int8,"1=Yes, 2=No",2,0,0,0,0,45561,44796,45581,65137,64509,,,,,
g07a,"In the last 7 days, Did [Name] tooktime to look under children or adults",int8,"1=Yes, 2=No",2,0,0,0,0,45561,44796,45581,65137,64509,,,,,
h00,How would you describe your main situation on labour market at present?,int8,"1=Working for pay or profit, 2=Unemployed, 3=Studying, in training, 4=Household, family responsibilities, 5=Farming or fishing mainly for household or family consumption, 6=Long-term illness, injury or disability …",9,0,0,0,0,46556,45773,46697,0,0,,,,,
is,Informal&Formal sector employment,int8,"1=Informal sector, 2=Formal sector",2,0,0,0,0,17996,0,0,0,0,,,,,
quintile,quintiles,int8,"1=Quintile1, 2=Quintile2, 3=Quintile3, 4=Quintile4, 5=Quintile5",5,0,0,0,0,13640,0,0,0,0,,,,,
hr_cshmain,Hourly wage of employees in main job,double,,0,0,0,0,0,13640,13944,14601,22044,0,,,,,
hr_cash,Hourly wage of employees,double,,0,0,0,0,0,13640,13944,14601,22044,0,,,,,
pop,Total population,int8,,0,0,0,0,0,71947,0,0,0,0,,,,,
sm,Search methods,int8,"1= Arranging for financial resources, applying for permits, licenses, 2=Looking for land, premises, machinery, supplies, farming inputs, 3=Seeking the assistance of friends, relatives or other types of intermediaries, 4= Registering with or contacting public or private employment services, 5=Applying to employers directly,checking at worksites,farms,factory gates,markets, 6=Placing or answering newspaper or online job advertisements …",8,0,0,0,0,4851,4946,4169,0,0,,,,,"{""4"": [""\u00a0Registering with or contacting public or private employment services"", ""\u00c2\u00a0Registering with or contacting public or private employment services""], ""7"": [""\u00a0Placing or updating resumes on professional or social networking"", ""\u00c2\u00a0Placing or updating resumes on professional or social networking""]}"
hhid_nisr,NISR household id as shipped (HHID),double,,0,0,0,0,0,71947,70424,71849,102562,100852,,,,,
c21_a,"Arranging for financial ressources,applying for permits,licences",int8,,0,0,0,0,0,0,5289,4506,0,0,,,,,
c21_b,"Looking for land,premises,machinery,supplies,farming inputs",int8,,0,0,0,0,0,0,5289,4506,0,0,,,,,
c21_c,"Seeking the assistance of friends,relatives or other types of intermediaries",int8,,0,0,0,0,0,0,5289,4506,0,0,,,,,
c21_d,Registering with or contacting public or private employment services,int8,,0,0,0,0,0,0,5289,4506,0,0,,,,,
c21_e,"Applying to employers directly,checking at worksites,farms,factory gates,markets",int8,,0,0,0,0,0,0,5289,4506,0,0,,,,,
c21_f,Placing or answering newspaper or online job advertisements,int8,,0,0,0,0,0,0,5289,4506,0,0,,,,,
c21_g,Placing and updating resumes on professional or social networking sites online,int8,,0,0,0,0,0,0,5289,4506,0,0,,,,,
c21_h,No method,int8,,0,0,0,0,0,0,5289,4506,0,0,,,,,
c21_l,"Other, specify",int8,,0,0,0,0,0,0,5289,4506,0,0,,,,,
neetyouth,NEET 16-24,int8,,0,0,0,0,0,0,12762,12811,18766,18284,,,,,
youngs,Young status,int8,"1=In education or training, 2=In employment, 3=In both employment and education or training, 4=Not in employment nor in education/training (NEET)",4,0,0,0,0,0,18841,18981,27213,26290,,,,,
intcash,Cash Income interval for employees,int8,"1=Less than 30,000 RFW, 2=30,000-49,999 RWF, 3=50,000-79,999 RWF, 4=80,000 - 99,999 FRW, 5=100,000-199,999RWF, 6=200,000-399,999RWF …",10,0,0,0,0,0,14022,14714,22199,22071,,,,2022: Income interval; 2023: Income interval; 2024: Income interval,"{""1"": [""Less than 20000 RFW"", ""Less than 30,000 RFW""], ""2"": [""20000-29999 RWF"", ""30,000-49,999 RWF""], ""3"": [""30000-49999 RWF"", ""50,000-79,999 RWF""], ""4"": [""50000 - 99999 FRW"", ""80,000 - 99,999 FRW""], ""5"": [""100,000-199,999RWF"", ""100000 and above RWF""]}"
timegood,Time spent in production of good,int8,,0,0,0,0,0,0,24953,25856,41209,41970,,,,,
timeservice,Time spent in production of services,int16,,0,0,0,0,0,0,29346,30154,44674,44867,,,,,
hhsize,Household size,int8,"1=1 person, 2=2 persons, 3=3 Persons, 4=4 Persons, 5=5Persons, 6=6 persons …",10,0,0,0,0,0,70424,71849,102562,100852,,,,,
hr_own,Total hours in own use,int16,,0,0,0,0,0,0,35314,35664,53183,53417,,,,,
combhrs,Combined hours for Own use and employment,double,,0,0,0,0,0,0,40308,20243,0,0,,,,,
subhrs,Time spent in subsistance activities,int16,,0,0,0,0,0,0,13639,13866,26413,27379,,,,,
tvet3,TVET Completion,int8,"1=Completed formal TVET, 2=Completed none formal TVET",2,0,0,0,0,0,4000,4382,0,0,,,,,
agdis,RECODE of A04 (Age at last birthday),int8,"1=5-15, 2=16+",2,0,0,0,0,0,61806,31056,0,0,,,,,
head,Head of the household,int8,,0,0,0,0,0,0,16572,17756,25867,25382,,,,,
dg01,fetch firewood,int8,,0,0,0,0,0,0,15503,14897,23542,23466,,,,,
dg02,fetch water,int8,,0,0,0,0,0,0,19310,19152,30671,29519,,,,,
dg03,searching fooder or grazing,int8,,0,0,0,0,0,0,10878,13331,21891,24403,,,,,
dg04,manufacturing household goods,int8,,0,0,0,0,0,0,226,322,1075,1364,,,,,
dg05,repairing household,int8,,0,0,0,0,0,0,724,1053,2573,3530,,,,,
dg06,Cooking and shopping,int8,,0,0,0,0,0,0,27922,28367,41350,41028,,,,,
dg07,Looking after children and aldery,int8,,0,0,0,0,0,0,11959,13615,22415,23711,,,,,
age3,selected age group,int8,"1=16-30, 2=31-44, 3=45-54, 4=55-64, 5=65+",5,0,0,0,0,0,42302,43418,61824,61342,,,,,
lu4,LU4 - Composite measure of labour underutilization(%),int8,,0,0,0,0,0,0,31548,33327,49253,50300,,,,,
isco2digit,occupation activity at two digit,int8,"-3=Armed forces occupations, other ranks, -2=Non-commissioned armed forces officers, -1=Commissioned armed forces officers, 11=Chief executives, senior officials and legislators, 12=Administrative and commercial managers, 13=Production and specialised services managers …",43,0,0,0,0,0,19947,22214,33594,34712,,,,,
isic2digitdigit,economic activity at two digit,int8,"1=Crop and animal production, hunting and related service activities, 2=Forestry and logging, 3= Fishing and aquaculture, 5=Mining of coal and lignite, 6=Extraction of crude petroleum and natural gas, 7=Mining of metal ores …",88,0,0,0,0,0,19947,22214,33594,34712,,,,,
age3_16_30,Youth age groups,int8,"1=16-19 yrs, 2=20-24 yrs, 3=25-30 yrs",3,0,0,0,0,0,18841,18981,27213,26290,,,,,
yur1,Youth unemployment rate,int8,,0,0,0,0,0,0,10137,10731,16411,15961,,,,,
lfs_strata,strata for LFS,int16,"111=Nyarugenge, 121=Gasabo, 131=Kicukiro, 210=Nyanza, 220=Gisagara, 230=Nyaruguru …",36,0,0,0,0,0,0,0,102562,100852,,,,,
c10a,How many jobs other than main job do(you/name) posess?,int8,,0,0,0,0,0,0,0,0,1088,1552,,,,,
c19a,During the last 4 weeks did(name) try to start a business?,int8,"1=Yes, 2=No",2,0,0,0,0,0,0,0,27305,26485,,,,,
c20a,How soon Does  [NAME] expect  to start  working in  this new job or  business ?,int8,"1=One month or less, 2=More than 1 month up to 3 months, 3=More than 3 months, 4=Do not know",4,0,0,0,0,0,0,0,148,180,,,,,
c21a_v3,[2024-2024 version] Apply to prospective Employers,int8,"1=Yes, 2=No",2,0,0,0,0,0,0,0,5909,0,,2024,"c21a (2018–2021), c21a_v2 (2017–2019)",,
c21b_v3,[2024-2024 version] Place or Answer Job Advertisement,int8,"1=Yes, 2=No",2,0,0,0,0,0,0,0,5909,0,,2024,"c21b (2018–2021), c21b_v2 (2017–2019)",,
c21c_v3,[2024-2024 version] Post/Update resume on professional/Social networking sites o,int8,"1=Yes, 2=No",2,0,0,0,0,0,0,0,5909,0,,2024,"c21c (2018–2021), c21c_v2 (2017–2019)",,
c21e_v2,[2024-2024 version] Take a test or Interview,int8,"1=Yes, 2=No",2,0,0,0,0,0,0,0,5909,0,,2024,c21e (2018–2021),,
c21f_v2,"[2024-2024 version] Seek help from Relatives,friends,Others",int8,"1=Yes, 2=No",2,0,0,0,0,0,0,0,5909,0,,2024,c21f (2018–2021),,
c21g_v2,[2024-2024 version] Check at Factories worksite,int8,"1=Yes, 2=No",2,0,0,0,0,0,0,0,5909,0,,2024,c21g (2018–2021),,
c21h_v2,[2024-2024 version] Wait on the street to be recruited,int8,"1=Yes, 2=No",2,0,0,0,0,0,0,0,5949,0,,2024,c21h (2018–2021),,
c21i,Seek Financial help to start a business,int8,"1=Yes, 2=No",2,0,0,0,0,0,0,0,5949,0,,,,,
c21j,"Look for land,building,equipment,Materials to start a business",int8,"1=Yes, 2=No",2,0,0,0,0,0,0,0,5949,0,,,,,
c21k,Apply for permit or licence to start a business        street to be recruited,int8,"1=Yes, 2=No",2,0,0,0,0,0,0,0,5949,0,,,,,
c21l_v2,[2024-2024 version] No Method,int8,"1=Yes, 2=No",2,0,0,0,0,0,0,0,5909,0,,2024,c21l (2018–2021),,
c21m,"Other,specify",int8,,0,0,0,0,0,0,0,0,5949,0,,,,,
d05a,How many persons including  you at your work place?,int8,"1=Less than 10, 2=10-30 workers, 3=31-50 workers, 4=51-100 workers, 5=101 workers or more",5,0,0,0,0,0,0,0,33594,34712,,,,,
d05a1,"Number of  persons including  you at your work place,Less than 10",int8,,0,0,0,0,0,0,0,0,28328,29559,,,,,
d21a,What kind of accounts or records deos the (busines/farm) keep?,int8,"1=A complete set of written Accounts for Tax purpose, 2=Simplified written Accounts to be  submitted fot tax purposes, 3=Simplified written accounts not for tax purposes, 4=Informal records of orders,sales and purchases, 5=No records are kept",5,0,0,0,0,0,0,0,4797,5314,,,,,"{""2"": ["" Simplified written accounts to be submitted for tax purposes"", ""Simplified written Accounts to be  submitted fot tax purposes""]}"
d23a,What means of transportation do you mainly use to commute to your place of work?,int8,"1=Walk, 2=Public buses/Cars/taxis, 3=Public motocycle, 4=Publc bicycle, 5=Private car, 6=Private motobike …",9,0,0,0,0,0,0,0,30310,31256,,,,,"{""6"": [""Private Employer's car"", ""Private motobike""], ""7"": [""Private bicycle"", ""Private motobike""], ""8"": [""Boat"", ""Private bicycle""]}"
d23b,How long does it normally take you to get to work?,int16,,0,0,0,0,0,0,0,0,30310,31256,,,,,
d25a,Is this District the same as the District where (Name) performs his/her main job,int8,"1=Yego, 2=Oya",2,0,0,0,0,0,0,0,33594,34712,,,,,"{""1"": [""Yego"", ""Yes""], ""2"": [""No"", ""Oya""]}"
d25b,In which district do (You/Name) mainly perform this work?,int8,"11=Nyarugenge, 12=Gasabo, 13=Kicukiro, 21=Nyanza, 22=Gisagara, 23=Nyaruguru …",31,0,0,0,0,0,0,0,3006,3000,,,,,
en01,main source of energy that your household uses for lighting?,int8,"1=Electricity from National Grid (EUCL, 2=Electricity from Mini Grid(Other distributors), 3=Private Solar Mini Grid, 4=Standalone solar system, 5=Solar lantern, 6=Rechargeable lantern …",16,0,0,0,0,0,0,0,102562,100852,,,,,
en01_others,Main source of energy Others,string,,0,77761,76670,81778,70172,71947,70424,71849,102562,100852,,,,,
b13b,In which year did (Name) complete this course?,int16,,0,0,0,0,0,0,0,0,0,7540,,,,,
b15_v2,[2025-2025 version] How long did take(Name) to get a job or start own business a,int8,"1=Less than one month, 2=1-3 Months, 3=3-6 Months, 4=One year, 5=Two years, 6=Three years or more",6,0,0,0,0,0,0,0,0,4538,,2025,b15 (2017–2021),,
c02a,"During the past 7 days, did (NAME) run or do any farming, Rearing farm animals,",int8,"1=Yes, 2=No",2,0,0,0,0,0,0,0,0,35181,,,,,
d05_v2,[2025-2025 version] Status of employment according to ICSE-93,int8,"1=Employee, 3=Employer, 4=Own account worker, 5=Member of cooperative, 6=Contributing family worker",5,0,0,0,0,0,0,0,0,34181,,2025,d05 (2017–2024),,
d08a,Does [NAME] have a minimum amount of hours or work agreed with his/her employer?,int8,"1=Yes,minimum hours to be worked, 2=Yes,tasks or work to do, 3=No, contacted when needed",3,0,0,0,0,0,0,0,0,16027,,,,,
d10,Has [NAME] registered his/her economic activity with the Rwanda Revenue Authorit,int8,"1=Yes, 2=No, 3=Don't know",3,0,0,0,0,0,0,0,0,2010,,,,,
d10_e,Does (name) make contributions to the Ejo Heza scheme?,string,,0,77761,76670,81778,70172,71947,70424,71849,102562,100852,,,,,
d12_1,How much money did (Name) earn from his/her main job/business the last time ?,int8,"1=Amount(Rwf), 2=Refusal, 3=Don't Know",3,0,0,0,0,0,0,0,0,22465,,,,,
d12_1a,Amount in Rwandan francs,string,,0,77761,76670,81778,70172,71947,70424,71849,102562,100852,,,,,
d13_1,How long did it cover?,int8,"1=Month, 2=Two weeks, 3=One week, 4=One day, 5=One year",5,0,0,0,0,0,0,0,0,21641,,,,,
d14_1,"On average, how much money did (NAME) earn from main job/business per month?",int8,"1=Amount, 2=Refusal, 3=Don't Know",3,0,0,0,0,0,0,0,0,11174,,,,,
d14_1a,Amount in Rwandan francs,string,,0,77761,76670,81778,70172,71947,70424,71849,102562,100852,,,,,
d17_1,Would you say that monthly amount earned the last time  in  (Name) ?s  job/busin,int8,"1=Less than30,000 RWF, 2=30,000 - 49,999 RWF, 3=50,000 - 79,999 RWF, 4=80,000 - 99,999 RWF, 5=100,000 -199,999 RWF, 6=200,000 - 399,999 RWF …",10,0,0,0,0,0,0,0,0,1853,,,,,
d18a,How did (you/name) obtain your current employment?,int8,"1=Apply to prospective Employers, 2=Place or Answer Job Advertisement, 3=Post/Update resume on professional/Social networking sites online, 4=Register with Public  Employment center, 5=Register with Private  Employment center, 6=Take a test or Interview …",13,0,0,0,0,0,0,0,0,22411,,2025,d18a_v2 (2017–2017),,
d18a_other,D18A_ obtain your current employment?,string,,0,77761,76670,81778,70172,71947,70424,71849,102562,100852,,,,,
d24b,"In your main job or business, how many months do you typically work in a year?",int8,,0,0,0,0,0,0,0,0,0,34712,,,,,
ds07,(Do/Does) (You/Name) work...?,int8,"1=As an [employee], 2=In(your/his/her) own business activity, 3=Helping a family or household business, 4=As a paid apprentice,paid intern, 5=Helping a family member who works for someone else, 6=member of cooperative",6,0,0,0,0,0,0,0,0,34712,,,,,
ds08,Who usually makes the decisions about the running of the family/household busine,int8,"1=You/Name, 2=(You/Name) together with others, 3=Other family member(s) only, 4=other(non-related) person(s) only",4,0,0,0,0,0,0,0,0,1232,,,,,
ds09,Does the business hire/have any paid employees on a regular basis?,int8,"1=Yes, 2=No",2,0,0,0,0,0,0,0,0,11174,,,,,
ds09aa,Is (NAME)'s business registered with RDB?,int8,"1=Yes, 2=No, 97=Don't know",3,0,0,0,0,0,0,0,0,11174,,,,,
ds09aaa,Is (Name)'s business registered as....?,int8,"1=Sole proprietoship/individual, 2=Limited by shares, 3=Limited by guarantee, 4=Limited by shares and guarantee, 5=Unlimited, 6=Don't Know",6,0,0,0,0,0,0,0,0,1512,,,,,
ds09_a,Does more than half of the income from [NAME]?s business/activity come from ?.?,int8,"1=One single client/customer, 2=Multiple clients/customers, 3=Have not had any client",3,0,0,0,0,0,0,0,0,10571,,,,,
ds09_b,"Does [NAME] get customers, clients or buyers through someone else, for example f",int8,"1=Yes,all of them, 2=Yes, most of them, 3=Yes,but only some of them, 4=No",4,0,0,0,0,0,0,0,0,9845,,,,,
ds09_c,In this business /activity Does [NAME]??,string,,0,77761,76670,81778,70172,71947,70424,71849,102562,100852,,,,,
ds09_d,In [NAME]?s business/activity does client/company/intermediary/or other person??,string,,0,77761,76670,81778,70172,71947,70424,71849,102562,100852,,,,,
ds10a,Which of the following types of pay (do/does) (you/name) receive for this work?,string,,0,77761,76670,81778,70172,71947,70424,71849,102562,100852,,,,,
f01a,"(Have/Has) (you/name) ever had a paid job or another income-generating activity,",int8,"1=Yes, 2=No",2,0,0,0,0,0,0,0,0,31009,,,,,
f01b,How long ago was it that(you/name) last stop working?,int8,"1=Lest than one month ago, 2=1 to less than 3 months ago, 3=3 to less than 6 months ago, 4=6 to less than 12 months ago, 5=1 to less than 3 years ago, 6=3 to less than 5 years ago …",9,0,0,0,0,0,0,0,0,15303,,,,,
icse18a,5 Main categories of Status in employment by type of authority,int8,"1=1-Employers, 2=2-Independent worker without employees, 3=3-Dependent contractors, 4=4-Employees, 5=5-Contributing family workers, 9=9-Employed not classifiable by status",6,0,0,0,0,0,0,0,0,34712,,,,,
