variable,label,type,value_labels,n_value_labels,n_2006,n_2009,n_2012,n_2015,n_2024,source,versions,label_variants,value_label_conflicts
survey,Source survey,string,,0,3671,6252,7456,6768,6891,,,,
year,Survey year,int16,,0,3671,6252,7456,6768,6891,,,,
wave,Wave (survey year),string,,0,31038,31038,31038,31038,31038,,,,
unit,"Unit of the file (household, woman, child, village)",string,,0,3671,6252,7456,6768,6891,,,,
prov,"Province (1-5, NISR codes)",int8,"1=City of Kigali, 2=Southern Province, 3=Western Province, 4=Northern Province, 5=Eastern Province",5,3671,6252,7456,6768,6891,,,,
dist,"District (11-57, NISR codes)",int8,"11=Nyarugenge, 12=Gasabo, 13=Kicukiro, 21=Nyanza, 22=Gisagara …",30,3671,6252,7456,6768,6891,,,,
sector,"Sector (1101-5715, NISR codes; where shipped)",int16,,0,3661,0,7456,6768,0,,,,
urban,"Area of residence (1 urban, 2 rural; where shipped)",int8,"1=Urban, 2=Rural",2,0,0,978,6768,6891,,,,
cluster,Village / cluster id (as shipped),string,,0,3671,6252,7456,6768,6891,,,,
hhid,Household id (unique within wave; composite string in 2009),string,,0,3671,6252,7456,6768,6891,,,,
wt,"Household weight as shipped (see DECISIONS: normalised in 2006/2012, none in 200",double,,0,3671,0,7456,6768,6891,,,,
fez,FEZ,int8,"1=Eastern Agropastoral, 2=Muvumba Agro, 3=Eastern Curve, 4=Buganza-Gisaka Plateau, 5=Bugesera …",12,3671,0,0,0,0,,,,
constant,Constant,int8,1=National,1,3671,0,0,0,0,,,,
id1,Number of Questionnaire,int16,,0,3671,0,0,0,0,,,,
id04,Province,int8,,0,3671,0,0,0,0,,,,
id04a,Names of old province,string,,0,3671,6252,7456,6768,6891,,,,
id5_v2,[2006..2006 version] District,int8,,0,3671,0,0,0,0,,id5 (2009),,
id6,Secteur,int8,,0,3671,0,0,0,0,,,,
id7_v2,[2006..2006 version] Cellule,int8,0=Missing,1,3671,0,0,0,0,,id7 (2009),,
id8,Enumeration Zone,int16,,0,3671,0,0,0,0,,,,
id9,Household Number,int8,,0,3671,0,0,0,0,,,,
id10,Key of Questionnaire,int32,,0,3671,0,0,0,0,,,,
s122a,12.2 Number of Women,int8,,0,3171,0,0,0,0,,,,
s1222aa,122A First names of Women,string,,0,3671,6252,7456,6768,6891,,,,
s123,12.3 Age in years,int8,,0,3171,0,0,0,0,,,,
s124a,12.4 Can you read and write simple messages?,int8,"0=No, 1=Yes, 9=ND",3,3158,0,0,0,0,,,,
s125aa,12.5 What is your level of education,int8,"1=No school, 2=Some primary, 3=Vocational school, 4=Some secondary school, 5=Completed secondary level …",9,3148,0,0,0,0,,,,
s126a,12.6 Are you currently pregnant or breastfeeding?,int8,"1=Pregnant, 2=Breastfeeding, 3=Neither, 4=Both, 5=Don't know …",7,3128,0,0,0,0,,,,
s127aa,"12.7 When you were pregnant,did you see anyone for antenatal",int8,"0=No, 1=Yes, 9=Missing",3,1299,0,0,0,0,,,,
s128a,"12.8 When you were pregnant,did you receive ironfolate,,,",int8,"0=No, 1=Yes, 9=Missing",3,1269,0,0,0,0,,,,
s129a,"12.9 Immediately after the birth of your last child,did you",int8,"0=No, 1=Yes, 9=Missing",3,1863,0,0,0,0,,,,
s1210,"12.10 Do you boil the water before consumption,,,",int8,"0=No, 1=Yes, 3=Sometimes, 9=Missing",4,1890,0,0,0,0,,,,
s1211,12.11 In the past 2 weeks have you been ill at all,int8,"0=No, 1=Yes, 9=Missing",3,3126,0,0,0,0,,,,
s1212,"12.12 Last night,did you sleep under a mosquito net",int8,"0=No, 1=Yes, 9=Missing",3,3124,0,0,0,0,,,,
s1213a,12.13 When do you wash your hands Before preparing meals?,int8,"0=No, 1=Yes, 9=Missing",3,3138,0,0,0,0,,,,
s1213b,12.13 When do you wash your hands Before eating?,int8,"0=No, 1=Yes, 9=Missing",3,3138,0,0,0,0,,,,
s1213c,12.13 When do you wash your hands After going to the loilet?,int8,"0=No, 1=Yes, 9=Missing",3,3139,0,0,0,0,,,,
s1213d,12.13 When do you wash your hands After cleaning a child whe,int8,"0=No, 1=Yes, 9=Missing",3,3139,0,0,0,0,,,,
s1213e,12.13 When do you wash your hands When they are dirty?,int8,"0=No, 1=Yes, 9=Missing",3,3137,0,0,0,0,,,,
s1213f,12.13 When do you wash your hands Never?,int8,"0=No, 1=Yes, 9=Missing",3,3136,0,0,0,0,,,,
s1214,"12.14 After visiting the toilet,what do you use to wash your",int8,"1=Water only, 2=Home made soap and water, 3=Washing soap and water, 4=Nothing, 5=Other …",6,3094,0,0,0,0,,,,
s1215,12.15 Is the woman pregnant,int8,"0=No, 1=Yes, 9=Missing",3,3064,0,0,0,0,,,,
s1216,12.16 Mother's height,int8,,0,0,0,0,0,0,,,,
s1217,12.17 Mother's weight,int8,,0,0,0,0,0,0,,,,
id2,Akarere,int8,,0,0,6252,0,0,0,,,,
id4,Umurenge,int8,,0,0,6252,0,0,0,,,,
id5,Akagari,int8,,0,0,6252,0,0,0,,id5_v2 (2006),,
id7,Numero y'urugo,int8,,0,0,6252,0,0,0,,id7_v2 (2006),,
nr,No,int8,,0,0,6252,0,0,0,,,,
s12q2,Izina ry'umugore ufite imyaka kuva 15 kugera 49,string,,0,3671,6252,7456,6768,6891,,,,
s12q3,12.3. Imyaka afite,int8,,0,0,6082,0,0,0,,,,
s12q4,Ushobora kwandika/gusoma inyandiko ngufi,int8,"0=OYA, 1=YEGO, 2=GUSOMA GUSA",3,0,6082,0,0,0,,,,
s12q5,12.5.Ni ikihe cyiciro cy'amashuri wize,int8,"0=, 1=Ntayo, 2=Yageze mu mashuri abanza, 3=Amashuri y'ingoboka (icyiciro rusange), 4=Amashuri y'isumbuye (umwaka wa 1-3) …",9,0,6082,0,0,0,,,,
s12q6,12.6.Ese ubu uratwite/uronsa,int8,"0=, 1=Aratwite, 2=Aronsa, 3=Nta na kimwe, 4=Byombi …",7,0,6082,0,0,0,,,,
s12q7,12.7.Igihe wari utwite wigeze ujya kwisuzumisha kwa muganga,int8,"0=, 1=Yego, 2=Oya",3,0,5303,0,0,0,,,,
s12q8,12.8.Igihe wari utwite wafashe ibinini bya feri,int8,"0=, 1=Yego, 2=Oya",3,0,4999,0,0,0,,,,
s12q9,12.9.Hari ubwo wigeze ufata ibinini bya vitamini A nyuma y'a,int8,"0=, 1=Yego, 2=Oya, 9=N/A (Ntarabyara ariko aratwite)",4,0,4999,0,0,0,,,,
s12q10,12.10.Mu byumweru 2 bishize hari ubwo wigeze urwara,int8,"0=, 1=Yego, 2=Oya",3,0,6082,0,0,0,,,,
s12q11,12.11.Mu ijoro ryakeye waba waraye mu nzitiraibu ?,int8,"0=, 1=Yego, 2=Oya",3,0,6082,0,0,0,,,,
s12q12a,12.12.a.Ukaraba intoki ryari ? Mbere yo gutegura ifunguro,int8,"0=Oya, 1=Yego",2,0,6082,0,0,0,,,,
s12q12b,12.12.b.Ukaraba intoki ryari ? Mbere yo kurya,int8,"0=Oya, 1=Yego",2,0,6082,0,0,0,,,,
s12q12c,12.12.c.Ukaraba intoki ryari ? Avuye kwituma,int8,"0=Oya, 1=Yego",2,0,6082,0,0,0,,,,
s12q12d,12.12.d.Ukaraba intoki ryari ? Nyuma yo gutuganya umwana uvu,int8,"0=Oya, 1=Yego",2,0,6082,0,0,0,,,,
s12q12e,12.12.e.Ukaraba intoki ryari ? Igihe afite intoki zanduye,int8,"0=Oya, 1=Yego",2,0,6082,0,0,0,,,,
s12q12f,12.12.f.Ukaraba intoki ryari ? Nta na rimwe,int8,"0=Oya, 1=Yego",2,0,6082,0,0,0,,,,
s12q13,12.13.Iyo uvuye kwituma ukaraba iki ?,int8,"0=, 1=Amazi gusa, 2=Isabune, yakorewe mu rugo/ivu n'amazi, 3=Isabune n'amazi, 4=Nta na kimwe …",6,0,6082,0,0,0,,,,
s12q14,12.14.Pima umusegururko w'ukuboko kw'ibumoso (MUAC) muri cm,double,,0,0,6082,0,0,0,,,,
s12q15,12.15.Ese ubu uratwite,int8,"0=Yego, 1=Oya",2,0,6082,0,0,0,,,,
s12q16,12.16.Uburebure bw'uwo mubyeyi muri cm,double,,0,0,5540,0,0,0,,,,
s12q17,12.17.Ibiro by'uwo mubyeyi mur Kg,double,,0,0,5540,0,0,0,,,,
filename,Filename,string,,0,3671,6252,7456,6768,6891,,,,
final_norm_weight,Normalised weight,double,,0,0,0,7456,0,0,,,,
rwanda,Rwanda,int8,1=Rwanda,1,0,0,7456,0,0,,,,
distr_copy,District code,int16,"101=Nyarugenge, 102=Gasabo, 103=Kicukiro, 201=Nyanza, 202=Gisagara …",30,0,0,7456,0,0,,,,
v_code,Village code,int32,,0,0,0,7456,0,0,,,,
t_code,Team code,int8,,0,0,0,7456,0,0,,,,
fcs_category,FCS category,int8,"1=poor, 2=borderline, 3=acceptable",3,0,0,7449,0,0,,,,
w_age_groups,Age groups,int8,"1=<20, 2=20-29, 3=30-39, 4=40-49",4,0,0,7456,0,0,,,,
w_stunt,Stunting,int8,"0=no stunted, 1=stunted",2,0,0,6886,0,0,,,,
w_underw,underweight,int8,"0=No, 1=Yes",2,0,0,6886,0,0,,,,
w_wastin_bmi_2,wasting,int8,"0=No, 1=Yes",2,0,0,6886,0,0,,,,
hhno,Household number,int8,,0,0,0,7456,0,0,,,,
q001_2,Interview date,double,,0,0,0,7456,0,0,,,,
moth_id,Mother's unique ID,int16,,0,0,0,7456,0,0,,,,
qrow,Mother's interview ID,int8,,0,0,0,7456,0,0,,,,
q102_01,First name of woman aged 15-49yrs:,string,,0,3671,6252,7456,6768,6891,,,,
q102_02,Age in Years:,int8,,0,0,0,7456,0,0,,,,
q102_03,Can you read and write simple messages?:,int8,"0=No, 1=Read only, 2=Write only, 3=Both (read and write)",4,0,0,7456,0,0,,,,
q102_04,What is your level of education?:,int8,"1=No School, 2=Some Primary, 3=Completed Primary, 4=Vocational School, 5=Some secondary …",7,0,0,7456,0,0,,,,
q102_05,Have you ever been pregnant?:,int8,"0=No, 1=Yes",2,0,0,7456,0,0,,,,
q102_06,Have you ever given birth?:,int8,"-1=Never been pregnant, 0=No, 1=Yes",3,0,0,7456,0,0,,,,
q102_07,Are you currently pregnant or breastfeeding?:,int8,"1=Pregnant, 2=Both, 3=Breastfeeding, 4=Neither, 5=Don't know",5,0,0,7456,0,0,,,,
q102_08,In the past 2 weeks have you been ill at all?:,int8,"0=No, 1=Yes",2,0,0,7456,0,0,,,,
q102_09,"Last night, did you sleep under a mosquito net?:",int8,"0=No, 1=Yes",2,0,0,7456,0,0,,,,
q102_10a,Do you wash your hand Before preparing meals?,int8,"0=No, 1=Yes",2,0,0,7456,0,0,,,,
q102_10b,Do you wash your hand After cleaning a child when they go to the toilet?,int8,"0=No, 1=Yes",2,0,0,7456,0,0,,,,
q102_10c,Do you wash your hand Before eating?,int8,"0=No, 1=Yes",2,0,0,7456,0,0,,,,
q102_10d,Do you wash your hand When they are dirty?,int8,"0=No, 1=Yes",2,0,0,7456,0,0,,,,
q102_10e,Do you wash your hand After going to the toilet?,int8,"0=No, 1=Yes",2,0,0,7456,0,0,,,,
q102_11,what do you use to wash your hands after visiting toilet?,int8,"1=Water only, 2=Homemade soap/ash & water, 3=Washing soap & water, 4=Nothing, 5=Other",5,0,0,5013,0,0,,,,
q102_12,Woman’s MUAC (in centimeters):,double,,0,0,0,7456,0,0,,,,
w_muac,MUAC. outliers as missing,double,,0,0,0,7377,0,0,,,,
q102_13,Does this woman have any disability preventing her from being measured (Height o,int8,"0=No, 1=Yes",2,0,0,6987,0,0,,,,
q102_14,Woman’s height,double,,0,0,0,6954,0,0,,,,
w_height,HEIGHT. outliers as missing,double,,0,0,0,6886,0,0,,,,
q102_15,Woman’s weight,double,,0,0,0,6954,0,0,,,,
w_weight,WEIGHT. outliers as missing,double,,0,0,0,6886,0,0,,,,
w_weight_new,,double,,0,0,0,6939,0,0,,,,
changed_weight,Indicates if there is a new weight after cleaning,int8,"0=Not Changed, 1=Changed",2,0,0,7456,0,0,,,,
w_bmi,BMI. outliers as missing,double,,0,0,0,6886,0,0,,,,
bmi_missings,,int8,,0,0,0,7456,0,0,,,,
w_wastin_bmi,wasting BMI,int8,,0,0,0,6886,0,0,,,,
w_wastin_muac,wasting MUAC,int8,"0=No, 1=Yes, Moderate, 2=Yes, Severe",3,0,0,7377,0,0,,,,
filter___v2,[2012..2012 version] Q102_07>2 AND Q102_07<>5 (FILTER),int8,"0=Not Selected, 1=Selected",2,0,0,7456,0,0,,filter__ (2015),,
w_muac_new,,double,,0,0,0,7377,0,0,,,,
w_height_new,,double,,0,0,0,6897,0,0,,,,
changed_height,Indicates if there is a new height after cleaning,int8,"0=Not Changed, 1=Changed",2,0,0,7456,0,0,,,,
changed_muac,Indicates if there is a new MUAC after cleaning,int8,"0=Not Changed, 1=Changed",2,0,0,7456,0,0,,,,
changed_any,Indicates if there was any change after cleaning,int8,"0=Not Changed, 1=1 Changed, 2=2 Changed, 3=3 Changed",4,0,0,7456,0,0,,,,
strata_id,Strata name,int8,"0=Not applicable, 1=Nyagatare-Gatsib-Kayonza, 2=Kirehe-Ngoma-Rwamagana, 3=Bugesera, 4=Musanze-Burera …",17,0,0,7456,0,0,,,,
vup,Village VUP level,int8,"0=Non VUP, 1=High priority, 2=Second priority, 3=Third priority, 4=Lowest priority",5,0,0,7456,0,0,,,,
q101,Household size,int8,,0,0,0,7456,0,0,,,,
q102,Head of household  sex,int8,"1=Male, 2=Female",2,0,0,7456,0,0,,,,
q103,Head of household age,int16,,0,0,0,7456,0,0,,,,
q104,Can head of HH  read and write?,int8,"0=No, 1=Yes, 2=Read only",3,0,0,7456,0,0,,,,
q105,head of household level of education,int8,"1=No School, 2=Some Primary, 3=Completed Primary, 4=Some secondary, 5=Vocational School …",7,0,0,7456,0,0,,,,
q106,Is the head of the household disabled?:,int8,"0=No, 1=Yes",2,0,0,7456,0,0,,,,
q107,Head of household marital status,int8,"1=Married, 2=Partner, 3=Divorced/separated, 4=Widow or widower, 5=Never  married",5,0,0,7456,0,0,,,,
q108,How many spouses or partners,int8,,0,0,0,5508,0,0,,,,
qa110_1,Below 6 months old - Male,int8,,0,0,0,7456,0,0,,,,
qa110_2,Below 6 months old - female,int8,,0,0,0,7456,0,0,,,,
qb110_1,6 to 24 months old - Male,int8,,0,0,0,7455,0,0,,,,
qb110_2,6 to 24 months old - female,int8,,0,0,0,7455,0,0,,,,
qc110_1,25 to 59 months old - Male,int8,,0,0,0,7456,0,0,,,,
qc110_2,25 to 59 months old - female,int8,,0,0,0,7455,0,0,,,,
qd110_1,5 to 6  years old - Male,int8,,0,0,0,7456,0,0,,,,
qd110_2,5 to 6  years old - female,int8,,0,0,0,7456,0,0,,,,
qe110_1,7 to 14 years old - Male,int8,,0,0,0,7456,0,0,,,,
qe110_2,7 to 14 years old - female,int8,,0,0,0,7456,0,0,,,,
qf110_1,15 to 17 years old - Male,int8,,0,0,0,7456,0,0,,,,
qf110_2,15 to 17 years old - female,int8,,0,0,0,7456,0,0,,,,
qg110_1,18 to 59 years old - Male,int8,,0,0,0,7456,0,0,,,,
qg110_2,18 to 59 years old - female,int8,,0,0,0,7456,0,0,,,,
qh110_1,60 years old and above - Male,int8,,0,0,0,7456,0,0,,,,
qh110_2,60 years old and above - female,int8,,0,0,0,7456,0,0,,,,
q111_1,Males 7  to 14 attending primary school,int8,,0,0,0,7447,0,0,,,,
q111_2,Females 7  to 14 attending primary school,int8,,0,0,0,7453,0,0,,,,
q112_1,Absent males,int8,,0,0,0,3144,0,0,,,,
q112_1_2,main reason of absence?,int8,"1=Sickness, 2=Work for money or food, 3=Domestic work (gardening, fetching water), 4=Take care of siblings, 5=Long distance to school …",8,0,0,260,0,0,,,,
q112_2,Absent females,int8,,0,0,0,3272,0,0,,,,
q112_2_2,main reason of absence?,int8,"1=Sickness, 2=Work for money or food, 3=Domestic work (gardening, fetching water), 4=Take care of siblings, 5=Long distance to school …",8,0,0,242,0,0,,,,
q113,Returnees in the  household,int8,"0=No, 1=Yes",2,0,0,7448,0,0,,,,
q113_2,how many:,int8,,0,0,0,18,0,0,,,,
q114_1,are you hosting any person that is temporally resident in your household (3 mont,int8,"0=No, 1=Yes",2,0,0,7448,0,0,,,,
q114_2,how many:,int8,,0,0,0,224,0,0,,,,
q201a_1,Roof:,int8,"1=Straw/Thatch Leaves Grass, 2=Metal sheet corrugated iron, 3=Clay Tiles, 4=Cement/Concrete, 5=Wood/bamboo …",6,0,0,7456,0,0,,,,
q201a_2,Specify others:,int8,,0,0,0,7429,0,0,,,,
q201b_1,Floor:,int8,"1=Earth/Mud, 2=Cement concrete, 3=Hardened Dung, 4=Clay tiles, 5=Wood …",7,0,0,7456,0,0,,,,
q201b_2,Specify others:,int8,,0,0,0,7444,0,0,,,,
q201c_1,Wall:,int8,"1=Mud bricks, 2=Mud bricks covered with cement, 3=Tree trunks with mud, 4=Tree trunks with mud and cement, 5=Oven fired bricks …",6,0,0,7456,0,0,,,,
q201c_2,Specify others:,int8,,0,0,0,7319,0,0,,,,
q202_1,Is the house your household live in located in an umudugudu (new recommended set,int8,"0=No, 1=Yes",2,0,0,7455,0,0,,,,
q202_2,"If yes, since how long have you been living there?:",int8,"0=No, 1=Yes, since below 3months, 2=Yes, between 3 and less than 6 months, 3=Yes, Between 6 months and 1 year, 4=Yes, More than 1 year",5,0,0,7456,0,0,,,,
q203,What is your occupancy status in this house?:,int8,"1=Owner, 2=Rented, 3=Free of charge (not owner)",3,0,0,7456,0,0,,,,
q204,How many sleeping rooms does the house you are living in have?:,int8,,0,0,0,7456,0,0,,,,
q205_1,What kind of toilet facility does your household use?:,int8,"1=Flush latrine, 2=Pit latrine with constructed floor slab, 3=Traditional pit latrine (without floor slab), 4=Open pit (no walls), 5=None / bush, stream etc …",6,0,0,7456,0,0,,,,
q205_2,Specify others:,int8,,0,0,0,7409,0,0,,,,
q206,Do you share the toilet facility with other households?:,int8,"0=No, 1=Yes",2,0,0,7453,0,0,,,,
q207_1,What is the main source of lighting for this house?:,int8,"1=Electricity, 2=Kerosene, oil or gas lamp, 3=Lantern, 4=Battery flashlights, 5=Candles …",8,0,0,7456,0,0,,,,
q207_2,Specify others:,int8,,0,0,0,7408,0,0,,,,
q208_1,What fuel do you use most often for cooking?:,int8,"1=Gas, 2=Electricity, 3=Firewood, 4=Charcoal, 5=Kerosene …",7,0,0,7456,0,0,,,,
q208_2,Specify others:,int8,,0,0,0,7431,0,0,,,,
q209_1,What is the current main source of drinking water for your household?:,int8,"1=Public tap/ piped water, 2=Pond, lake, river or stream, 3=Borehole with pump, 4=Rain water, 5=Protected dug well or spring …",8,0,0,7452,0,0,,,,
q210,Do you pay for water from this current main source?:,int8,"0=No, 1=Yes",2,0,0,7454,0,0,,,,
q211,Is there a time in the year when your household uses an alternate water source?:,int8,"1=No, main source is used solely all year, 2=Yes, used in conjunction with main source, 3=Yes, used when main source is not usable.",3,0,0,7456,0,0,,,,
q212_1,What is the main alternative source of drinking water for your household?:,int8,"1=Public tap/ piped water, 2=Pond, lake, river or stream, 3=Borehole with pump, 4=Rain water, 5=Protected dug well or spring …",8,0,0,7456,0,0,,,,
q213,Does your household pay for this alternate water?:,int8,"0=No, 1=Yes",2,0,0,7456,0,0,,,,
q214_1_1,Main source:How do you or your household members go to your water sources?,int8,"1=Walk, 2=Bicycle, 3=Motorbike/vehicle, 4=hire someone for that, 5=Other, specify",5,0,0,7456,0,0,,,,
q214_1_2,Specify other:How do you or your household members go to your water sources?,int8,,0,0,0,7444,0,0,,,,
q214_2_1,Alternative source:How do you or your household members go to your water sources,int8,"1=Walk, 2=Bicycle, 3=Motorbike/vehicle, 4=hire someone for that, 5=Other, specify",5,0,0,7456,0,0,,,,
q214_2_2,Specify other:How do you or your household members go to your water sources?,int8,,0,0,0,7400,0,0,,,,
q215_1,Main source in minutes:How far is the source of water for your household used in,int16,,0,0,0,7456,0,0,,,,
q215_2,Alternative source in minutes:How far is the source of water for your household,int16,,0,0,0,7456,0,0,,,,
q216,What does your household normally do to its water prior to drinking?:,int8,"1=Boil, 2=Strained through cloth, 3=Ceramic, sand or other filter, 4=Purifying tablets/bleach chlorine, 5=Nothing is done",5,0,0,7456,0,0,,,,
q301,How many livelihood activities does your household have?:,int8,,0,0,0,7456,0,0,,,,
qa302_1,Main activity - Activity name,int8,"1=agricultural production on own farm or on other farm for no payment, 2=agricultural work on other farm for in kind compensation, salary/wages (excluding vup), 3=livestock raising, 4=fishing, hunting, gathering, 5=purchase sale of product from fishing, hunting gathering …",22,0,0,7456,0,0,,,,
qa302_1_2,Main activity - Specify other activity,int8,,0,0,0,7358,0,0,,,,
qa302_2,"Main activity - Using proportional piling methods, please estimate the relative",int8,,0,0,0,7456,0,0,,,,
qa302_3,Main activity - Who Usually Participates In This Activity,int8,"1=head of household only, 2=spouse of the head of household only, 3=men only, 4=women only, 5=adults only …",9,0,0,7456,0,0,,,,
qa302_4,"Main activity - Is this livelihood activity seasonal? (If Seasonal, During Which",int8,"0=No, done all year round, 1=Yes, seasonal",2,0,0,7456,0,0,,,,
qa302_5a,Main activity - January,int8,"0=No, 1=Yes",2,0,0,7456,0,0,,,,
qa302_5b,Main activity - February,int8,"0=No, 1=Yes",2,0,0,7456,0,0,,,,
qa302_5c,Main activity - March,int8,"0=No, 1=Yes",2,0,0,7456,0,0,,,,
qa302_5d,Main activity - April,int8,"0=No, 1=Yes",2,0,0,7456,0,0,,,,
qa302_5e,Main activity - May,int8,"0=No, 1=Yes",2,0,0,7456,0,0,,,,
qa302_5f,Main activity - June,int8,"0=No, 1=Yes",2,0,0,7456,0,0,,,,
qa302_5g,Main activity - July,int8,"0=No, 1=Yes",2,0,0,7456,0,0,,,,
qa302_5h,Main activity - August,int8,"0=No, 1=Yes",2,0,0,7456,0,0,,,,
qa302_5i,Main activity - September,int8,"0=No, 1=Yes",2,0,0,7456,0,0,,,,
qa302_5j,Main activity - October,int8,"0=No, 1=Yes",2,0,0,7456,0,0,,,,
qa302_5k,Main activity - November,int8,"0=No, 1=Yes",2,0,0,7456,0,0,,,,
qa302_5l,Main activity - December,int8,"0=No, 1=Yes",2,0,0,7456,0,0,,,,
qb302_1,Second activity - Activity name,int8,"1=agricultural production on own farm or on other farm for no payment, 2=agricultural work on other farm for in kind compensation, salary/wages (excluding vup), 3=livestock raising, 4=fishing, hunting, gathering, 5=purchase sale of product from fishing, hunting gathering …",22,0,0,7456,0,0,,,,
qb302_1_2,Second activity - Specify other activity,int8,,0,0,0,7319,0,0,,,,
qb302_2,Second activity - contribution,int8,,0,0,0,7455,0,0,,,,
qb302_3,Second activity - Who Usually Participates In This Activity,int8,"1=head of household only, 2=spouse of the head of household only, 3=men only, 4=women only, 5=adults only …",9,0,0,7456,0,0,,,,
qb302_4,Second activity - seasonality,int8,"0=No, done all year round, 1=Yes, seasonal",2,0,0,7456,0,0,,,,
qb302_5a,Second activity - January,int8,"0=No, 1=Yes",2,0,0,7456,0,0,,,,
qb302_5b,Second activity - February,int8,"0=No, 1=Yes",2,0,0,7456,0,0,,,,
qb302_5c,Second activity - March,int8,"0=No, 1=Yes",2,0,0,7456,0,0,,,,
qb302_5d,Second activity - April,int8,"0=No, 1=Yes",2,0,0,7456,0,0,,,,
qb302_5e,Second activity - May,int8,"0=No, 1=Yes",2,0,0,7456,0,0,,,,
qb302_5f,Second activity - June,int8,"0=No, 1=Yes",2,0,0,7456,0,0,,,,
qb302_5g,Second activity - July,int8,"0=No, 1=Yes",2,0,0,7456,0,0,,,,
qb302_5h,Second activity - August,int8,"0=No, 1=Yes",2,0,0,7456,0,0,,,,
qb302_5i,Second activity - September,int8,"0=No, 1=Yes",2,0,0,7456,0,0,,,,
qb302_5j,Second activity - October,int8,"0=No, 1=Yes",2,0,0,7456,0,0,,,,
qb302_5k,Second activity - November,int8,"0=No, 1=Yes",2,0,0,7456,0,0,,,,
qb302_5l,Second activity - December,int8,"0=No, 1=Yes",2,0,0,7456,0,0,,,,
qc302_1,Third activity - Activity name,int8,"1=agricultural production on own farm or on other farm for no payment, 2=agricultural work on other farm for in kind compensation, salary/wages (excluding vup), 3=livestock raising, 4=fishing, hunting, gathering, 5=purchase sale of product from fishing, hunting gathering …",22,0,0,7456,0,0,,,,
qc302_1_2,Third activity - Specify other activity,int8,,0,0,0,7426,0,0,,,,
qc302_2,Third activity - contribution,int8,,0,0,0,7456,0,0,,,,
qc302_3,Third activity - Who Usually Participates In This Activity,int8,"1=head of household only, 2=spouse of the head of household only, 3=men only, 4=women only, 5=adults only …",9,0,0,7456,0,0,,,,
qc302_4,"Third activity - Is this livelihood activity seasonal? (If Seasonal, During Whic",int8,"0=No, done all year round, 1=Yes, seasonal",2,0,0,7456,0,0,,,,
qc302_5a,Third activity - January,int8,"0=No, 1=Yes",2,0,0,7456,0,0,,,,
qc302_5b,Third activity - February,int8,"0=No, 1=Yes",2,0,0,7456,0,0,,,,
qc302_5c,Third activity - March,int8,"0=No, 1=Yes",2,0,0,7456,0,0,,,,
qc302_5d,Third activity - April,int8,"0=No, 1=Yes",2,0,0,7456,0,0,,,,
qc302_5e,Third activity - May,int8,"0=No, 1=Yes",2,0,0,7456,0,0,,,,
qc302_5f,Third activity - June,int8,"0=No, 1=Yes",2,0,0,7456,0,0,,,,
qc302_5g,Third activity - July,int8,"0=No, 1=Yes",2,0,0,7456,0,0,,,,
qc302_5h,Third activity - August,int8,"0=No, 1=Yes",2,0,0,7456,0,0,,,,
qc302_5i,Third activity - September,int8,"0=No, 1=Yes",2,0,0,7456,0,0,,,,
qc302_5j,Third activity - October,int8,"0=No, 1=Yes",2,0,0,7456,0,0,,,,
qc302_5k,Third activity - November,int8,"0=No, 1=Yes",2,0,0,7456,0,0,,,,
qc302_5l,Third activity - December,int8,"0=No, 1=Yes",2,0,0,7456,0,0,,,,
q303_1,Can you tell me what was your household's total cash income last month?,int8,"0=No, 1=Yes",2,0,0,7456,0,0,,,,
q303_2,How much in rwanda francs,int32,,0,0,0,7456,0,0,,,,
q401_1,Does your household farm land (including pasture for livestock)?,int16,,0,0,0,7456,0,0,,,,
q401_2,Land size,int16,"1=0 to 0.1 ha,, 2=0.1 to 0.19 ha, 3=0.2 to 0.49 ha, 4=0.5 to 0.99 ha, 5=1 to 1.99 ha …",7,0,0,7456,0,0,,,,
q402_1,"Share Cropped:Out of the total land that your household farms, how much is(The s",int16,,0,0,0,7456,0,0,,,,
q402_2,"Owned:Out of the total land that your household farms, how much is(The sum must",int16,,0,0,0,7456,0,0,,,,
q402_3,"Rented / Leased:Out of the total land that your household farms, how much is(The",int16,,0,0,0,7456,0,0,,,,
q402_4,Free use / loaned or appropriated:Out of the total land that your household farm,int8,,0,0,0,7456,0,0,,,,
q402_5,"Other:Out of the total land that your household farms, how much is(The sum must",int16,,0,0,0,7456,0,0,,,,
q403_1,Is any part of your land consolidated (land consolidation programme):,int8,"0=No, 1=Yes",2,0,0,7456,0,0,,,,
q403_2,If yes how much of your land is in consolidation:,int8,,0,0,0,7456,0,0,,,,
q404_1,Is any part of your land registered to become umudugudu?:,int8,"0=No, 1=Yes",2,0,0,7456,0,0,,,,
q404_2,"If, yes how much of your land will become Umudugudu?:",int8,,0,0,0,7456,0,0,,,,
q405,Did your household use fertilizer and/or insecticides during the past 12 months?,int8,"1=No, 2=Yes, Fertilizer only, 3=Yes, Pesticides only, 4=Yes both",4,0,0,7456,0,0,,,,
q406_1,"Bought:If yes (2, 3 or 4) where did you get it from? (Total should amount to 100",int32,,0,0,0,7456,0,0,,,,
q406_2,"Bought with voucher:If yes (2, 3 or 4) where did you get it from? (Total should",int16,,0,0,0,7456,0,0,,,,
q406_3,"Received from NGO, Government Institutions:If yes (2, 3 or 4) where did you get",int8,,0,0,0,7456,0,0,,,,
q406_4,"Free / Own production:If yes (2, 3 or 4) where did you get it from? (Total shoul",int32,,0,0,0,7456,0,0,,,,
q407_1,Is any of the land that your household farms irrigated?:,int8,"0=No, 1=Yes",2,0,0,7456,0,0,,,,
q407_2,If yes how much of the land you farm is irrigated?:,int8,,0,0,0,7456,0,0,,,,
q408_1,Is any of the land that your household farms protected against soil erosion? (eg,int8,"0=No, 1=Yes",2,0,0,7456,0,0,,,,
q408_2,"If yes, how much of the land you farm is protected against soil erosion?:",int8,,0,0,0,7456,0,0,,,,
q408_3,What type of anti erosion did your household use?,int8,,0,0,0,7456,0,0,,,,
q409_01,Hoe:Does your household own any of the following items.,int8,"0=No, 1=Yes",2,0,0,7456,0,0,,,,
q409_02,Shovel:Does your household own any of the following items.,int8,"0=No, 1=Yes",2,0,0,7456,0,0,,,,
q409_03,Rake:Does your household own any of the following items.,int8,"0=No, 1=Yes",2,0,0,7456,0,0,,,,
q409_04,Spade:Does your household own any of the following items.,int8,"0=No, 1=Yes",2,0,0,7456,0,0,,,,
q409_05,Pick:Does your household own any of the following items.,int8,"0=No, 1=Yes",2,0,0,7456,0,0,,,,
q409_06,Wheel barrow:Does your household own any of the following items.,int8,"0=No, 1=Yes",2,0,0,7456,0,0,,,,
q409_07,Plough / Ox plough:Does your household own any of the following items.,int8,"0=No, 1=Yes",2,0,0,7456,0,0,,,,
q409_08,Grinding mill:Does your household own any of the following items.,int8,"0=No, 1=Yes",2,0,0,7456,0,0,,,,
q409_09,Oil press:Does your household own any of the following items.,int8,"0=No, 1=Yes",2,0,0,7456,0,0,,,,
q409_10,Sewing machine:Does your household own any of the following items.,int8,"0=No, 1=Yes",2,0,0,7456,0,0,,,,
q409_11,Ironing machine:Does your household own any of the following items.,int8,"0=No, 1=Yes",2,0,0,7456,0,0,,,,
q409_12,Radio (only):Does your household own any of the following items.,int8,"0=No, 1=Yes",2,0,0,7456,0,0,,,,
q409_13,Tape / CD player:Does your household own any of the following items.,int8,"0=No, 1=Yes",2,0,0,7456,0,0,,,,
q409_14,Mobile phone:Does your household own any of the following items.,int8,"0=No, 1=Yes",2,0,0,7456,0,0,,,,
q409_15,Living room suite (chairs sofa:Does your household own any of the following item,int8,"0=No, 1=Yes",2,0,0,7456,0,0,,,,
q409_16,Bed:Does your household own any of the following items.,int8,"0=No, 1=Yes",2,0,0,7456,0,0,,,,
q409_17,Bicycle:Does your household own any of the following items.,int8,"0=No, 1=Yes",2,0,0,7456,0,0,,,,
q409_18,Motorized vehicle of any kind:Does your household own any of the following items,int8,"0=No, 1=Yes",2,0,0,7456,0,0,,,,
q409_19,Fishing boat / Canoe:Does your household own any of the following items.,int8,"0=No, 1=Yes",2,0,0,7456,0,0,,,,
q410,Do you have a household vegetable plot /garden?:,int8,"0=No, 1=Yes",2,0,0,7456,0,0,,,,
q411,Does your household own or manage any farm-animals?:,int8,"0=No, 1=Yes",2,0,0,7456,0,0,,,,
qa412_1,Chicken - Total owened,int8,,0,0,0,7456,0,0,,,,
qa412_2,Chicken - Total managed,int8,,0,0,0,7456,0,0,,,,
qb412_1,Ducks and other poultry - Total owened,int8,,0,0,0,7456,0,0,,,,
qb412_2,Ducks and other poultry - Total managed,int8,,0,0,0,7456,0,0,,,,
qc412_1,Goats - Total owened,int8,,0,0,0,7456,0,0,,,,
qc412_2,Goats - Total managed,int8,,0,0,0,7456,0,0,,,,
qd412_1,Sheep - Total owened,int8,,0,0,0,7456,0,0,,,,
qd412_2,Sheep - Total managed,int8,,0,0,0,7456,0,0,,,,
qe412_1,Pigs - Total owened,int8,,0,0,0,7456,0,0,,,,
qe412_2,Pigs - Total managed,int8,,0,0,0,7456,0,0,,,,
qf412_1,Cattle - Total owened,int8,,0,0,0,7456,0,0,,,,
qf412_2,Cattle - Total managed,int8,,0,0,0,7456,0,0,,,,
qg412_1,Rabbits - Total owened,int16,,0,0,0,7456,0,0,,,,
qg412_2,Rabbits - Total managed,int8,,0,0,0,7456,0,0,,,,
qh412_1,Other - Total owened,int8,,0,0,0,7456,0,0,,,,
qh412_2,Other - Total managed,int8,,0,0,0,7456,0,0,,,,
q501,How many crops does your HH cultivate?:,int8,,0,0,0,7456,0,0,,,,
q502,Is any member of your household a member of a farmer organization/cooperative?:,int8,"0=No, 1=Yes",2,0,0,7456,0,0,,,,
q1503_a_1,Main crop - Crop name,int8,"0=No other crop, 1=Wheat, 2=Maize, 3=Sorghum, 4=Rice …",30,0,0,7456,0,0,,,,
q1503_a_2,Main crop - Specify other crop,int8,,0,0,0,7441,0,0,,,,
q1503_a_3,Main crop - Crop seasonality,int8,"1=Annual crop, 2=Perennial",2,0,0,7456,0,0,,,,
q1503_b_1,Main crop - Did you cultivate this crop in season A2012,int8,"0=Not cultivated, 1=Cultivated",2,0,0,7456,0,0,,,,
q1503_b_2,Main crop - Did you cultivate this crop in season B2011,int8,"0=Not cultivated, 1=Cultivated",2,0,0,7456,0,0,,,,
q1503_b_3,Main crop - Did you cultivate this crop in season C2011,int8,"0=Not cultivated, 1=Cultivated",2,0,0,7456,0,0,,,,
q1503_c_1,Main crop - How long did your household have food stocks from this crop's harves,int8,"0=0 month, 1=1 month, 2=2 months, 3=3 months, 4=4 months …",15,0,0,7456,0,0,,,,
q1503_c_2,Main crop - How long did your household have food stocks from this crop's harves,int8,"1=1 month, 2=2 months, 3=3 months, 4=4 months, 5=5 months …",13,0,0,7456,0,0,,,,
q1503_c_3,Main crop - How long did your household have food stocks from this crop's harves,int8,"1=1 month, 2=2 months, 3=3 months, 4=4 months, 5=5 months …",13,0,0,7456,0,0,,,,
q1503_c_4,Main crop - How long did your household have food stocks from this crop's harves,int8,"1=1 month, 2=2 months, 3=3 months, 4=4 months, 5=5 months …",13,0,0,7456,0,0,,,,
q1503_d,Main crop - What % of your total land do you generally use for this crop?,int8,,0,0,0,7456,0,0,,,,
q1503_e,Main crop - What % of your production for this crop do you directly consume (inc,int8,,0,0,0,7456,0,0,,,,
q1503_f_1,Main crop - What % of your production for this crop do you sell,int8,,0,0,0,7456,0,0,,,,
q1503_f_2,"Main crop - What % of your production for this crop do you give a way? (gifts, a",int8,,0,0,0,7456,0,0,,,,
q1503_g,Main crop - Of this [major crop] approximately what percentage is lost/became sp,int8,,0,0,0,7456,0,0,,,,
q1503_h_1,Main crop - How do you normally acquire [major crop] seeds/planting material?,int8,"1=purchase, 2=exchange with farmers, 3=gift from relatives/family, 4=reserved from  previous harvest, 5=received from NGOs, Government …",6,0,0,7456,0,0,,,,
q1503_h_2,Main crop - Specify other,int8,,0,0,0,7185,0,0,,,,
q1503_i_1,Main crop - Whom did you sell the majority of this crop to?,int8,"1=purchaser in the field, 2=trader in the village market, 3=trader in the sector market, 4=trader in the district market, 5=individual consumer, family and relatives …",8,0,0,7454,0,0,,,,
q1503_i_2,Main crop - Specify other,int8,,0,0,0,7340,0,0,,,,
q2503_a_1,Second crop - Crop name,int8,"0=No other crop, 1=Wheat, 2=Maize, 3=Sorghum, 4=Rice …",30,0,0,7456,0,0,,,,
q2503_a_2,Second crop - Specify other crop,int8,,0,0,0,7422,0,0,,,,
q2503_a_3,Second crop - Crop seasonality,int8,"1=Annual crop, 2=Perennial",2,0,0,7455,0,0,,,,
q2503_b_1,Second crop - Did you cultivate this crop in season A2012,int8,"0=Not cultivated, 1=Cultivated",2,0,0,7455,0,0,,,,
q2503_b_2,Second crop - Did you cultivate this crop in season B2011,int8,"0=Not cultivated, 1=Cultivated",2,0,0,7456,0,0,,,,
q2503_b_3,Second crop - Did you cultivate this crop in season C2011,int8,"0=Not cultivated, 1=Cultivated",2,0,0,7456,0,0,,,,
q2503_c_1,Second crop - How long did your household have food stocks from this crop's harv,int8,"0=0 month, 1=1 month, 2=2 months, 3=3 months, 4=4 months …",15,0,0,7456,0,0,,,,
q2503_c_2,Second crop - How long did your household have food stocks from this crop's harv,int8,"1=1 month, 2=2 months, 3=3 months, 4=4 months, 5=5 months …",13,0,0,7456,0,0,,,,
q2503_c_3,Second crop - How long did your household have food stocks from this crop's harv,int8,"1=1 month, 2=2 months, 3=3 months, 4=4 months, 5=5 months …",13,0,0,7456,0,0,,,,
q2503_c_4,Second crop - How long did your household have food stocks from this crop's harv,int8,"1=1 month, 2=2 months, 3=3 months, 4=4 months, 5=5 months …",13,0,0,7456,0,0,,,,
q2503_d,Second crop - What % of your total land do you generally use for this crop?,int8,,0,0,0,7456,0,0,,,,
q2503_e,Second crop - What % of your production for this crop do you directly consume (i,int8,,0,0,0,7456,0,0,,,,
q2503_f_1,Second crop - What % of your production for this crop do you sell,int8,,0,0,0,7456,0,0,,,,
q2503_f_2,"Second crop - What % of your production for this crop do you give a way? (gifts,",int8,,0,0,0,7456,0,0,,,,
q2503_g,Second crop - Of this [major crop] approximately what percentage is lost/became,int8,,0,0,0,7456,0,0,,,,
q2503_h_1,Second crop - How do you normally acquire [major crop] seeds/planting material?,int8,"1=purchase, 2=exchange with farmers, 3=gift from relatives/family, 4=reserved from  previous harvest, 5=received from NGOs, Government …",6,0,0,7456,0,0,,,,
q2503_h_2,Second crop - Specify other,int8,,0,0,0,7155,0,0,,,,
q2503_i_1,Second crop - Whom did you sell the majority of this crop to?,int8,"1=purchaser in the field, 2=trader in the village market, 3=trader in the sector market, 4=trader in the district market, 5=individual consumer, family and relatives …",8,0,0,7454,0,0,,,,
q2503_i_2,Second crop - Specify other,int8,,0,0,0,7388,0,0,,,,
q3503_a_1,Third crop - Crop name,int8,"0=No other crop, 1=Wheat, 2=Maize, 3=Sorghum, 4=Rice …",30,0,0,7456,0,0,,,,
q3503_a_2,Third crop - Specify other crop,int8,,0,0,0,7426,0,0,,,,
q3503_a_3,Third crop - Crop seasonality,int8,"1=Annual crop, 2=Perennial",2,0,0,7456,0,0,,,,
q3503_b_1,Third crop - Did you cultivate this crop in season A2012,int8,"0=Not cultivated, 1=Cultivated",2,0,0,7456,0,0,,,,
q3503_b_2,Third crop - Did you cultivate this crop in season B2011,int8,"0=Not cultivated, 1=Cultivated",2,0,0,7456,0,0,,,,
q3503_b_3,Third crop - Did you cultivate this crop in season C2011,int8,"0=Not cultivated, 1=Cultivated",2,0,0,7456,0,0,,,,
q3503_c_1,Third crop - How long did your household have food stocks from this crop's harve,int8,"0=0 month, 1=1 month, 2=2 months, 3=3 months, 4=4 months …",15,0,0,7456,0,0,,,,
q3503_c_2,Third crop - How long did your household have food stocks from this crop's harve,int8,"1=1 month, 2=2 months, 3=3 months, 4=4 months, 5=5 months …",13,0,0,7456,0,0,,,,
q3503_c_3,Third crop - How long did your household have food stocks from this crop's harve,int8,"1=1 month, 2=2 months, 3=3 months, 4=4 months, 5=5 months …",13,0,0,7456,0,0,,,,
q3503_c_4,Third crop - How long did your household have food stocks from this crop's harve,int8,"1=1 month, 2=2 months, 3=3 months, 4=4 months, 5=5 months …",13,0,0,7456,0,0,,,,
q3503_d,Third crop - What % of your total land do you generally use for this crop?,int8,,0,0,0,7456,0,0,,,,
q3503_e,Third crop - What % of your production for this crop do you directly consume (in,int8,,0,0,0,7456,0,0,,,,
q3503_f_1,Third crop - What % of your production for this crop do you sell,int8,,0,0,0,7456,0,0,,,,
q3503_f_2,"Third crop - What % of your production for this crop do you give a way? (gifts,",int8,,0,0,0,7456,0,0,,,,
q3503_g,Third crop - Of this [major crop] approximately what percentage is lost/became s,int8,,0,0,0,7456,0,0,,,,
q3503_h_1,Third crop - How do you normally acquire [major crop] seeds/planting material?,int8,"1=purchase, 2=exchange with farmers, 3=gift from relatives/family, 4=reserved from  previous harvest, 5=received from NGOs, Government …",6,0,0,7456,0,0,,,,
q3503_h_2,Third crop - Specify other,int8,,0,0,0,7234,0,0,,,,
q3503_i_1,Third crop - Whom did you sell the majority of this crop to?,int8,"1=purchaser in the field, 2=trader in the village market, 3=trader in the sector market, 4=trader in the district market, 5=individual consumer, family and relatives …",8,0,0,7456,0,0,,,,
q3503_i_2,Third crop - Specify other,int8,,0,0,0,7416,0,0,,,,
q4503_a_1,Fourth crop - Crop name,int8,"0=No other crop, 1=Wheat, 2=Maize, 3=Sorghum, 4=Rice …",30,0,0,7456,0,0,,,,
q4503_a_2,Fourth crop - Specify other crop,int8,,0,0,0,7431,0,0,,,,
q4503_a_3,Fourth crop - Crop seasonality,int8,"1=Annual crop, 2=Perennial",2,0,0,7456,0,0,,,,
q4503_b_1,Fourth crop - Did you cultivate this crop in season A2012,int8,"0=Not cultivated, 1=Cultivated",2,0,0,7456,0,0,,,,
q4503_b_2,Fourth crop - Did you cultivate this crop in season B2011,int8,"0=Not cultivated, 1=Cultivated",2,0,0,7456,0,0,,,,
q4503_b_3,Fourth crop - Did you cultivate this crop in season C2011,int8,"0=Not cultivated, 1=Cultivated",2,0,0,7456,0,0,,,,
q4503_c_1,Fourth crop - How long did your household have food stocks from this crop's harv,int8,"0=0 month, 1=1 month, 2=2 months, 3=3 months, 4=4 months …",15,0,0,7456,0,0,,,,
q4503_c_2,Fourth crop - How long did your household have food stocks from this crop's harv,int8,"1=1 month, 2=2 months, 3=3 months, 4=4 months, 5=5 months …",13,0,0,7456,0,0,,,,
q4503_c_3,Fourth crop - How long did your household have food stocks from this crop's harv,int8,"1=1 month, 2=2 months, 3=3 months, 4=4 months, 5=5 months …",13,0,0,7456,0,0,,,,
q4503_c_4,Fourth crop - How long did your household have food stocks from this crop's harv,int8,"1=1 month, 2=2 months, 3=3 months, 4=4 months, 5=5 months …",13,0,0,7456,0,0,,,,
q4503_d,Fourth crop - What % of your total land do you generally use for this crop?,int8,,0,0,0,7456,0,0,,,,
q4503_e,Fourth crop - What % of your production for this crop do you directly consume (i,int8,,0,0,0,7456,0,0,,,,
q4503_f_1,Fourth crop - What % of your production for this crop do you sell,int8,,0,0,0,7456,0,0,,,,
q4503_f_2,"Fourth crop - What % of your production for this crop do you give a way? (gifts,",int8,,0,0,0,7456,0,0,,,,
q4503_g,Fourth crop - Of this [major crop] approximately what percentage is lost/became,int8,,0,0,0,7456,0,0,,,,
q4503_h_1,Fourth crop - How do you normally acquire [major crop] seeds/planting material?,int8,"1=purchase, 2=exchange with farmers, 3=gift from relatives/family, 4=reserved from  previous harvest, 5=received from NGOs, Government …",6,0,0,7456,0,0,,,,
q4503_h_2,Fourth crop - Specify other,int8,,0,0,0,7332,0,0,,,,
q4503_i_1,Fourth crop - Whom did you sell the majority of this crop to?,int8,"1=purchaser in the field, 2=trader in the village market, 3=trader in the sector market, 4=trader in the district market, 5=individual consumer, family and relatives …",8,0,0,7455,0,0,,,,
q4503_i_2,Fourth crop - Specify other,int8,,0,0,0,7438,0,0,,,,
q601_1,Household migrants,int8,"0=No, 1=Yes",2,0,0,7456,0,0,,,,
q601_2,How many?:,int8,,0,0,0,7456,0,0,,,,
q602,How much did this household receive from remittances in the last 12 months?:,int8,"1=0  to 10000 RWF, 2=10000  to  20000 RWF, 3=20000 to  50000 RWF, 4=>50000 RWF, 5=50,000 to 200,000 FRW …",7,0,0,7456,0,0,,,,
q701,Have you or any household member taken a loan in the in the last 12 months?:,int8,"0=No, 1=Yes",2,0,0,7456,0,0,,,,
q702_1,What was the main use of the largest loan taken in the last 12 months?:,int8,"1=Agricultural inputs, 2=Food purchases, 3=Construction other than house, 4=Health emergency, 5=Business investment …",12,0,0,7456,0,0,,,,
q702_2,Specify other:,int8,,0,0,0,7237,0,0,,,,
q703_1,What was the source of the largest loan?:,int8,"1=Family / friends in Rwanda, 2=Micro-finance Institution (Credit d'Epargne/NGO/Sacco), 3=Family / friends outside Rwanda, 4=Bank, 5=Shopkeeper /traders …",9,0,0,7453,0,0,,,,
q703_2,Specify other:,int8,,0,0,0,7361,0,0,,,,
q704,Household  total loan,int32,,0,0,0,7455,0,0,,,,
qa801_1,Cereals (grain or flour),int8,"0=No, 1=Yes, 99=Don't know",3,0,0,7456,0,0,,,,
qa801_2,Cereals (grain or flour) - If yes How much?:_,int32,,0,0,0,7456,0,0,,,,
qb801_1,Roots and Tubers (including flour),int8,"0=No, 1=Yes, 99=Don't know",3,0,0,7456,0,0,,,,
qb801_2,Roots and Tubers (including flour) - If yes How much?:_,int32,,0,0,0,7456,0,0,,,,
qc801_1,Bread,int8,"0=No, 1=Yes, 99=Don't know",3,0,0,7456,0,0,,,,
qc801_2,Bread - If yes How much?:_,int32,,0,0,0,7456,0,0,,,,
qd801_1,"Banana (cooking, and fruit)",int8,"0=No, 1=Yes, 99=Don't know",3,0,0,7456,0,0,,,,
qd801_2,"Banana (cooking, and fruit) - If yes How much?:_",int32,,0,0,0,7456,0,0,,,,
qe801_1,Meat/Poultry/Fish,int8,"0=No, 1=Yes, 99=Don't know",3,0,0,7456,0,0,,,,
qe801_2,Meat/Poultry/Fish - If yes How much?:_,int32,,0,0,0,7456,0,0,,,,
qf801_1,Milk  and other dairy,int8,"0=No, 1=Yes, 99=Don't know",3,0,0,7456,0,0,,,,
qf801_2,Milk  and other dairy - If yes How much?:_,int32,,0,0,0,7456,0,0,,,,
qg801_1,"Oil, fat, butter",int8,"0=No, 1=Yes, 99=Don't know",3,0,0,7456,0,0,,,,
qg801_2,"Oil, fat, butter - If yes How much?:_",int32,,0,0,0,7456,0,0,,,,
qh801_1,Fresh fruits,int8,"0=No, 1=Yes, 99=Don't know",3,0,0,7456,0,0,,,,
qh801_2,Fresh fruits - If yes How much?:_,int32,,0,0,0,7456,0,0,,,,
qi801_1,"Beans, peas and other pulses",int8,"0=No, 1=Yes, 99=Don't know",3,0,0,7456,0,0,,,,
qi801_2,"Beans, peas and other pulses - If yes How much?:_",int32,,0,0,0,7456,0,0,,,,
qj801_1,vegetables,int8,"0=No, 1=Yes, 99=Don't know",3,0,0,7456,0,0,,,,
qj801_2,vegetables - If yes How much?:_,int32,,0,0,0,7456,0,0,,,,
qk801_1,Groundnuts,int8,"0=No, 1=Yes, 99=Don't know",3,0,0,7456,0,0,,,,
qk801_2,Groundnuts - If yes How much?:_,int16,,0,0,0,7456,0,0,,,,
ql801_1,Sugar and sweet products,int8,"0=No, 1=Yes, 99=Don't know",3,0,0,7456,0,0,,,,
ql801_2,Sugar and sweet products - If yes How much?:_,int32,,0,0,0,7456,0,0,,,,
qm801_1,salt and spices,int8,"0=No, 1=Yes, 99=Don't know",3,0,0,7456,0,0,,,,
qm801_2,salt and spices - If yes How much?:_,int16,,0,0,0,7456,0,0,,,,
qn801_1,Drinking water,int8,"0=No, 1=Yes, 99=Don't know",3,0,0,7456,0,0,,,,
qn801_2,Drinking water - If yes How much?:_,int32,,0,0,0,7456,0,0,,,,
qo801_1,other non alcoholic beverages,int8,"0=No, 1=Yes, 99=Don't know",3,0,0,7456,0,0,,,,
qo801_2,other non alcoholic beverages - If yes How much?:_,int32,,0,0,0,7456,0,0,,,,
qp801_1,Meals and drinks taken outside the house,int8,"0=No, 1=Yes, 99=Don't know",3,0,0,7456,0,0,,,,
qp801_2,Meals and drinks taken outside the house - If yes How much?:_,int32,,0,0,0,7456,0,0,,,,
qq801_1,"Other, specify____________",int8,"0=No, 1=Yes, 99=Don't know",3,0,0,7456,0,0,,,,
qq801_2,"Other, specify____________ - If yes How much?:_",int32,,0,0,0,7456,0,0,,,,
qa802_1,Alcohol & Tobacco,int8,"0=No, 1=Yes, 99=Don't know",3,0,0,7456,0,0,,,,
qa802_2,"Alcohol & Tobacco - If yes, how much:_",int32,,0,0,0,7456,0,0,,,,
qb802_1,Soap and other personal hygiene items,int8,"0=No, 1=Yes, 99=Don't know",3,0,0,7456,0,0,,,,
qb802_2,"Soap and other personal hygiene items - If yes, how much:_",int32,,0,0,0,7456,0,0,,,,
qc802_1,Transport,int8,"0=No, 1=Yes, 99=Don't know",3,0,0,7456,0,0,,,,
qc802_2,"Transport - If yes, how much:_",int32,,0,0,0,7456,0,0,,,,
qd802_1,Lighting and cooking energy materials (eg: Firewood/,int8,"0=No, 1=Yes, 99=Don't know",3,0,0,7456,0,0,,,,
qd802_2,"Lighting and cooking energy materials (eg: Firewood/ - If yes, how much:_",int32,,0,0,0,7456,0,0,,,,
qe802_1,Waste disposal,int8,"0=No, 1=Yes, 99=Don't know",3,0,0,7456,0,0,,,,
qe802_2,"Waste disposal - If yes, how much:_",int16,,0,0,0,7456,0,0,,,,
qf802_1,Rent (house / land),int8,"0=No, 1=Yes, 99=Don't know",3,0,0,7456,0,0,,,,
qf802_2,"Rent (house / land) - If yes, how much:_",int32,,0,0,0,7456,0,0,,,,
qg802_1,Milling,int8,"0=No, 1=Yes, 99=Don't know",3,0,0,7456,0,0,,,,
qg802_2,"Milling - If yes, how much:_",int32,,0,0,0,7456,0,0,,,,
qh802_1,"Communication (mobile phone, me2u, internet…)",int8,"0=No, 1=Yes, 99=Don't know",3,0,0,7456,0,0,,,,
qh802_2,"Communication (mobile phone, me2u, internet…) - If yes, how much:_",int32,,0,0,0,7456,0,0,,,,
qi802_1,"Other, specify__________",int8,"0=No, 1=Yes, 99=Don't know",3,0,0,7456,0,0,,,,
qi802_2,"Other, specify__________ - If yes, how much:_",int32,,0,0,0,7456,0,0,,,,
qa803_1,"Medical expenses, health care",int8,"0=No, 1=Yes, 99=Don't know",3,0,0,7456,0,0,,,,
qa803_2,"Medical expenses, health care - If yes how much:_",int32,,0,0,0,7456,0,0,,,,
qb803_1,"Education, school fees, uniform, etc",int8,"0=No, 1=Yes, 99=Don't know",3,0,0,7456,0,0,,,,
qb803_2,"Education, school fees, uniform, etc - If yes how much:_",int32,,0,0,0,7456,0,0,,,,
qc803_1,"Clothing, shoes",int8,"0=No, 1=Yes, 99=Don't know",3,0,0,7456,0,0,,,,
qc803_2,"Clothing, shoes - If yes how much:_",int32,,0,0,0,7456,0,0,,,,
qd803_1,household furnishings and appliances,int8,"0=No, 1=Yes, 99=Don't know",3,0,0,7456,0,0,,,,
qd803_2,household furnishings and appliances - If yes how much:_,int32,,0,0,0,7456,0,0,,,,
qe803_1,"Construction, house repair",int8,"0=No, 1=Yes, 99=Don't know",3,0,0,7456,0,0,,,,
qe803_2,"Construction, house repair - If yes how much:_",int32,,0,0,0,7456,0,0,,,,
qf803_1,Agriculture and related expenses,int8,"0=No, 1=Yes, 99=Don't know",3,0,0,7456,0,0,,,,
qf803_2,Agriculture and related expenses - If yes how much:_,int32,,0,0,0,7456,0,0,,,,
qg803_1,Livestock and related expenditures,int8,"0=No, 1=Yes, 99=Don't know",3,0,0,7456,0,0,,,,
qg803_2,Livestock and related expenditures  If yes how much:_,int32,,0,0,0,7456,0,0,,,,
qh803_1,Hiring non-agricultural labour,int8,"0=No, 1=Yes, 99=Don't know",3,0,0,7456,0,0,,,,
qh803_2,Hiring non-agricultural labour - If yes how much:_,int32,,0,0,0,7456,0,0,,,,
qi803_1,Debts/mortgage/loan repayment,int8,"0=No, 1=Yes, 99=Don't know",3,0,0,7456,0,0,,,,
qi803_2,Debts/mortgage/loan repayment - If yes how much:_,int32,,0,0,0,7456,0,0,,,,
qj803_1,"Fines, taxes",int8,"0=No, 1=Yes, 99=Don't know",3,0,0,7456,0,0,,,,
qj803_2,"Fines, taxes - If yes how much:_",int32,,0,0,0,7456,0,0,,,,
qk803_1,Ceremonies,int8,"0=No, 1=Yes, 99=Don't know",3,0,0,7456,0,0,,,,
qk803_2,Ceremonies - If yes how much:_,int32,,0,0,0,7456,0,0,,,,
ql803_1,Gifts/donations,int8,"0=No, 1=Yes, 99=Don't know",3,0,0,7456,0,0,,,,
ql803_2,Gifts/donations - If yes how much:_,int32,,0,0,0,7456,0,0,,,,
qm803_1,Leisure,int8,"0=No, 1=Yes, 99=Don't know",3,0,0,7456,0,0,,,,
qm803_2,Leisure - If yes how much:_,int32,,0,0,0,7456,0,0,,,,
qn803_1,"Other, specify__________",int8,"0=No, 1=Yes, 99=Don't know",3,0,0,7456,0,0,,,,
qn803_2,"Other, specify__________ - If yes how much:_",int32,,0,0,0,7456,0,0,,,,
q901,Yesterday adults meals,int32,,0,0,0,7456,0,0,,,,
q902,Yesterday children meals,int32,,0,0,0,7456,0,0,,,,
q903,Is this unusual at this time of year?:,int8,"0=No, 1=Yes",2,0,0,7456,0,0,,,,
qa904_1,"Maize/Maize meal (e.g. Ugali, posho)",int8,,0,0,0,7451,0,0,,,,
qa904_2,"Maize/Maize meal (e.g. Ugali, posho) - Main source:_",int8,"1=Own production (crops, animals), 2=hunting, fishing, gathering, 3=exchange labour/items for food, 4=borrowed, 5=purchases …",7,0,0,5172,0,0,,,,
qb904_1,Sorghum,int8,,0,0,0,7451,0,0,,,,
qb904_2,Sorghum - Main source:_,int8,"1=Own production (crops, animals), 2=hunting, fishing, gathering, 3=exchange labour/items for food, 4=borrowed, 5=purchases …",7,0,0,2533,0,0,,,,
qc904_1,"Other cereals (Rice, wheat …)",int8,,0,0,0,7449,0,0,,,,
qc904_2,"Other cereals (Rice, wheat …) - Main source:_",int8,"1=Own production (crops, animals), 2=hunting, fishing, gathering, 3=exchange labour/items for food, 4=borrowed, 5=purchases …",7,0,0,2684,0,0,,,,
qd904_1,Cassava,int8,,0,0,0,7451,0,0,,,,
qd904_2,Cassava - Main source:_,int8,"1=Own production (crops, animals), 2=hunting, fishing, gathering, 3=exchange labour/items for food, 4=borrowed, 5=purchases …",7,0,0,4612,0,0,,,,
qe904_1,White sweet Potato,int8,,0,0,0,7451,0,0,,,,
qe904_2,White sweet Potato - Main source:_,int8,"1=Own production (crops, animals), 2=hunting, fishing, gathering, 3=exchange labour/items for food, 4=borrowed, 5=purchases …",7,0,0,5544,0,0,,,,
qf904_1,Other White Roots and tubers (potatoes…),int8,,0,0,0,7451,0,0,,,,
qf904_2,Other White Roots and tubers (potatoes…) - Main source:_,int8,"1=Own production (crops, animals), 2=hunting, fishing, gathering, 3=exchange labour/items for food, 4=borrowed, 5=purchases …",7,0,0,1883,0,0,,,,
qg904_1,Mandazi / Chapatti / Bread,int8,,0,0,0,7451,0,0,,,,
qg904_2,Mandazi / Chapatti / Bread - Main source:_,int8,"1=Own production (crops, animals), 2=hunting, fishing, gathering, 3=exchange labour/items for food, 4=borrowed, 5=purchases …",7,0,0,2378,0,0,,,,
qh904_1,"Carrot, orange sweet potato or other tubers that are orange inside",int8,,0,0,0,7451,0,0,,,,
qh904_2,"Carrot, orange sweet potato or other tubers that are orange inside - Main source",int8,"1=Own production (crops, animals), 2=hunting, fishing, gathering, 3=exchange labour/items for food, 4=borrowed, 5=purchases …",7,0,0,1431,0,0,,,,
qi904_1,Cooking banana,int8,,0,0,0,7451,0,0,,,,
qi904_2,Cooking banana - Main source:_,int8,"1=Own production (crops, animals), 2=hunting, fishing, gathering, 3=exchange labour/items for food, 4=borrowed, 5=purchases …",7,0,0,4601,0,0,,,,
qj904_1,"Beans, Peas and other pulses",int8,,0,0,0,7451,0,0,,,,
qj904_2,"Beans, Peas and other pulses - Main source:_",int8,"1=Own production (crops, animals), 2=hunting, fishing, gathering, 3=exchange labour/items for food, 4=borrowed, 5=purchases …",7,0,0,7208,0,0,,,,
qk904_1,Dark green leafy vegetables (eg. Cassava Leaves ?),int8,,0,0,0,7451,0,0,,,,
qk904_2,Dark green leafy vegetables - Main source:_,int8,"1=Own production (crops, animals), 2=hunting, fishing, gathering, 3=exchange labour/items for food, 4=borrowed, 5=purchases …",7,0,0,6607,0,0,,,,
ql904_1,"Pumpkin, squash and other orange vegetables",int8,,0,0,0,7451,0,0,,,,
ql904_2,"Pumpkin, squash and other orange vegetables - Main source:_",int8,"1=Own production (crops, animals), 2=hunting, fishing, gathering, 3=exchange labour/items for food, 4=borrowed, 5=purchases …",7,0,0,513,0,0,,,,
qm904_1,Other Vegetables,int8,,0,0,0,7451,0,0,,,,
qm904_2,Other Vegetables - Main source:_,int8,"1=Own production (crops, animals), 2=hunting, fishing, gathering, 3=exchange labour/items for food, 4=borrowed, 5=purchases …",7,0,0,2503,0,0,,,,
qn904_1,Ground nuts and seeds,int8,,0,0,0,7451,0,0,,,,
qn904_2,Ground nuts and seeds - Main source:_,int8,"1=Own production (crops, animals), 2=hunting, fishing, gathering, 3=exchange labour/items for food, 4=borrowed, 5=purchases …",7,0,0,4122,0,0,,,,
qo904_1,orange coloured fruits,int8,,0,0,0,7450,0,0,,,,
qo904_2,orange coloured fruits  - Main source:_,int8,"1=Own production (crops, animals), 2=hunting, fishing, gathering, 3=exchange labour/items for food, 4=borrowed, 5=purchases …",7,0,0,1832,0,0,,,,
qp904_1,Other Fresh fruits,int8,,0,0,0,7450,0,0,,,,
qp904_2,Other Fresh fruits - Main source:_,int8,"1=Own production (crops, animals), 2=hunting, fishing, gathering, 3=exchange labour/items for food, 4=borrowed, 5=purchases …",7,0,0,1150,0,0,,,,
qq904_1,Fish,int8,,0,0,0,7451,0,0,,,,
qq904_2,Fish - Main source:_,int8,"1=Own production (crops, animals), 2=hunting, fishing, gathering, 3=exchange labour/items for food, 4=borrowed, 5=purchases …",7,0,0,1528,0,0,,,,
qr904_1,Organ Meat,int8,,0,0,0,7451,0,0,,,,
qr904_2,Organ Meat - Main source:_,int8,"1=Own production (crops, animals), 2=hunting, fishing, gathering, 3=exchange labour/items for food, 4=borrowed, 5=purchases …",7,0,0,514,0,0,,,,
qs904_1,Flesh meat,int8,,0,0,0,7449,0,0,,,,
qs904_2,Flesh meat  - Main source:_,int8,"1=Own production (crops, animals), 2=hunting, fishing, gathering, 3=exchange labour/items for food, 4=borrowed, 5=purchases …",7,0,0,1374,0,0,,,,
qt904_1,Eggs,int8,,0,0,0,7451,0,0,,,,
qt904_2,Eggs - Main source:_,int8,"1=Own production (crops, animals), 2=hunting, fishing, gathering, 3=exchange labour/items for food, 4=borrowed, 5=purchases …",7,0,0,593,0,0,,,,
qu904_1,"Oil, fat, butter, ghee (including palm oil)",int8,,0,0,0,7449,0,0,,,,
qu904_2,"Oil, fat, butter, ghee (including palm oil) - Main source:_",int8,"1=Own production (crops, animals), 2=hunting, fishing, gathering, 3=exchange labour/items for food, 4=borrowed, 5=purchases …",7,0,0,6330,0,0,,,,
qv904_1,Sugar and sweets,int8,,0,0,0,7451,0,0,,,,
qv904_2,Sugar and sweets - Main source:_,int8,"1=Own production (crops, animals), 2=hunting, fishing, gathering, 3=exchange labour/items for food, 4=borrowed, 5=purchases …",7,0,0,3467,0,0,,,,
qw904_1,Milk and milk products,int8,,0,0,0,7451,0,0,,,,
qw904_2,Milk and milk products - Main source:_,int8,"1=Own production (crops, animals), 2=hunting, fishing, gathering, 3=exchange labour/items for food, 4=borrowed, 5=purchases …",7,0,0,2255,0,0,,,,
qx904_1,Condiments,int8,,0,0,0,7451,0,0,,,,
qx904_2,Condiments  - Main source:_,int8,"1=Own production (crops, animals), 2=hunting, fishing, gathering, 3=exchange labour/items for food, 4=borrowed, 5=purchases …",7,0,0,7270,0,0,,,,
q905,"What is your household prefered staple food (other than beans, soup)?",int8,,0,0,0,7451,0,0,,,,
qa906_1,Source of prefered food March2011,int8,"1=Own production, 2=Market, 3=Aid, 4=NA (not consumed)",4,0,0,7421,0,0,,,,
qa906_2,Source of Beans March2011,int8,"1=Own production, 2=Market, 3=Aid, 4=NA (not consumed)",4,0,0,7449,0,0,,,,
qb906_1,Source of prefered food April2011,int8,"1=Own production, 2=Market, 3=Aid, 4=NA (not consumed)",4,0,0,7422,0,0,,,,
qb906_2,Source of Beans April2011,int8,"1=Own production, 2=Market, 3=Aid, 4=NA (not consumed)",4,0,0,7450,0,0,,,,
qc906_1,Source of prefered food May2011,int8,"1=Own production, 2=Market, 3=Aid, 4=NA (not consumed)",4,0,0,7421,0,0,,,,
qc906_2,Source of Beans May2011,int8,"1=Own production, 2=Market, 3=Aid, 4=NA (not consumed)",4,0,0,7449,0,0,,,,
qd906_1,Source of prefered food June2011,int8,"1=Own production, 2=Market, 3=Aid, 4=NA (not consumed)",4,0,0,7423,0,0,,,,
qd906_2,Source of Beans June2011,int8,"1=Own production, 2=Market, 3=Aid, 4=NA (not consumed)",4,0,0,7451,0,0,,,,
qe906_1,Source of prefered food July2011,int8,"1=Own production, 2=Market, 3=Aid, 4=NA (not consumed)",4,0,0,7422,0,0,,,,
qe906_2,Source of Beans July2011,int8,"1=Own production, 2=Market, 3=Aid, 4=NA (not consumed)",4,0,0,7448,0,0,,,,
qf906_1,Source of prefered food August2011,int8,"1=Own production, 2=Market, 3=Aid, 4=NA (not consumed)",4,0,0,7422,0,0,,,,
qf906_2,Source of Beans August2011,int8,"1=Own production, 2=Market, 3=Aid, 4=NA (not consumed)",4,0,0,7450,0,0,,,,
qh906_1,Source of prefered food September2011,int8,"1=Own production, 2=Market, 3=Aid, 4=NA (not consumed)",4,0,0,7422,0,0,,,,
qh906_2,Source of Beans September2011,int8,"1=Own production, 2=Market, 3=Aid, 4=NA (not consumed)",4,0,0,7450,0,0,,,,
qi906_1,Source of prefered food October2011,int8,"1=Own production, 2=Market, 3=Aid, 4=NA (not consumed)",4,0,0,7422,0,0,,,,
qi906_2,Source of Beans October2011,int8,"1=Own production, 2=Market, 3=Aid, 4=NA (not consumed)",4,0,0,7450,0,0,,,,
qj906_1,Source of prefered food November2011,int8,"1=Own production, 2=Market, 3=Aid, 4=NA (not consumed)",4,0,0,7422,0,0,,,,
qj906_2,Source of Beans November2011,int8,"1=Own production, 2=Market, 3=Aid, 4=NA (not consumed)",4,0,0,7450,0,0,,,,
qk906_1,Source of prefered food December2011,int8,"1=Own production, 2=Market, 3=Aid, 4=NA (not consumed)",4,0,0,7422,0,0,,,,
qk906_2,Source of Beans December2011,int8,"1=Own production, 2=Market, 3=Aid, 4=NA (not consumed)",4,0,0,7450,0,0,,,,
ql906_1,Source of prefered food January2012,int8,"1=Own production, 2=Market, 3=Aid, 4=NA (not consumed)",4,0,0,7422,0,0,,,,
ql906_2,Source of Beans January2012,int8,"1=Own production, 2=Market, 3=Aid, 4=NA (not consumed)",4,0,0,7450,0,0,,,,
qm906_1,Source of prefered food February2012,int8,"1=Own production, 2=Market, 3=Aid, 4=NA (not consumed)",4,0,0,7422,0,0,,,,
qm906_2,Source of Beans February2012,int8,"1=Own production, 2=Market, 3=Aid, 4=NA (not consumed)",4,0,0,7450,0,0,,,,
q1001,"In the last 7 days, have there been times when your household did not have enoug",int8,"0=No, 1=Yes",2,0,0,7452,0,0,,,,
q1002_1,Rely on less preferred and less expensive foods,int8,,0,0,0,7452,0,0,,,,
q1002_2,"Borrow food, or rely on help from a friend or relative",int8,,0,0,0,7452,0,0,,,,
q1002_3,Limit portion size at mealtimes,int8,,0,0,0,7452,0,0,,,,
q1002_4,Restrict consumption by adults in order for small children to eat,int8,,0,0,0,7452,0,0,,,,
q1002_5,Reduce number of meals eaten in a day,int8,,0,0,0,7452,0,0,,,,
q1101,In the last 12 months were there any specific months in which your household fou,int8,"0=No, 1=Yes",2,0,0,7456,0,0,,,,
q1102_00,All months,int8,"0=No, 1=Yes",2,0,0,7456,0,0,,,,
q1102_01,Mar-11,int8,"0=No, 1=Yes",2,0,0,7456,0,0,,,,
q1102_02,Apr-11,int8,"0=No, 1=Yes",2,0,0,7456,0,0,,,,
q1102_03,May-11,int8,"0=No, 1=Yes",2,0,0,7456,0,0,,,,
q1102_04,Jun-11,int8,"0=No, 1=Yes",2,0,0,7456,0,0,,,,
q1102_05,Jul-11,int8,"0=No, 1=Yes",2,0,0,7456,0,0,,,,
q1102_06,Aug-11,int8,"0=No, 1=Yes",2,0,0,7456,0,0,,,,
q1102_07,Sep-11,int8,"0=No, 1=Yes",2,0,0,7456,0,0,,,,
q1102_08,Oct-11,int8,"0=No, 1=Yes",2,0,0,7456,0,0,,,,
q1102_09,Nov-11,int8,"0=No, 1=Yes",2,0,0,7456,0,0,,,,
q1102_10,Dec-11,int8,"0=No, 1=Yes",2,0,0,7456,0,0,,,,
q1102_11,Januray 2012,int8,"0=No, 1=Yes",2,0,0,7456,0,0,,,,
q1102_12,Feb-12,int8,"0=No, 1=Yes",2,0,0,7456,0,0,,,,
q1103,Was this situation usual for your household at that time of year?:,int8,"0=No unusual, 1=Yes, usual",2,0,0,7456,0,0,,,,
q1104_1,:Did you experience any unusual situation during the last 12?,int8,"0=No, 1=Yes",2,0,0,7456,0,0,,,,
q1104_2,How many shocks,int8,,0,0,0,7456,0,0,,,,
q1105_1_1,First shock,int8,"1=Drought/irregular rains, prolonged dry spell, 2=Floods, 3=Landslides and Mudslides, 4=Unusually high level of crop pests & disease, 5=Unusually high level of livestock diseases …",21,0,0,7456,0,0,,,,
q1105_1_2,Specify other shocks,string,,0,3671,6252,7456,6768,6891,,,,
q1105_2_1,Second shock,int8,"1=Drought/irregular rains, prolonged dry spell, 2=Floods, 3=Landslides and Mudslides, 4=Unusually high level of crop pests & disease, 5=Unusually high level of livestock diseases …",21,0,0,7454,0,0,,,,
q1105_2_2,Specify other,int8,,0,0,0,7391,0,0,,,,
q1105_3_1,Third shock,int8,"1=Drought/irregular rains, prolonged dry spell, 2=Floods, 3=Landslides and Mudslides, 4=Unusually high level of crop pests & disease, 5=Unusually high level of livestock diseases …",21,0,0,7453,0,0,,,,
q1105_3_2,Specify other,int8,,0,0,0,7453,0,0,,,,
q1105_4_1,Fourth shock,int8,"1=Drought/irregular rains, prolonged dry spell, 2=Floods, 3=Landslides and Mudslides, 4=Unusually high level of crop pests & disease, 5=Unusually high level of livestock diseases …",21,0,0,7456,0,0,,,,
q1105_4_2,Specify other,int8,,0,0,0,7454,0,0,,,,
qa1106_1,First shock - Reported shock:_,int8,"1=Drought/irregular rains, prolonged dry spell, 2=Floods, 3=Landslides and Mudslides, 4=Unusually high level of crop pests & disease, 5=Unusually high level of livestock diseases …",21,0,0,7456,0,0,,,,
qa1106_2,First shock - Specify other:_,int8,,0,0,0,7078,0,0,,,,
qa1106_3,First shock - Did [shock] create a decrease or loss of income in cash or in-kind,int8,"0=No, 1=Yes",2,0,0,7454,0,0,,,,
qa1106_4,First shock - Did [shock] create a decrease or loss of assets or belongings?:_,int8,"0=No, 1=Yes",2,0,0,7456,0,0,,,,
qa1106_5,First shock - Did [shock] create an unusual decrease in your household's ability,int8,"0=No, 1=Yes",2,0,0,7456,0,0,,,,
qa1106_6,First shock - What did the household do to compensate for those losses?:_,int8,"1=Have household members eat at relatives' or neighbours', 2=Reduce adult consumption so that children can eat, 3=Feed working members at the expense of non working members, 4=Reduce number of meals eaten per day, 5=Go entire day without eating …",18,0,0,7456,0,0,,,,
qa1106_7,First shock - Has the household recovered from those losses?:_,int8,"0=No, 1=Yes, 2=Partially",3,0,0,7456,0,0,,,,
qb1106_1,Second shock - Reported shock:_,int8,"1=Drought/irregular rains, prolonged dry spell, 2=Floods, 3=Landslides and Mudslides, 4=Unusually high level of crop pests & disease, 5=Unusually high level of livestock diseases …",21,0,0,7456,0,0,,,,
qb1106_2,Second shock - Specify other:_,int8,,0,0,0,7389,0,0,,,,
qb1106_3,Second shock - Did [shock] create a decrease or loss of income in cash or in-kin,int8,"0=No, 1=Yes",2,0,0,7453,0,0,,,,
qb1106_4,Second shock - Did [shock] create a decrease or loss of assets or belongings?:_,int8,"0=No, 1=Yes",2,0,0,7453,0,0,,,,
qb1106_5,Second shock - Did [shock] create an unusual decrease in your household's abilit,int8,"0=No, 1=Yes",2,0,0,7456,0,0,,,,
qb1106_6,Second shock - What did the household do to compensate for those losses?:_,int8,"1=Have household members eat at relatives' or neighbours', 2=Reduce adult consumption so that children can eat, 3=Feed working members at the expense of non working members, 4=Reduce number of meals eaten per day, 5=Go entire day without eating …",18,0,0,7456,0,0,,,,
qb1106_7,Second shock - Has the household recovered from those losses?:_,int8,"0=No, 1=Yes, 2=Partially",3,0,0,7456,0,0,,,,
q1201_1,Do you know what your household's UBUDEHE category is?:,int8,"0=No, 1=Yes",2,0,0,7456,0,0,,,,
q1201_2,If yes what is it?:,int8,"1=UMUTINDI NYAKUJYA (THOSE IN ABJECT POVERTY), 2=UMUTINDI (THE VERY POOR), 3=UMUKENE (THE POOR), 4=UMUKENE WIFASHIJE (THE RESOURCEFUL POOR), 5=UMUKUNGU (THE FOOD RICH) …",6,0,0,7456,0,0,,,,
q1202,Did your household or one (or more) of its members benefit from any in kind food,int8,"0=No, 1=Yes",2,0,0,7456,0,0,,,,
qa1203_1,Food for school children (eaten at school or take-home) - Was this aid provided?,int8,"0=No, 1=Yes",2,0,0,7456,0,0,,,,
qa1203_2_1,Food for school children (eaten at school or take-home) - Who provided it?:_,int8,"1=Government, 2=WFP, 3=Other UN agency, 4=NGO, 5=Church/Mosque …",9,0,0,7456,0,0,,,,
qa1203_2_2,Food for school children (eaten at school or take-home) - Specify other:_,int8,,0,0,0,7456,0,0,,,,
qb1203_1,Food for pregnant and breastfeeding women and small children (MCHN) - Was this a,int8,"0=No, 1=Yes",2,0,0,7456,0,0,,,,
qb1203_2_1,Food for pregnant and breastfeeding women and small children (MCHN) - Who provid,int8,"1=Government, 2=WFP, 3=Other UN agency, 4=NGO, 5=Church/Mosque …",9,0,0,7456,0,0,,,,
qb1203_2_2,Food for pregnant and breastfeeding women and small children (MCHN) - Specify ot,int8,,0,0,0,7454,0,0,,,,
qc1203_1,Food for work - Was this aid provided?:_,int8,"0=No, 1=Yes",2,0,0,7456,0,0,,,,
qc1203_2_1,Food for work - Who provided it?:_,int8,"1=Government, 2=WFP, 3=Other UN agency, 4=NGO, 5=Church/Mosque …",9,0,0,7456,0,0,,,,
qc1203_2_2,Food for work - Specify other:_,int8,,0,0,0,7456,0,0,,,,
qd1203_1,Food for training - Was this aid provided?:_,int8,"0=No, 1=Yes",2,0,0,7456,0,0,,,,
qd1203_2_1,Food for training - Who provided it?:_,int8,"1=Government, 2=WFP, 3=Other UN agency, 4=NGO, 5=Church/Mosque …",9,0,0,7456,0,0,,,,
qd1203_2_2,Food for training - Specify other:_,int8,,0,0,0,7456,0,0,,,,
qe1203_1,One cup of milk per child - Was this aid provided?:_,int8,"0=No, 1=Yes",2,0,0,7456,0,0,,,,
qe1203_2_1,One cup of milk per child - Who provided it?:_,int8,"1=Government, 2=WFP, 3=Other UN agency, 4=NGO, 5=Church/Mosque …",9,0,0,7456,0,0,,,,
qe1203_2_2,One cup of milk per child - Specify other:_,int8,,0,0,0,7456,0,0,,,,
qf1203_1,Free food distributions - Was this aid provided?:_,int8,"0=No, 1=Yes",2,0,0,7456,0,0,,,,
qf1203_2_1,Free food distributions - Who provided it?:_,int8,"1=Government, 2=WFP, 3=Other UN agency, 4=NGO, 5=Church/Mosque …",9,0,0,7456,0,0,,,,
qf1203_2_2,Free food distributions - Specify other:_,int8,,0,0,0,7454,0,0,,,,
qg1203_1,"Other food assistance programs, specify ___________________ - Was this aid provi",int8,"0=No, 1=Yes",2,0,0,7456,0,0,,,,
qg1203_2_1,"Other food assistance programs, specify ___________________ - Who provided it?:_",int8,"1=Government, 2=WFP, 3=Other UN agency, 4=NGO, 5=Church/Mosque …",9,0,0,7456,0,0,,,,
qg1203_2_2,"Other food assistance programs, specify ___________________ - Specify other:_",int8,,0,0,0,7450,0,0,,,,
q1204_1,Social security/caisse sociale,int8,"0=No, 1=Yes",2,0,0,7456,0,0,,,,
q1204_2,VUP direct support,int8,"0=No, 1=Yes",2,0,0,7456,0,0,,,,
q1204_3,VUP public works,int8,"0=No, 1=Yes",2,0,0,7456,0,0,,,,
q1204_4,VUP access to financial services,int8,"0=No, 1=Yes",2,0,0,7456,0,0,,,,
q1204_5,UBUDEHE credit scheme/loan (individual or group),int8,"0=No, 1=Yes",2,0,0,7456,0,0,,,,
q1205,Did your household or one (or more) of its members benefit from any other non-fo,int8,"0=No, 1=Yes",2,0,0,7456,0,0,,,,
qa1206_1,Access to credit/loans for agricultural/livestock related activities (including,int8,"0=No, 1=Yes",2,0,0,7456,0,0,,,,
qa1206_2_1,Access to credit/loans for agricultural/livestock related activities (including,int8,"1=Government, 2=WFP, 3=Other UN agency, 4=NGO, 5=Church/Mosque …",9,0,0,7456,0,0,,,,
qa1206_2_2,Access to credit/loans for agricultural/livestock related activities (including,int8,,0,0,0,7454,0,0,,,,
qb1206_1,Access to credit/loans for Other NON agricultural/livestock related activities (,int8,"0=No, 1=Yes",2,0,0,7456,0,0,,,,
qb1206_2_1,Access to credit/loans for Other NON agricultural/livestock related activities (,int8,"1=Government, 2=WFP, 3=Other UN agency, 4=NGO, 5=Church/Mosque …",9,0,0,7456,0,0,,,,
qb1206_2_2,Access to credit/loans for Other NON agricultural/livestock related activities (,int8,,0,0,0,7453,0,0,,,,
qc1206_1,"Agricultural input assistance (tools, seeds, fertilizer, etc.) - Was this assist",int8,"0=No, 1=Yes",2,0,0,7456,0,0,,,,
qc1206_2_1,"Agricultural input assistance (tools, seeds, fertilizer, etc.) - Who provided it",int8,"1=Government, 2=WFP, 3=Other UN agency, 4=NGO, 5=Church/Mosque …",9,0,0,7456,0,0,,,,
qc1206_2_2,"Agricultural input assistance (tools, seeds, fertilizer, etc.) - Specify other:_",int8,,0,0,0,7454,0,0,,,,
qd1206_1,Training and technical assistance in improved agricultural/livestock practices -,int8,"0=No, 1=Yes",2,0,0,7456,0,0,,,,
qd1206_2_1,Training and technical assistance in improved agricultural/livestock practices -,int8,"1=Government, 2=WFP, 3=Other UN agency, 4=NGO, 5=Church/Mosque …",9,0,0,7456,0,0,,,,
qd1206_2_2,Training and technical assistance in improved agricultural/livestock practices -,int8,,0,0,0,7453,0,0,,,,
qe1206_1,Large Livestock (eg. cow) - Was this assistance provided?:_,int8,"0=No, 1=Yes",2,0,0,7456,0,0,,,,
qe1206_2_1,Large Livestock (eg. cow) - Who provided it?:_,int8,"1=Government, 2=WFP, 3=Other UN agency, 4=NGO, 5=Church/Mosque …",9,0,0,7456,0,0,,,,
qe1206_2_2,Large Livestock (eg. cow) - Specify other:_,int8,,0,0,0,7441,0,0,,,,
qf1206_1,Small livestock (eg. chicken rabbits…) - Was this assistance provided?:_,int8,"0=No, 1=Yes",2,0,0,7456,0,0,,,,
qf1206_2_1,Small livestock (eg. chicken rabbits…) - Who provided it?:_,int8,"1=Government, 2=WFP, 3=Other UN agency, 4=NGO, 5=Church/Mosque …",9,0,0,7456,0,0,,,,
qf1206_2_2,Small livestock (eg. chicken rabbits…) - Specify other:_,int8,,0,0,0,7449,0,0,,,,
qg1206_1,Fish ponds - Was this assistance provided?:_,int8,"0=No, 1=Yes",2,0,0,7456,0,0,,,,
qg1206_2_1,Fish ponds - Who provided it?:_,int8,"1=Government, 2=WFP, 3=Other UN agency, 4=NGO, 5=Church/Mosque …",9,0,0,7456,0,0,,,,
qg1206_2_2,Fish ponds - Specify other:_,int8,,0,0,0,7456,0,0,,,,
qh1206_1,Veterinary services - Was this assistance provided?:_,int8,"0=No, 1=Yes",2,0,0,7456,0,0,,,,
qh1206_2_1,Veterinary services - Who provided it?:_,int8,"1=Government, 2=WFP, 3=Other UN agency, 4=NGO, 5=Church/Mosque …",9,0,0,7456,0,0,,,,
qh1206_2_2,Veterinary services - Specify other:_,int8,,0,0,0,7456,0,0,,,,
qi1206_1,For education (e.g. school materials) - Was this assistance provided?:_,int8,"0=No, 1=Yes",2,0,0,7456,0,0,,,,
qi1206_2_1,For education (e.g. school materials) - Who provided it?:_,int8,"1=Government, 2=WFP, 3=Other UN agency, 4=NGO, 5=Church/Mosque …",9,0,0,7456,0,0,,,,
qi1206_2_2,For education (e.g. school materials) - Specify other:_,int8,,0,0,0,7448,0,0,,,,
qj1206_1,Direct transfers (other than VUP) - Was this assistance provided?:_,int8,"0=No, 1=Yes",2,0,0,7456,0,0,,,,
qj1206_2_1,Direct transfers (other than VUP) - Who provided it?:_,int8,"1=Government, 2=WFP, 3=Other UN agency, 4=NGO, 5=Church/Mosque …",9,0,0,7456,0,0,,,,
qj1206_2_2,Direct transfers (other than VUP) - Specify other:_,int8,,0,0,0,7442,0,0,,,,
qk1206_1,medical services (including mutuelle sante) - Was this assistance provided?:_,int8,"0=No, 1=Yes",2,0,0,7456,0,0,,,,
qk1206_2_1,medical services (including mutuelle sante) - Who provided it?:_,int8,"1=Government, 2=WFP, 3=Other UN agency, 4=NGO, 5=Church/Mosque …",9,0,0,7456,0,0,,,,
qk1206_2_2,medical services (including mutuelle sante) - Specify other:_,int8,,0,0,0,7439,0,0,,,,
ql1206_1,Construction/building materials - Was this assistance provided?:_,int8,"0=No, 1=Yes",2,0,0,7456,0,0,,,,
ql1206_2_1,Construction/building materials - Who provided it?:_,int8,"1=Government, 2=WFP, 3=Other UN agency, 4=NGO, 5=Church/Mosque …",9,0,0,7456,0,0,,,,
ql1206_2_2,Construction/building materials - Specify other:_,int8,,0,0,0,7455,0,0,,,,
qm1206_1,Water and/or sanitation - Was this assistance provided?:_,int8,"0=No, 1=Yes",2,0,0,7456,0,0,,,,
qm1206_2_1,Water and/or sanitation - Who provided it?:_,int8,"1=Government, 2=WFP, 3=Other UN agency, 4=NGO, 5=Church/Mosque …",9,0,0,7456,0,0,,,,
qm1206_2_2,Water and/or sanitation - Specify other:_,int8,,0,0,0,7453,0,0,,,,
qn1206_1,"Other, specify _____________________ - Was this assistance provided?:_",int8,"0=No, 1=Yes",2,0,0,7456,0,0,,,,
qn1206_2_1,"Other, specify _____________________ - Who provided it?:_",int8,"1=Government, 2=WFP, 3=Other UN agency, 4=NGO, 5=Church/Mosque …",9,0,0,7456,0,0,,,,
qn1206_2_2,"Other, specify _____________________ - Specify other:_",int8,,0,0,0,7451,0,0,,,,
q1301_1,Where there women to be measured?,int8,"0=No, 1=Yes",2,0,0,7456,0,0,,,,
q1301_2,Where there children to be measured?,int8,"0=No, 1=Yes",2,0,0,7456,0,0,,,,
hh_size_computed,,int8,,0,0,0,7454,0,0,,,,
hh_sizecheck,,int8,,0,0,0,7454,0,0,,,,
hh_size,HH size (computed),int8,,0,0,0,7454,0,0,,,,
dependents,dependents in the HH,int8,,0,0,0,7454,0,0,,,,
independents,independents in the HH,int8,,0,0,0,7456,0,0,,,,
perc_dependents,% dependents in the HH,double,,0,0,0,7452,0,0,,,,
elderly_head,elderly headed HH,int8,"0=non elderly head, 1=elderly head",2,0,0,7456,0,0,,,,
males,males in the HH,int8,,0,0,0,7455,0,0,,,,
csi_reduced,CSI reduced,int8,,0,0,0,7452,0,0,,,,
starches,,int8,,0,0,0,7451,0,0,,,,
pulses,,int8,,0,0,0,7451,0,0,,,,
vegs,,int8,,0,0,0,7451,0,0,,,,
fruits,,int8,,0,0,0,7451,0,0,,,,
protein,,int8,,0,0,0,7451,0,0,,,,
oil,,int8,,0,0,0,7449,0,0,,,,
sugar,,int8,,0,0,0,7451,0,0,,,,
milk,,int8,,0,0,0,7451,0,0,,,,
fcs,Food Consumption Score,double,,0,0,0,7449,6768,0,,,,
females,females in the HH,int8,,0,0,0,7454,0,0,,,,
perc_females,% females in the HH,double,,0,0,0,7452,0,0,,,,
primarylast,Indicator of each last matching case as Primary,int8,"0=Duplicate Case, 1=Primary Case",2,0,0,7456,0,0,,,,
final_urban,,int8,"1=Urban, 2=Rural, 3=Semi/peri-urban",3,0,0,7456,0,0,,,,
n_w_wastin_muac,Women global wasting (NEW),int8,,0,0,0,7377,0,0,,,,
n_g_w_wastin_muac,,int8,,0,0,0,7377,0,0,,,,
fews_code,Fewsnet livelihood zones,int8,"0=Kigali City, 1=Lake Kivu Coffee Zone, 2=West Congo-Nile Crest Tea Zone, 3=Northwest Volcanic Irish Potato Zone, 4=East Congo-Nile Highland Subsistence Farming Zone …",13,0,0,7456,0,0,,,,
normalized_weight_women,Normalized weight,double,,0,0,0,0,6768,0,,,,
parent_key,,string,,0,3671,6252,7456,6768,6891,,,,
submissiondate,,double,,0,0,0,0,6768,0,,,,
s0_b_date,Interview date,double,,0,0,0,0,6768,0,,,,
bmic,Body mass index (grouped),int8,"1=Severe Thinness (< 16), 2=Moderate Thinness (16 - 17), 3=Mild Thinness (17 - 18.5), 4=Normal (18.5 - 25), 5=Overweight (25 - 30) …",8,0,0,0,6210,0,,,,
livezone,Livelihoodzone,int8,"0=Kigali city, 1=Lake Kivu Coffee Zone, 2=West Congo-Nile Crest Tea Zone, 3=Northwest Volcanic Irish Potato Zone, 4=East Congo-Nile Highland Subsistence Farming Zone …",13,0,0,0,6768,0,,,,
fs_final,Final CARI food security index,int8,"1=Food secure, 2=Marginally food secure, 3=Moderately food insecure, 4=Severely food insecure",4,0,0,0,6768,0,,,,
fcg,Food Consumption Group,int8,"1=Poor Consumption, 2=Borderline Consumption, 3=Acceptable Consumption",3,0,0,0,6768,0,,,,
wi,Wealth Index,double,,0,0,0,0,6768,0,,,,
wi_cat,Wealth Index groups,int8,,0,0,0,0,6768,0,,,,
csi,Reduced coping strategies index,int8,,0,0,0,0,6768,0,,,,
s13_01,How many women between 15 and 49 years old are present in this household?,int8,,0,0,0,0,6768,0,,,,
s14_01,How many children under 5 years old (6 - 59.98 months) are present in this house,int8,,0,0,0,0,6768,0,,,,
s13_02_2,How old are you?,int8,,0,0,0,0,6768,0,,,,
s13_02_3,Does the woman know how to read and write?,int8,"0= No, 1= Yes both read and write, 2= Yes (read only)",3,0,0,0,6768,0,,,,
s13_02_4,What is the level of education of the woman,int8,"1= No school, 2= Some/still primary, 3= Completed primary, 4= Vocational school, 5= Some/still secondary …",8,0,0,0,6768,0,,,,
s13_03,Have you ever been pregnant and gave birth at least once?,int8,"0=Never been pregnant, 1=Never gave birth but been pregnant, 2=Yes (was pregnant and gave brith), 88=Don't know",4,0,0,0,6768,0,,,,
s13_03_3,During the first 6 weeks that s/he was born (the child that you're currently bre,int8,"0=No, 1=Yes",2,0,0,0,1351,0,,,,
s13_03_4,Did you see anyone for antenatal care for this/the last pregnancy?,int8,"0=No, 1=Yes",2,0,0,0,4913,0,,,,
s13_03_5,Where did you receive antenatal care for this/the last pregnancy?,int8,"1=Public/confessional, 2=Private",2,0,0,0,4727,0,,,,
s13_03_6,How many months pregnant were you when you first received antenatal care for the,int8,,0,0,0,0,4727,0,,,,
s13_03_7,How many antenatal care visits did you attend during your last pregnancy?,int8,,0,0,0,0,4727,0,,,,
s13_03_8,"During your last pregnancy, have you taken iron supplements?",int8,"0=No, 1=Yes",2,0,0,0,4913,0,,,,
s13_03_9,For how long did you take iron pills  during your last pregnancy: (write the tim,int16,,0,0,0,0,2099,0,,,,
s13_04,Do you ever sleep in a mosquito net?,int8,"0=No, 1=Yes",2,0,0,0,6768,0,,,,
s13_04_2,How many nights a week or how many nights in the last week did you use mosquito,int8,,0,0,0,0,5533,0,,,,
s13_04_3,Have you ever been ill during the last two weeks?,int8,"0=No, 1=Yes",2,0,0,0,6768,0,,,,
s13_04_4,"Last 2 weeks when you were sick, did you consult any healthcare service?",int8,"0=No, 1=Yes",2,0,0,0,8,0,,,,
as13_05,Before preparing meals?,int8,"0=No, 1=Yes",2,0,0,0,6768,0,,,,
bs13_05,After cleaning a child from toilet?,int8,"0=No, 1=Yes",2,0,0,0,6768,0,,,,
cs13_05,Before eating?,int8,"0=No, 1=Yes",2,0,0,0,6768,0,,,,
ds13_05,Whenever their dirty?,int8,"0=No, 1=Yes",2,0,0,0,6768,0,,,,
es13_05,After visiting toilet?,int8,"0=No, 1=Yes",2,0,0,0,6768,0,,,,
s13_05_2,What do you use to wash your hands after visiting toilet or at any other time?,int8,"1=Water only, 2=Water and homemade soap, 3=Water and washing soap, 4=Other",4,0,0,0,6733,0,,,,
s13_06,Does the woman presen any disability the prevents her from being measured? If ye,int8,"0=No, 1=Yes, Affecting MUAC, 2=Yes, Affecting Weight and height",3,0,0,0,6755,0,,,,
bmi,Body mass index,double,,0,0,0,0,6220,0,,,,
s13_06_2,[name]'s MUAC in mm,int16,,0,0,0,0,6708,0,,,,
s13_06_3,[name]'s height in Cm,double,,0,0,0,0,6220,0,,,,
s13_06_4,[name]'s weight in Cm,double,,0,0,0,0,6222,0,,,,
s13_03_2,Are you currently pregnant or breastfeeding,int8,"1=Pregnant only, 2=Both (pregnant and lactating), 3=Lactating only, 4=Neither, 88=Don't know",5,0,0,0,4913,0,,,,
beans_nuts,"Any foods made from beans, peas, or lentils, nuts or seeds",int8,,0,0,0,0,6768,0,,,,
fruits_vegetables,Any other fruits or vegetables,int8,,0,0,0,0,6768,0,,,,
as13_07,Any starchy staple foods,int8,"0=No, 1=Yes, 88=Don't know",3,0,0,0,6767,0,,,,
ds13_07,Milk or other dairy products,int8,"0=No, 1=Yes, 88=Don't know",3,0,0,0,6768,0,,,,
es13_07,"Any flesh food such as fresh or dried fish, shellfish, or seafood, beef, pork, l",int8,"0=No, 1=Yes, 88=Don't know",3,0,0,0,6767,0,,,,
fs13_07,Eggs,int8,"0=No, 1=Yes, 88=Don't know",3,0,0,0,6768,0,,,,
gs13_07,Any dark green leafy vegetables,int8,"0=No, 1=Yes, 88=Don't know",3,0,0,0,6767,0,,,,
hs13_07,Orange fruits and vegetables,int8,"0=No, 1=Yes, 88=Don't know",3,0,0,0,6765,0,,,,
ks13_07,Super Cereal / CSB+,int8,"0=No, 1=Yes, 88=Don't know",3,0,0,0,6683,0,,,,
bs13_07,"Any foods made from beans, peas, or lentils",int8,"0=No, 1=Yes, 88=Don't know",3,0,0,0,6766,0,,,,
cs13_07,Any foods made from nuts or seeds,int8,"0=No, 1=Yes, 88=Don't know",3,0,0,0,6767,0,,,,
is13_07,Any other vegetables,int8,"0=No, 1=Yes, 88=Don't know",3,0,0,0,6768,0,,,,
js13_07,Any other fruits,int8,"0=No, 1=Yes, 88=Don't know",3,0,0,0,6767,0,,,,
muac_groups,,int8,"1=severely wasted, 2=wasted, 3=normal",3,0,0,0,6708,0,,,,
filter__,S13_03_2 = 1 or S13_03_2 =2 (FILTER),int8,"0=Not Selected, 1=Selected",2,0,0,0,4913,0,,filter___v2 (2012),,
wdds,,int8,,0,0,0,0,6768,0,,,,
stunted_women,,int8,"0=Non-stunted, 1=Stunted",2,0,0,0,6220,0,,,,
underweight_women,,int8,"0=Non-underweight, 1=Underweight",2,0,0,0,6222,0,,,,
nwdds,Percentile Group of WDDS,int8,,0,0,0,0,6768,0,,,,
s12_01_3,S12_01_3 Woman's age,int8,,0,0,0,0,0,6891,,,,
s12_01_4,S12_01_4 Woman's literacy level,int8,"0=No, 1=Yes (both read and write), 2=Yes (read only)",3,0,0,0,0,6891,,,,
s12_01_5,S12_01_5 Woman's education level,int8,"1=No school, 2=Some/still primary, 3=Completed primary, 4=Vocational school, 5=Some/still secondary …",9,0,0,0,0,6891,,,,
s12_02,S12_02 Is [WOMEN_NAME] currently present for interview?,int8,"0=No, 1=Yes",2,0,0,0,0,6891,,,,
s12_03,S12_03 Are you currently using any contraceptive methods?,int8,"0=No, 1=Yes",2,0,0,0,0,6891,,,,
s12_03_2,S12_03_2 Which method do you use?,int8,"1=Cervical mucus, 2=Beads, 3=Pills, 4=Condom, 5=Injectables …",10,0,0,0,0,3674,,,,
s12_03_3,S12_03_3 Specfy other methods,string,,0,3671,6252,7456,6768,6891,,,,
s12_04,S12_04 Have you ever been pregnant and gave birth at least once?,int8,"0=Never been pregnant, 1=Never gave birth but been pregnant, 2=Yes (was pregnant and gave brith), 88=Don't know",4,0,0,0,0,6891,,,,
s12_05,S12_05 Are you currently pregnant?,int8,"0=No, 1=Yes, 88=Don't know",3,0,0,0,0,5363,,,,
s12_05_0,S12_05_0 Are you currently breastfeeding?,int8,"0=No, 1=Yes",2,0,0,0,0,5363,,,,
s12_05_1,S12_05_1 Do you have a child growth card?,int8,"0=No, 1=Yes",2,0,0,0,0,1643,,,,
s12_05_1_1,"S12_05_1_1 If yes, Is the card filled with some information?",int8,"0=No, 1=Yes",2,0,0,0,0,281,,,,
s12_05_1_2,S12_05_1_2 Who is in charge of this scorecard?,int8,"1=Village leader, 2=Community health worker, 3=Friends of family, 21=Other",4,0,0,0,0,281,,,,
s12_05_1_2_0,S12_05_1_2_0 Other,string,,0,3671,6252,7456,6768,6891,,,,
s12_05_1_3,S12_05_1_3 Does having this form add anything to your child's growth?,int8,"1=Yes, 2=No, 3=No change, 4=Don't know",4,0,0,0,0,281,,,,
s12_05_2,S12_05_2 Are you enrolled in the shisha kibondo / mubyeyi program?,int8,"0=No, 1=Yes",2,0,0,0,0,2463,,,,
s12_06,"S12_06 During your last pregnancy, have you ever been visited by a community hea",int8,"0=No, 1=Yes",2,0,0,0,0,5363,,,,
s12_07,S12_07 During the first 6 weeks that s/he was born (the child that you're curren,int8,"0=No, 1=Yes",2,0,0,0,0,2463,,,,
s12_08,S12_08 Did you see anyone for antenatal care for this/the recent pregnancy?,int8,"0=No, 1=Yes",2,0,0,0,0,5363,,,,
s12_08_2,S12_08_2 Where did you receive antenatal care for this/the recent pregnancy?,string,,0,3671,6252,7456,6768,6891,,,,
s12_08_2_1,S12_08_2/Public health care provider (at health center or hospital),int8,,0,0,0,0,0,5225,,,,
s12_08_2_2,S12_08_2/Private health care provider (at health center or hospital),int8,,0,0,0,0,0,5225,,,,
s12_08_2_3,S12_08_2/Other (speficy),int8,,0,0,0,0,0,5225,,,,
s12_08_3,S12_08_3 How many months pregnant were you when you first received antenatal car,int8,,0,0,0,0,0,5225,,,,
s12_09,S12_09 How many antenatal care visits did you attend during your recent born pre,int8,,0,0,0,0,0,5222,,,,
s12_10,"S12_10 During your recent pregnancy, did you take any iron supplements?",int8,"0=No, 1=Yes",2,0,0,0,0,5363,,,,
s12_10_0,S12_10_0 Pregnant Women are usually given iron pills. Which are you enrolled to?,int8,"1=90 iron rich pills, 2=MMS",2,0,0,0,0,3651,,,,
s12_10_2,S12_10_2 How many of those did you take?,int8,"1=All of them (90 pills), 2=More than a half (50 - 75 pills), 3=About a half (35 - 45 pills), 4=Less than a half (<35 pills), 5=None",5,0,0,0,0,4143,,,,
s12_11,S12_11 Have you ever received any counselling or education on nutrition?,int8,"0=No, 1=Yes",2,0,0,0,0,6891,,,,
s12_11_2,S12_11_2 Who provided this counseling or education on nutrition?,string,,0,3671,6252,7456,6768,6891,,,,
s12_11_2_1,S12_11_2/Health care worker (CHW),int8,,0,0,0,0,0,3290,,,,
s12_11_2_2,S12_11_2/Heath facility worker,int8,,0,0,0,0,0,3290,,,,
s12_11_2_3,S12_11_2/NGO worker,int8,,0,0,0,0,0,3290,,,,
s12_11_2_4,S12_11_2/Mothers in the community,int8,,0,0,0,0,0,3290,,,,
s12_11_2_5,S12_11_2/Local authorities,int8,,0,0,0,0,0,3290,,,,
s12_11_2_6,"S12_11_2/Media (such as radio, tv, newspaper or drama",int8,,0,0,0,0,0,3290,,,,
s12_11_2_7,S12_11_2/Other channels,int8,,0,0,0,0,0,3290,,,,
s12_12,S12_12 Did you sleep under a mosquito net last night?,int8,"0=No, 1=Yes",2,0,0,0,0,6891,,,,
s12_14,S12_14 Tell me all the times you wash hands,string,,0,3671,6252,7456,6768,6891,,,,
s12_14_1,S12_14/Before preparing meals,int8,,0,0,0,0,0,6891,,,,
s12_14_2,S12_14/After cleaning a child from toilet,int8,,0,0,0,0,0,6891,,,,
s12_14_3,S12_14/Before eating,int8,,0,0,0,0,0,6891,,,,
s12_14_4,S12_14/Whenever their dirty,int8,,0,0,0,0,0,6891,,,,
s12_14_5,S12_14/After visiting toilet,int8,,0,0,0,0,0,6891,,,,
s12_14_6,S12_14/Other,int8,,0,0,0,0,0,6891,,,,
s12_14_88,S12_14/Never,int8,,0,0,0,0,0,6891,,,,
s12_14_20,"S12_14_2 The last time you washed your hands, what did you use?",int8,"1=Water only, 2=Water and homemade soap, 3=Water and washing soap, 4=Other",4,0,0,0,0,6872,,,,
s12_15,S12_15 Does the woman present any disability the prevents her from being measure,int8,"0=No, 1=Yes",2,0,0,0,0,6891,,,,
s12_16,S12_16 [name]'s MUAC in mm,int16,,0,0,0,0,0,6838,,,,
as12_17,"AS12_17 Foods made from grains (Porridge, bread, rice, pasta/noodles or other fo",int8,"0=No, 1=Yes",2,0,0,0,0,6891,,,,
bs12_17,"BS12_17 White roots and tubers and plantains (White potatoes, white yams, manioc",int8,"0=No, 1=Yes",2,0,0,0,0,6891,,,,
cs12_17,"CS12_17 Pulses (beans, peas and lentils) (Mature beans or peas (fresh or dried s",int8,"0=No, 1=Yes",2,0,0,0,0,6891,,,,
ds12_17,"DS12_17 Nuts and seeds (Any tree nut, groundnut/peanut or certain seeds, or nut/",int8,"0=No, 1=Yes",2,0,0,0,0,6891,,,,
es12_17,"ES12_17 Milk and milk products (Milk, cheese, yoghurt or other milk products but",int8,"0=No, 1=Yes",2,0,0,0,0,6891,,,,
gs12_17,"GS12_17 Organ meat (Liver, kidney, heart or other organ meats or blood-based foo",int8,"0=No, 1=Yes",2,0,0,0,0,6891,,,,
hs12_17,"HS12_17 Meat and poultry (Beef, pork, lamb, goat, rabbit, wild game meat, chicke",int8,"0=No, 1=Yes",2,0,0,0,0,6891,,,,
is12_17,"IS12_17 Fish and seafood (Fresh or dried fish, shellfish or seafood )",int8,"0=No, 1=Yes",2,0,0,0,0,6891,,,,
js12_17,JS12_17 Eggs (Eggs from poultry or any other bird ),int8,"0=No, 1=Yes",2,0,0,0,0,6891,,,,
ks12_17,KS12_17 Dark green leafy vegetables (List examples of any medium-to-dark green l,int8,"0=No, 1=Yes",2,0,0,0,0,6891,,,,
ls12_17,"LS12_17 Vitamin A-rich vegetables, roots and tubers (Pumpkin, carrots, squash or",int8,"0=No, 1=Yes",2,0,0,0,0,6891,,,,
ms12_17,"MS12_17 Vitamin A-rich fruits (Ripe mango, ripe papaya, Gauva, Watermelon)",int8,"0=No, 1=Yes",2,0,0,0,0,6891,,,,
ns12_17,NS12_17 Other vegetables (),int8,"0=No, 1=Yes",2,0,0,0,0,6891,,,,
os12_17,OS12_17 Other fruits (),int8,"0=No, 1=Yes",2,0,0,0,0,6891,,,,
ps12_17,PS12_17 Shisha Kibondo/ Mubyeyi,int8,"0=No, 1=Yes",2,0,0,0,0,6891,,,,
qs12_17,"QS12_17 Any fortified blended foods (Nootri-mama, Nootri family, Sosoma)",int8,"0=No, 1=Yes",2,0,0,0,0,6891,,,,
mddwless5,MDD-Women,int8,"1=<5 food groups, 2=5 food groups or more",2,0,0,0,0,6891,,,,
dup,,int8,,0,0,0,0,0,6891,,,,
